日期,收入预估~iPad
2024/12/31,54937
2024/12/30,54602
2024/12/29,54867
2024/12/28,54793
2024/12/27,54987
2024/12/26,54886
2024/12/25,54799
2024/12/24,55065
2024/12/23,55091
2024/12/22,54663
2024/12/21,54962
2024/12/20,54810
2024/12/19,54557
2024/12/18,54602
2024/12/17,54723
2024/12/16,55086
2024/12/15,54658
2024/12/14,54689
2024/12/13,54859
2024/12/12,55007
2024/12/11,55064
2024/12/10,54665
2024/12/9,54713
2024/12/8,54574
2024/12/7,54967
2024/12/6,54570
2024/12/5,55004
2024/12/4,54640
2024/12/3,54984
2024/12/2,54597
2024/12/1,55018
2024/11/30,54599
2024/11/29,54790
2024/11/28,54567
2024/11/27,54935
2024/11/26,55080
2024/11/25,54633
2024/11/24,54745
2024/11/23,54905
2024/11/22,55059
2024/11/21,55074
2024/11/20,55069
2024/11/19,54880
2024/11/18,55072
2024/11/17,55028
2024/11/16,54889
2024/11/15,54642
2024/11/14,55029
2024/11/13,18355
2024/11/12,23892
2024/11/11,23848
2024/11/10,23923
2024/11/9,23849
2024/11/8,23715
2024/11/7,23833
2024/11/6,21363
2024/11/5,20536
2024/11/4,23283
2024/11/3,19751
2024/11/2,17772
2024/11/1,17860
2024/10/31,20582
2024/10/30,23169
2024/10/29,22378
2024/10/28,35188
2024/10/27,29626
2024/10/26,24791
2024/10/25,22410
2024/10/24,34970
2024/10/23,45418
2024/10/22,32717
2024/10/21,55017
2024/10/20,113243
2024/10/19,35994
2024/10/18,53200
2024/10/17,20226
2024/10/16,23801
2024/10/15,23978
2024/10/14,29591
2024/10/13,32661
2024/10/12,31083
2024/10/11,40153
2024/10/10,31508
2024/10/9,27976
2024/10/8,22424
2024/10/7,25705
2024/10/6,23012
2024/10/5,25607
2024/10/4,31355
2024/10/3,31283
2024/10/2,25502
2024/10/1,35094
2024/9/30,34120
2024/9/29,30335
2024/9/28,35075
2024/9/27,50225
2024/9/26,14817
2024/9/25,17807
2024/9/24,22682
2024/9/23,22378
2024/9/22,21378
2024/9/21,21378
2024/9/20,18012
2024/9/19,19584
2024/9/18,25972
2024/9/17,32049
2024/9/16,32538
2024/9/15,28670
2024/9/14,23737
2024/9/13,28636
2024/9/12,16647
2024/9/11,18718
2024/9/10,27123
2024/9/9,21561
2024/9/8,20099
2024/9/7,17112
2024/9/6,18769
2024/9/5,23702
2024/9/4,23458
2024/9/3,31571
2024/9/2,28862
2024/9/1,31596
2024/8/31,33731
2024/8/30,44856
2024/8/29,35224
2024/8/28,42302
2024/8/27,44952
2024/8/26,53101
2024/8/25,32704
2024/8/24,53185
2024/8/23,35156
2024/8/22,32359
2024/8/21,28227
2024/8/20,34895
2024/8/19,32011
2024/8/18,31946
2024/8/17,31429
2024/8/16,32549
2024/8/15,29316
2024/8/14,30619
2024/8/13,33418
2024/8/12,34973
2024/8/11,32201
2024/8/10,54810
2024/8/9,55064
2024/8/8,36804
2024/8/7,53066
2024/8/6,116998
2024/8/5,117554
2024/8/4,117151
2024/8/3,120800
2024/8/2,22919
2024/8/1,23944
2024/7/31,30388
2024/7/30,32116
2024/7/29,32453
2024/7/28,35008
2024/7/27,44905
2024/7/26,45609
2024/7/25,20836
2024/7/24,32169
2024/7/23,29756
2024/7/22,35121
2024/7/21,35141
2024/7/20,44824
2024/7/19,54949
2024/7/18,25453
2024/7/17,27971
2024/7/16,27835
2024/7/15,23872
2024/7/14,24169
2024/7/13,24137
2024/7/12,23482
2024/7/11,19049
2024/7/10,33782
2024/7/9,29950
2024/7/8,44974
2024/7/7,44776
2024/7/6,54980
2024/7/5,101620
2024/7/4,34991
2024/7/3,44916
2024/7/2,44858
2024/7/1,54677
2024/6/30,54584
2024/6/29,48059
2024/6/28,108080
2024/6/27,22352
2024/6/26,23658
2024/6/25,25068
2024/6/24,32325
2024/6/23,33320
2024/6/22,28890
2024/6/21,30354
2024/6/20,22420
2024/6/19,27012
2024/6/18,24867
2024/6/17,31804
2024/6/16,32170
2024/6/15,43710
2024/6/14,35090
2024/6/13,31015
2024/6/12,33228
2024/6/11,31423
2024/6/10,28717
2024/6/9,30211
2024/6/8,29639
2024/6/7,38826
2024/6/6,29221
2024/6/5,25970
2024/6/4,28919
2024/6/3,31976
2024/6/2,33350
2024/6/1,27301
2024/5/31,28631
2024/5/30,21410
2024/5/29,23823
2024/5/28,24289
2024/5/27,43370
2024/5/26,33900
2024/5/25,44967
2024/5/24,35069
2024/5/23,25808
2024/5/22,23788
2024/5/21,25807
2024/5/20,44748
2024/5/19,45160
2024/5/18,33326
2024/5/17,32007
2024/5/16,24147
2024/5/15,23418
2024/5/14,26098
2024/5/13,23072
2024/5/12,23821
2024/5/11,33936
2024/5/10,31544
2024/5/9,31447
2024/5/8,28759
2024/5/7,31818
2024/5/6,32155
2024/5/5,24192
2024/5/4,33216
2024/5/3,24836
2024/5/2,30420
2024/5/1,22968
2024/4/30,22463
2024/4/29,22441
2024/4/28,34010
2024/4/27,33819
2024/4/26,34940
2024/4/25,29801
2024/4/24,44009
2024/4/23,30623
2024/4/22,35230
2024/4/21,33411
2024/4/20,29173
2024/4/19,45141
2024/4/18,44738
2024/4/17,45139
2024/4/16,54794
2024/4/15,71551
2024/4/14,47847
2024/4/13,74386
2024/4/12,93952
2024/4/11,24154
2024/4/10,35139
2024/4/9,32326
2024/4/8,33876
2024/4/7,33439
2024/4/6,36408
2024/4/5,38750
2024/4/4,74742
2024/4/3,29271
2024/4/2,45112
2024/4/1,45016
2024/3/31,35108
2024/3/30,74330
2024/3/29,74709
2024/3/28,19986
2024/3/27,26340
2024/3/26,23666
2024/3/25,27130
2024/3/24,22914
2024/3/23,23201
2024/3/22,30004
2024/3/21,21346
2024/3/20,25782
2024/3/19,31886
2024/3/18,29990
2024/3/17,45062
2024/3/16,35001
2024/3/15,23055
2024/3/14,23141
2024/3/13,24095
2024/3/12,28008
2024/3/11,25187
2024/3/10,27970
2024/3/9,21929
2024/3/8,21322
2024/3/7,20128
2024/3/6,18689
2024/3/5,24198
2024/3/4,27865
2024/3/3,27949
2024/3/2,20657
2024/3/1,23117
2024/2/29,23813
2024/2/28,27951
2024/2/27,34655
2024/2/26,29446
2024/2/25,44919
2024/2/24,55064
2024/2/23,47804
2024/2/22,20952
2024/2/21,23151
2024/2/20,20324
2024/2/19,19962
2024/2/18,20394
2024/2/17,19938
2024/2/16,23169
2024/2/15,23782
2024/2/14,20145
2024/2/13,25249
2024/2/12,25319
2024/2/11,24787
2024/2/10,22377
2024/2/9,22533
2024/2/8,23278
2024/2/7,15999
2024/2/6,18898
2024/2/5,19634
2024/2/4,19600
2024/2/3,21097
2024/2/2,21018
2024/2/1,13069
2024/1/31,14752
2024/1/30,16508
2024/1/29,17386
2024/1/28,17629
2024/1/27,17910
2024/1/26,19541
2024/1/25,15532
2024/1/24,14056
2024/1/23,14665
2024/1/22,14203
2024/1/21,14159
2024/1/20,19968
2024/1/19,14128
2024/1/18,14640
2024/1/17,15306
2024/1/16,17019
2024/1/15,17451
2024/1/14,17687
2024/1/13,17695
2024/1/12,17897
2024/1/11,13737
2024/1/10,10916
2024/1/9,15548
2024/1/8,16811
2024/1/7,34043
2024/1/6,34122
2024/1/5,17442
2024/1/4,21610
2024/1/3,21572
2024/1/2,21535
2024/1/1,24575
2023/12/31,25140
2023/12/30,23286
2023/12/29,27219
2023/12/28,26028
2023/12/27,8604
2023/12/26,8428
2023/12/25,8408
2023/12/24,11563
2023/12/23,9438
2023/12/22,7290
2023/12/21,8090
2023/12/20,6988
2023/12/19,8382
2023/12/18,11596
2023/12/17,13660
2023/12/16,13755
2023/12/15,12692
2023/12/14,18686
2023/12/13,14159
2023/12/12,15510
2023/12/11,16389
2023/12/10,16164
2023/12/9,13700
2023/12/8,12043
2023/12/7,11258
2023/12/6,11815
2023/12/5,13273
2023/12/4,14532
2023/12/3,15950
2023/12/2,15944
2023/12/1,12217
2023/11/30,15062
2023/11/29,16412
2023/11/28,17393
2023/11/27,19807
2023/11/26,25164
2023/11/25,33995
2023/11/24,33589
2023/11/23,43941
2023/11/22,7334
2023/11/21,8431
2023/11/20,9632
2023/11/19,11785
2023/11/18,11669
2023/11/17,9331
2023/11/16,9007
2023/11/15,5410
2023/11/14,5582
2023/11/13,6069
2023/11/12,8039
2023/11/11,6275
2023/11/10,5097
2023/11/9,5623
2023/11/8,8420
2023/11/7,8897
2023/11/6,12574
2023/11/5,15265
2023/11/4,16440
2023/11/3,17682
2023/11/2,19449
2023/11/1,9883
2023/10/31,9630
2023/10/30,12786
2023/10/29,13469
2023/10/28,11563
2023/10/27,9678
2023/10/26,8493
2023/10/25,11840
2023/10/24,11938
2023/10/23,12442
2023/10/22,14058
2023/10/21,13558
2023/10/20,14154
2023/10/19,14709
2023/10/18,9932
2023/10/17,15691
2023/10/16,17650
2023/10/15,17617
2023/10/14,18780
2023/10/13,17882
2023/10/12,20385
2023/10/11,7024
2023/10/10,7036
2023/10/9,7147
2023/10/8,11834
2023/10/7,11457
2023/10/6,13700
2023/10/5,12588
2023/10/4,12101
2023/10/3,11753
2023/10/2,14109
2023/10/1,14576
2023/9/30,16408
2023/9/29,17364
2023/9/28,17539
2023/9/27,6168
2023/9/26,7373
2023/9/25,8463
2023/9/24,9790
2023/9/23,10324
2023/9/22,8359
2023/9/21,9471
2023/9/20,7170
2023/9/19,8476
2023/9/18,8415
2023/9/17,11876
2023/9/16,9397
2023/9/15,6989
2023/9/14,7380
2023/9/13,9643
2023/9/12,10058
2023/9/11,12417
2023/9/10,14150
2023/9/9,13586
2023/9/8,12111
2023/9/7,11914
2023/9/6,9252
2023/9/5,12592
2023/9/4,15152
2023/9/3,17720
2023/9/2,17606
2023/9/1,19728
2023/8/31,27497
2023/8/30,18201
2023/8/29,17684
2023/8/28,17577
2023/8/27,18077
2023/8/26,17728
2023/8/25,19245
2023/8/24,17629
2023/8/23,17634
2023/8/22,18151
2023/8/21,21097
2023/8/20,18229
2023/8/19,16869
2023/8/18,18730
2023/8/17,25991
2023/8/16,17587
2023/8/15,17684
2023/8/14,17570
2023/8/13,17725
2023/8/12,17043
2023/8/11,17628
2023/8/10,18063
2023/8/9,20002
2023/8/8,21087
2023/8/7,22792
2023/8/6,26328
2023/8/5,35978
2023/8/4,35231
2023/8/3,44751
2023/8/2,14177
2023/8/1,15491
2023/7/31,17032
2023/7/30,16867
2023/7/29,16636
2023/7/28,17284
2023/7/27,19588
2023/7/26,17728
2023/7/25,17565
2023/7/24,17597
2023/7/23,17744
2023/7/22,17436
2023/7/21,17866
2023/7/20,23429
2023/7/19,14158
2023/7/18,14197
2023/7/17,14157
2023/7/16,14811
2023/7/15,14442
2023/7/14,17247
2023/7/13,23405
2023/7/12,15172
2023/7/11,13317
2023/7/10,13219
2023/7/9,13669
2023/7/8,11735
2023/7/7,12042
2023/7/6,11887
2023/7/5,14063
2023/7/4,15469
2023/7/3,16090
2023/7/2,14039
2023/7/1,15472
2023/6/30,18761
2023/6/29,25937
2023/6/28,17799
2023/6/27,16357
2023/6/26,16612
2023/6/25,17565
2023/6/24,18167
2023/6/23,17938
2023/6/22,22948
2023/6/21,28557
2023/6/20,17022
2023/6/19,14206
2023/6/18,14652
2023/6/17,12627
2023/6/16,12056
2023/6/15,12761
2023/6/14,13752
2023/6/13,14764
2023/6/12,16908
2023/6/11,16911
2023/6/10,17694
2023/6/9,14117
2023/6/8,13310
2023/6/7,21327
2023/6/6,22442
2023/6/5,21488
2023/6/4,22434
2023/6/3,23659
2023/6/2,27828
2023/6/1,25961
2023/5/31,27419
2023/5/30,7111
2023/5/29,9008
2023/5/28,11450
2023/5/27,8478
2023/5/26,7168
2023/5/25,7539
2023/5/24,6635
2023/5/23,7221
2023/5/22,9785
2023/5/21,11385
2023/5/20,11158
2023/5/19,6655
2023/5/18,8460
2023/5/17,12105
2023/5/16,11607
2023/5/15,13484
2023/5/14,17678
2023/5/13,18442
2023/5/12,21834
2023/5/11,19631
2023/5/10,9531
2023/5/9,10063
2023/5/8,11153
2023/5/7,14406
2023/5/6,11670
2023/5/5,9898
2023/5/4,11804
2023/5/3,12544
2023/5/2,12494
2023/5/1,11860
2023/4/30,15549
2023/4/29,14445
2023/4/28,13987
2023/4/27,18278
2023/4/26,8853
2023/4/25,12393
2023/4/24,13339
2023/4/23,17135
2023/4/22,20321
2023/4/21,21031
2023/4/20,23536
2023/4/19,1897
2023/4/18,1869
2023/4/17,1937
2023/4/16,19732
2023/4/15,15973
2023/4/14,13858
2023/4/13,17412
2023/4/12,21599
2023/4/11,21615
2023/4/10,31737
2023/4/9,31802
2023/4/8,31963
2023/4/7,31870
2023/4/6,31955
2023/4/5,31788
2023/4/4,31794
2023/4/3,31840
2023/4/2,32013
2023/4/1,31986
2023/3/31,31869
2023/3/30,21443
2023/3/29,35962
2023/3/28,36033
2023/3/27,31945
2023/3/26,41382
2023/3/25,22293
2023/3/24,31857
2023/3/23,17330
2023/3/22,8657
2023/3/21,10364
2023/3/20,31670
2023/3/19,11326
2023/3/18,10195
2023/3/17,10213
2023/3/16,10242
2023/3/15,10226
2023/3/14,12510
2023/3/13,17388
2023/3/12,17368
2023/3/11,17311
2023/3/10,12503
2023/3/9,12555
2023/3/8,12422
2023/3/7,21584
2023/3/6,31863
2023/3/5,31892
2023/3/4,31935
2023/3/3,31742
2023/3/2,31922
2023/3/1,31793
2023/2/28,31871
2023/2/27,31800
2023/2/26,31946
2023/2/25,21428
2023/2/24,17400
2023/2/23,21616
2023/2/22,21469
2023/2/21,21468
2023/2/20,32035
2023/2/19,31997
2023/2/18,17032
2023/2/17,17389
2023/2/16,21509
2023/2/15,21497
2023/2/14,31952
2023/2/13,32018
2023/2/12,31925
2023/2/11,31786
2023/2/10,31774
2023/2/9,31994
2023/2/8,50694
2023/2/7,50811
2023/2/6,50508
2023/2/5,50659
2023/2/4,50633
2023/2/3,50913
2023/2/2,31908
2023/2/1,31970
2023/1/31,31998
2023/1/30,36280
2023/1/29,36227
2023/1/28,21426
2023/1/27,21588
2023/1/26,24646
2023/1/25,24657
2023/1/24,24644
2023/1/23,24599
2023/1/22,24747
2023/1/21,21442
2023/1/20,14777
2023/1/19,32012
2023/1/18,21508
2023/1/17,17279
2023/1/16,21421
2023/1/15,21533
2023/1/14,31967
2023/1/13,41371
2023/1/12,22212
2023/1/11,17308
2023/1/10,13496
2023/1/9,24600
2023/1/8,24508
2023/1/7,17098
2023/1/6,41281
2023/1/5,21569
2023/1/4,13485
2023/1/3,17384
2023/1/2,17387
2023/1/1,21482
2022/12/31,23629
2022/12/30,32009
2022/12/29,12515
2022/12/28,7400
2022/12/27,7527
2022/12/26,7167
2022/12/25,8712
2022/12/24,7773
2022/12/23,7386
2022/12/22,5545
2022/12/21,9716
2022/12/20,7904
2022/12/19,9445
2022/12/18,7961
2022/12/17,8014
2022/12/16,10183
2022/12/15,10231
2022/12/14,10169
2022/12/13,10265
2022/12/12,12727
2022/12/11,12506
2022/12/10,10206
2022/12/9,9486
2022/12/8,15499
2022/12/7,17437
2022/12/6,17281
2022/12/5,17410
2022/12/4,15478
2022/12/3,35954
2022/12/2,31858
2022/12/1,20292
2022/11/30,17430
2022/11/29,17410
2022/11/28,17289
2022/11/27,17298
2022/11/26,17280
2022/11/25,17391
2022/11/24,17312
2022/11/23,21547
2022/11/22,31852
2022/11/21,31948
2022/11/20,41447
2022/11/19,41150
2022/11/18,50665
2022/11/17,12358
2022/11/16,8019
2022/11/15,9582
2022/11/14,12294
2022/11/13,12299
2022/11/12,13792
2022/11/11,8658
2022/11/10,17042
2022/11/9,16965
2022/11/8,31891
2022/11/7,31850
2022/11/6,41284
2022/11/5,41473
2022/11/4,41302
2022/11/3,17340
2022/11/2,10242
2022/11/1,10220
2022/10/31,12519
2022/10/30,14663
2022/10/29,0
2022/10/28,11408
2022/10/27,12462
2022/10/26,10567
2022/10/25,14411
2022/10/24,12697
2022/10/23,14515
2022/10/22,10438
2022/10/21,17957
2022/10/20,6365
2022/10/19,8626
2022/10/18,10169
2022/10/17,12520
2022/10/16,12565
2022/10/15,10245
2022/10/14,8781
2022/10/13,10256
2022/10/12,10263
2022/10/11,10245
2022/10/10,10174
2022/10/9,10245
2022/10/8,10187
2022/10/7,11024
2022/10/6,10191
2022/10/5,14939
2022/10/4,31763
2022/10/3,14962
2022/10/2,33997
2022/10/1,34118
2022/9/30,17342
2022/9/29,12503
2022/9/28,31693
2022/9/27,17326
2022/9/26,17294
2022/9/25,21459
2022/9/24,21529
2022/9/23,31937
2022/9/22,17304
2022/9/21,19379
2022/9/20,17433
2022/9/19,14791
2022/9/18,17287
2022/9/17,9898
2022/9/16,9507
2022/9/15,10220
2022/9/14,12609
2022/9/13,14845
2022/9/12,14873
2022/9/11,33910
2022/9/10,17377
2022/9/9,17298
2022/9/8,17306
2022/9/7,12562
2022/9/6,17436
2022/9/5,17397
2022/9/4,17377
2022/9/3,12537
2022/9/2,31767
2022/9/1,17289
2022/8/31,31983
2022/8/30,31740
2022/8/29,32006
2022/8/28,41100
2022/8/27,32047
2022/8/26,33971
2022/8/25,31957
2022/8/24,14948
2022/8/23,14960
2022/8/22,17297
2022/8/21,14112
2022/8/20,17329
2022/8/19,17441
2022/8/18,13384
2022/8/17,17381
2022/8/16,21592
2022/8/15,16935
2022/8/14,17287
2022/8/13,17417
2022/8/12,26820
2022/8/11,21006
2022/8/10,21588
2022/8/9,31846
2022/8/8,31994
2022/8/7,31989
2022/8/6,31911
2022/8/5,31744
2022/8/4,21435
2022/8/3,17409
2022/8/2,21533
2022/8/1,31818
2022/7/31,31953
2022/7/30,31884
2022/7/29,50644
2022/7/28,31961
2022/7/27,21604
2022/7/26,15789
2022/7/25,15808
2022/7/24,21449
2022/7/23,17378
2022/7/22,17297
2022/7/21,26760
2022/7/20,21595
2022/7/19,19464
2022/7/18,36176
2022/7/17,21424
2022/7/16,19258
2022/7/15,21452
2022/7/14,25653
2022/7/13,36077
2022/7/12,21498
2022/7/11,21563
2022/7/10,36282
2022/7/9,31750
2022/7/8,41324
2022/7/7,50946
2022/7/6,31975
2022/7/5,21425
2022/7/4,21582
2022/7/3,31874
2022/7/2,31755
2022/7/1,31762
2022/6/30,15032
2022/6/29,12577
2022/6/28,17429
2022/6/27,17318
2022/6/26,17295
2022/6/25,12597
2022/6/24,10189
2022/6/23,12530
2022/6/22,12504
2022/6/21,12594
2022/6/20,17313
2022/6/19,17436
2022/6/18,12583
2022/6/17,12492
2022/6/16,12498
2022/6/15,12537
2022/6/14,12501
2022/6/13,15378
2022/6/12,15392
2022/6/11,15478
2022/6/10,17302
2022/6/9,21600
2022/6/8,26773
2022/6/7,26774
2022/6/6,26664
2022/6/5,41246
2022/6/4,50677
2022/6/3,50504
2022/6/2,31884
2022/6/1,17449
2022/5/31,17343
2022/5/30,17337
2022/5/29,17432
2022/5/28,17411
2022/5/27,17407
2022/5/26,17322
2022/5/25,12559
2022/5/24,17409
2022/5/23,21621
2022/5/22,21420
2022/5/21,36098
2022/5/20,17021
2022/5/19,12128
2022/5/18,12486
2022/5/17,12905
2022/5/16,14800
2022/5/15,15273
2022/5/14,12967
2022/5/13,12518
2022/5/12,24567
2022/5/11,17421
2022/5/10,17289
2022/5/9,21483
2022/5/8,21576
2022/5/7,21607
2022/5/6,21468
2022/5/5,21575
2022/5/4,20708
2022/5/3,20650
2022/5/2,20807
2022/5/1,22157
2022/4/30,31956
2022/4/29,31875
2022/4/28,36032
2022/4/27,14955
2022/4/26,17450
2022/4/25,17347
2022/4/24,21520
2022/4/23,17295
2022/4/22,17308
2022/4/21,21592
2022/4/20,21577
2022/4/19,19973
2022/4/18,20355
2022/4/17,41199
2022/4/16,41164
2022/4/15,41216
2022/4/14,20389
2022/4/13,20276
2022/4/12,22137
2022/4/11,31779
2022/4/10,31931
2022/4/9,31873
2022/4/8,51951
2022/4/7,21414
2022/4/6,17400
2022/4/5,21606
2022/4/4,21597
2022/4/3,16308
2022/4/2,26620
2022/4/1,26715
2022/3/31,12575
2022/3/30,7330
2022/3/29,7274
2022/3/28,7943
2022/3/27,9451
2022/3/26,7054
2022/3/25,6782
2022/3/24,8743
2022/3/23,8221
2022/3/22,8295
2022/3/21,10224
2022/3/20,8745
2022/3/19,8496
2022/3/18,8246
2022/3/17,6754
2022/3/16,8629
2022/3/15,8632
2022/3/14,12529
2022/3/13,34002
2022/3/12,12118
2022/3/11,12528
2022/3/10,8830
2022/3/9,7743
2022/3/8,9540
2022/3/7,12488
2022/3/6,15468
2022/3/5,15411
2022/3/4,11434
2022/3/3,8195
2022/3/2,8210
2022/3/1,8739
2022/2/28,10177
2022/2/27,10264
2022/2/26,8650
2022/2/25,8157
2022/2/24,8761
2022/2/23,10192
2022/2/22,10184
2022/2/21,12554
2022/2/20,17315
2022/2/19,17423
2022/2/18,17451
2022/2/17,17321
2022/2/16,12580
2022/2/15,17353
2022/2/14,14342
2022/2/13,11492
2022/2/12,16813
2022/2/11,17000
2022/2/10,17299
2022/2/9,17432
2022/2/8,17446
2022/2/7,17426
2022/2/6,17320
2022/2/5,17397
2022/2/4,21557
2022/2/3,21469
2022/2/2,21569
2022/2/1,21445
2022/1/31,17431
2022/1/30,14158
2022/1/29,24657
2022/1/28,17342
2022/1/27,12526
2022/1/26,8740
2022/1/25,12530
2022/1/24,17395
2022/1/23,26613
2022/1/22,36124
2022/1/21,41197
2022/1/20,5440
2022/1/19,8038
2022/1/18,7148
2022/1/17,10937
2022/1/16,8704
2022/1/15,7702
2022/1/14,21069
2022/1/13,10209
2022/1/12,8638
2022/1/11,9477
2022/1/10,9522
2022/1/9,9629
2022/1/8,9495
2022/1/7,7757
2022/1/6,5262
2022/1/5,7384
2022/1/4,8479
2022/1/3,11444
2022/1/2,11527
2022/1/1,11497
2021/12/31,17236
2021/12/30,5220
2021/12/29,6922
2021/12/28,8617
2021/12/27,12530
2021/12/26,12529
2021/12/25,10171
2021/12/24,12592
2021/12/23,4156
2021/12/22,2977
2021/12/21,3665
2021/12/20,5308
2021/12/19,4843
2021/12/18,4702
2021/12/17,4135
2021/12/16,4720
2021/12/15,6776
2021/12/14,7192
2021/12/13,7361
2021/12/12,6848
2021/12/11,4895
2021/12/10,3698
2021/12/9,3002
2021/12/8,5431
2021/12/7,5328
2021/12/6,7669
2021/12/5,8004
2021/12/4,9416
2021/12/3,8711
2021/12/2,6466
2021/12/1,5008
2021/11/30,7773
2021/11/29,10229
2021/11/28,10179
2021/11/27,6214
2021/11/26,8572
2021/11/25,7787
2021/11/24,9403
2021/11/23,10176
2021/11/22,12511
2021/11/21,17323
2021/11/20,12558
2021/11/19,12582
2021/11/18,10221
2021/11/17,10215
2021/11/16,12508
2021/11/15,17283
2021/11/14,26599
2021/11/13,19509
2021/11/12,26801
2021/11/11,7338
2021/11/10,6392
2021/11/9,4118
2021/11/8,7336
2021/11/7,6796
2021/11/6,4725
2021/11/5,3025
2021/11/4,3135
2021/11/3,3325
2021/11/2,3659
2021/11/1,9879
2021/10/31,7302
2021/10/30,4276
2021/10/29,3871
2021/10/28,3524
2021/10/27,6964
2021/10/26,7310
2021/10/25,7726
2021/10/24,7488
2021/10/23,10569
2021/10/22,4897
2021/10/21,4366
2021/10/20,4582
2021/10/19,4399
2021/10/18,7819
2021/10/17,8978
2021/10/16,8639
2021/10/15,10256
2021/10/14,4802
2021/10/13,5353
2021/10/12,5425
2021/10/11,7281
2021/10/10,8467
2021/10/9,6361
2021/10/8,7310
2021/10/7,7365
2021/10/6,7338
2021/10/5,7277
2021/10/4,7307
2021/10/3,7326
2021/10/2,7375
2021/10/1,14916
2021/9/30,5358
2021/9/29,6864
2021/9/28,9132
2021/9/27,10174
2021/9/26,12552
2021/9/25,14913
2021/9/24,5466
2021/9/23,7407
2021/9/22,8413
2021/9/21,8457
2021/9/20,7769
2021/9/19,13989
2021/9/18,5428
2021/9/17,5388
2021/9/16,6785
2021/9/15,6314
2021/9/14,7377
2021/9/13,7283
2021/9/12,6049
2021/9/11,5072
2021/9/10,5150
2021/9/9,5114
2021/9/8,7372
2021/9/7,7504
2021/9/6,7975
2021/9/5,9690
2021/9/4,7411
2021/9/3,6542
2021/9/2,7944
2021/9/1,10267
2021/8/31,9370
2021/8/30,9570
2021/8/29,15463
2021/8/28,15495
2021/8/27,19361
2021/8/26,17379
2021/8/25,12335
2021/8/24,12593
2021/8/23,17305
2021/8/22,24634
2021/8/21,16748
2021/8/20,27758
2021/8/19,7795
2021/8/18,7871
2021/8/17,8162
2021/8/16,15043
2021/8/15,7962
2021/8/14,8457
2021/8/13,12584
2021/8/12,9999
2021/8/11,11688
2021/8/10,11275
2021/8/9,12280
2021/8/8,15413
2021/8/7,16741
2021/8/6,31789
2021/8/5,7455
2021/8/4,7366
2021/8/3,7304
2021/8/2,8429
2021/8/1,8451
2021/7/31,8344
2021/7/30,8332
2021/7/29,8005
2021/7/28,12438
2021/7/27,7901
2021/7/26,9463
2021/7/25,9530
2021/7/24,6719
2021/7/23,8993
2021/7/22,12096
2021/7/21,10815
2021/7/20,9446
2021/7/19,17308
2021/7/18,17353
2021/7/17,17379
2021/7/16,21521
2021/7/15,12574
2021/7/14,9584
2021/7/13,7843
2021/7/12,7909
2021/7/11,6882
2021/7/10,6355
2021/7/9,8392
2021/7/8,7895
2021/7/7,8202
2021/7/6,9006
2021/7/5,9584
2021/7/4,9659
2021/7/3,8755
2021/7/2,9566
2021/7/1,17392
2021/6/30,5517
2021/6/29,9820
2021/6/28,9598
2021/6/27,10183
2021/6/26,8381
2021/6/25,10926
2021/6/24,9510
2021/6/23,7899
2021/6/22,9571
2021/6/21,12358
2021/6/20,17355
2021/6/19,21438
2021/6/18,21459
2021/6/17,5905
2021/6/16,5416
2021/6/15,5335
2021/6/14,5385
2021/6/13,5578
2021/6/12,4184
2021/6/11,3469
2021/6/10,4214
2021/6/9,5347
2021/6/8,5358
2021/6/7,7147
2021/6/6,6191
2021/6/5,7324
2021/6/4,6522
2021/6/3,6772
2021/6/2,9452
2021/6/1,10894
2021/5/31,8939
2021/5/30,12332
2021/5/29,14329
2021/5/28,24565
2021/5/27,3087
2021/5/26,3668
2021/5/25,4569
2021/5/24,5426
2021/5/23,4539
2021/5/22,3639
2021/5/21,3190
2021/5/20,6631
2021/5/19,4430
2021/5/18,7280
2021/5/17,8253
2021/5/16,9456
2021/5/15,16571
2021/5/14,7806
2021/5/13,9578
2021/5/12,10910
2021/5/11,11070
2021/5/10,24539
2021/5/9,28267
2021/5/8,8100
2021/5/7,7329
2021/5/6,9545
2021/5/5,10830
2021/5/4,6450
2021/5/3,8454
2021/5/2,10881
2021/5/1,13837
2021/4/30,11687
2021/4/29,12328
2021/4/28,10823
2021/4/27,9154
2021/4/26,10216
2021/4/25,10185
2021/4/24,10239
2021/4/23,8786
2021/4/22,8681
2021/4/21,15940
2021/4/20,12486
2021/4/19,17314
2021/4/18,17114
2021/4/17,17323
2021/4/16,12534
2021/4/15,12589
2021/4/14,17344
2021/4/13,19416
2021/4/12,26824
2021/4/11,24760
2021/4/10,21584
2021/4/9,36113
2021/4/8,17332
2021/4/7,17375
2021/4/6,21466
2021/4/5,24684
2021/4/4,31862
2021/4/3,31857
2021/4/2,21432
2021/4/1,5268
2021/3/31,5542
2021/3/30,6077
2021/3/29,7320
2021/3/28,8390
2021/3/27,5831
2021/3/26,4737
2021/3/25,4612
2021/3/24,7330
2021/3/23,8341
2021/3/22,11051
2021/3/21,17898
2021/3/20,9539
2021/3/19,12601
2021/3/18,10240
2021/3/17,10229
2021/3/16,12566
2021/3/15,19469
2021/3/14,19368
2021/3/13,14858
2021/3/12,12569
2021/3/11,9580
2021/3/10,7383
2021/3/9,16570
2021/3/8,11541
2021/3/7,15334
2021/3/6,13895
2021/3/5,8027
2021/3/4,9604
2021/3/3,9489
2021/3/2,11330
2021/3/1,15461
2021/2/28,15435
2021/2/27,15508
2021/2/26,15448
2021/2/25,18657
2021/2/24,24386
2021/2/23,6571
2021/2/22,10908
2021/2/21,11494
2021/2/20,11521
2021/2/19,17177
2021/2/18,15500
2021/2/17,15486
2021/2/16,15376
2021/2/15,16753
2021/2/14,17792
2021/2/13,18034
2021/2/12,16818
2021/2/11,10847
2021/2/10,10859
2021/2/9,8430
2021/2/8,8440
2021/2/7,7325
2021/2/6,7940
2021/2/5,9535
2021/2/4,8903
2021/2/3,8317
2021/2/2,8386
2021/2/1,10903
2021/1/31,10847
2021/1/30,10862
2021/1/29,12333
2021/1/28,10392
2021/1/27,6549
2021/1/26,8483
2021/1/25,9287
2021/1/24,8710
2021/1/23,12191
2021/1/22,12556
2021/1/21,8283
2021/1/20,5417
2021/1/19,9126
2021/1/18,8319
2021/1/17,8486
2021/1/16,9545
2021/1/15,9538
2021/1/14,3331
2021/1/13,3400
2021/1/12,4481
2021/1/11,4803
2021/1/10,5076
2021/1/9,4632
2021/1/8,4998
2021/1/7,7360
2021/1/6,8441
2021/1/5,8417
2021/1/4,7817
2021/1/3,8399
2021/1/2,8371
2021/1/1,7919
2020/12/31,7633
2020/12/30,6230
2020/12/29,5343
2020/12/28,6742
2020/12/27,9559
2020/12/26,9671
2020/12/25,9442
2020/12/24,9676
2020/12/23,5290
2020/12/22,6220
2020/12/21,7312
2020/12/20,8503
2020/12/19,9436
2020/12/18,7015
2020/12/17,8105
2020/12/16,11873
2020/12/15,12018
2020/12/14,14440
2020/12/13,20970
2020/12/12,18236
2020/12/11,16064
2020/12/10,15564
2020/12/9,22278
2020/12/8,34723
2020/12/7,32412
2020/12/6,7297
2020/12/5,6664
2020/12/4,5861
2020/12/3,7427
2020/12/2,7008
2020/12/1,7125
2020/11/30,9711
2020/11/29,11506
2020/11/28,9644
2020/11/27,8192
2020/11/26,7582
2020/11/25,7847
2020/11/24,6235
2020/11/23,8905
2020/11/22,12047
2020/11/21,12784
2020/11/20,11397
2020/11/19,10727
2020/11/18,5383
2020/11/17,7385
2020/11/16,7966
2020/11/15,9457
2020/11/14,5212
2020/11/13,3643
2020/11/12,2949
2020/11/11,3403
2020/11/10,5562
2020/11/9,7941
2020/11/8,12052
2020/11/7,11730
2020/11/6,11347
2020/11/5,11535
2020/11/4,6339
2020/11/3,7782
2020/11/2,7536
2020/11/1,8959
2020/10/31,10599
2020/10/30,8090
2020/10/29,6711
2020/10/28,4492
2020/10/27,5348
2020/10/26,5891
2020/10/25,8805
2020/10/24,6814
2020/10/23,5279
2020/10/22,4510
2020/10/21,6334
2020/10/20,7419
2020/10/19,9854
2020/10/18,12230
2020/10/17,11331
2020/10/16,11977
2020/10/15,14800
2020/10/14,5306
2020/10/13,6325
2020/10/12,6202
2020/10/11,7587
2020/10/10,6022
2020/10/9,7458
2020/10/8,9505
2020/10/7,9709
2020/10/6,9515
2020/10/5,9840
2020/10/4,12102
2020/10/3,14058
2020/10/2,13598
2020/10/1,13632
2020/9/30,13799
2020/9/29,7016
2020/9/28,9192
2020/9/27,12463
2020/9/26,22275
2020/9/25,19667
2020/9/24,19489
2020/9/23,8980
2020/9/22,8971
2020/9/21,9131
2020/9/20,11702
2020/9/19,11505
2020/9/18,8705
2020/9/17,8411
2020/9/16,8226
2020/9/15,8506
2020/9/14,8757
2020/9/13,12049
2020/9/12,12183
2020/9/11,8807
2020/9/10,9210
2020/9/9,9763
2020/9/8,11813
2020/9/7,9626
2020/9/6,11782
2020/9/5,11430
2020/9/4,10589
2020/9/3,9605
2020/9/2,12032
2020/9/1,12927
2020/8/31,18732
2020/8/30,32619
2020/8/29,54803
2020/8/28,69844
2020/8/27,101848
2020/8/26,9460
2020/8/25,9411
2020/8/24,8369
2020/8/23,8721
2020/8/22,9036
2020/8/21,9180
2020/8/20,11859
2020/8/19,12041
2020/8/18,12470
2020/8/17,12420
2020/8/16,14217
2020/8/15,14310
2020/8/14,21616
2020/8/13,30116
2020/8/12,12247
2020/8/11,12225
2020/8/10,11682
2020/8/9,12228
2020/8/8,12120
2020/8/7,14367
2020/8/6,19549
2020/8/5,9663
2020/8/4,9270
2020/8/3,11753
2020/8/2,11790
2020/8/1,11846
2020/7/31,11199
2020/7/30,12193
2020/7/29,11733
2020/7/28,9613
2020/7/27,9965
2020/7/26,10868
2020/7/25,11693
2020/7/24,12515
2020/7/23,12315
2020/7/22,12688
2020/7/21,12649
2020/7/20,15259
2020/7/19,18706
2020/7/18,22758
2020/7/17,31664
2020/7/16,36393
2020/7/15,9421
2020/7/14,8344
2020/7/13,9017
2020/7/12,9514
2020/7/11,9620
2020/7/10,7354
2020/7/9,8375
2020/7/8,9657
2020/7/7,11068
2020/7/6,10095
2020/7/5,11524
2020/7/4,9542
2020/7/3,9167
2020/7/2,9669
2020/7/1,11960
2020/6/30,9234
2020/6/29,10091
2020/6/28,14028
2020/6/27,12432
2020/6/26,18145
2020/6/25,21465
2020/6/24,22637
2020/6/23,9742
2020/6/22,12097
2020/6/21,14596
2020/6/20,13001
2020/6/19,6557
2020/6/18,9138
2020/6/17,9367
2020/6/16,9610
2020/6/15,10874
2020/6/14,12510
2020/6/13,11507
2020/6/12,9571
2020/6/11,9395
2020/6/10,8986
2020/6/9,10815
2020/6/8,13027
2020/6/7,15855
2020/6/6,14023
2020/6/5,12666
2020/6/4,11850
2020/6/3,14538
2020/6/2,18209
2020/6/1,23781
2020/5/31,32412
2020/5/30,33670
2020/5/29,34271
2020/5/28,34345
2020/5/27,8937
2020/5/26,9045
2020/5/25,9665
2020/5/24,9866
2020/5/23,11392
2020/5/22,9596
2020/5/21,7727
2020/5/20,8294
2020/5/19,9752
2020/5/18,9931
2020/5/17,14113
2020/5/16,11573
2020/5/15,8686
2020/5/14,10366
2020/5/13,13033
2020/5/12,13823
2020/5/11,13929
2020/5/10,17512
2020/5/9,15808
2020/5/8,16098
2020/5/7,15825
2020/5/6,14278
2020/5/5,12740
2020/5/4,13859
2020/5/3,17405
2020/5/2,14345
2020/5/1,14460
2020/4/30,23204
2020/4/29,19040
2020/4/28,20841
2020/4/27,14248
2020/4/26,16019
2020/4/25,14394
2020/4/24,16301
2020/4/23,17931
2020/4/22,17709
2020/4/21,17297
2020/4/20,16593
2020/4/19,17727
2020/4/18,17712
2020/4/17,19513
2020/4/16,25553
2020/4/15,21821
2020/4/14,28843
2020/4/13,34927
2020/4/12,62666
2020/4/11,44996
2020/4/10,74346
2020/4/9,98163
2020/4/8,14468
2020/4/7,23530
2020/4/6,26664
2020/4/5,67501
2020/4/4,74247
2020/4/3,72770
2020/4/2,101997
2020/4/1,12335
2020/3/31,14789
2020/3/30,14284
2020/3/29,14126
2020/3/28,14556
2020/3/27,13464
2020/3/26,15452
2020/3/25,12307
2020/3/24,12665
2020/3/23,12458
2020/3/22,12260
2020/3/21,12443
2020/3/20,13344
2020/3/19,17666
2020/3/18,8743
2020/3/17,8638
2020/3/16,11201
2020/3/15,12330
2020/3/14,12509
2020/3/13,11501
2020/3/12,13968
2020/3/11,12348
2020/3/10,12387
2020/3/9,13041
2020/3/8,12614
2020/3/7,10074
2020/3/6,10167
2020/3/5,11237
2020/3/4,11170
2020/3/3,11949
2020/3/2,10916
2020/3/1,14283
2020/2/29,14324
2020/2/28,14251
2020/2/27,15064
2020/2/26,10119
2020/2/25,10122
2020/2/24,10052
2020/2/23,10127
2020/2/22,9794
2020/2/21,10099
2020/2/20,9893
2020/2/19,12261
2020/2/18,13120
2020/2/17,11854
2020/2/16,13507
2020/2/15,13071
2020/2/14,12394
2020/2/13,13957
2020/2/12,12327
2020/2/11,12319
2020/2/10,11610
2020/2/9,13570
2020/2/8,12658
2020/2/7,10888
2020/2/6,12263
2020/2/5,13957
2020/2/4,12428
2020/2/3,13722
2020/2/2,14478
2020/2/1,12321
2020/1/31,15882
2020/1/30,15756
2020/1/29,16678
2020/1/28,17757
2020/1/27,18910
2020/1/26,25246
2020/1/25,23740
2020/1/24,23499
2020/1/23,31236
2020/1/22,10069
2020/1/21,13159
2020/1/20,13884
2020/1/19,17745
2020/1/18,17454
2020/1/17,13964
2020/1/16,17333
2020/1/15,9864
2020/1/14,8739
2020/1/13,11035
2020/1/12,10115
2020/1/11,10061
2020/1/10,9004
2020/1/9,9955
2020/1/8,7452
2020/1/7,6036
2020/1/6,7497
2020/1/5,10065
2020/1/4,8591
2020/1/3,8256
2020/1/2,8709
2020/1/1,10260
