"日期","下载量预估~iPad"
"2024-12-31","5162"
"2024-12-30","6159"
"2024-12-29","5913"
"2024-12-28","5249"
"2024-12-27","5273"
"2024-12-26","5597"
"2024-12-25","5853"
"2024-12-24","6117"
"2024-12-23","6459"
"2024-12-22","6457"
"2024-12-21","4252"
"2024-12-20","6119"
"2024-12-19","5739"
"2024-12-18","6872"
"2024-12-17","5951"
"2024-12-16","7148"
"2024-12-15","7556"
"2024-12-14","6986"
"2024-12-13","7142"
"2024-12-12","6494"
"2024-12-11","6962"
"2024-12-10","6499"
"2024-12-09","6648"
"2024-12-08","6590"
"2024-12-07","7247"
"2024-12-06","5851"
"2024-12-05","6595"
"2024-12-04","7488"
"2024-12-03","5498"
"2024-12-02","7016"
"2024-12-01","7054"
"2024-11-30","6469"
"2024-11-29","7185"
"2024-11-28","5622"
"2024-11-27","6401"
"2024-11-26","5902"
"2024-11-25","5848"
"2024-11-24","7552"
"2024-11-23","0"
"2024-11-22","0"
"2024-11-21","0"
"2024-11-20","0"
"2024-11-19","0"
"2024-11-18","0"
"2024-11-17","0"
"2024-11-16","0"
"2024-11-15","0"
"2024-11-14","0"
"2024-11-13","0"
"2024-11-12","0"
"2024-11-11","7544"
"2024-11-10","7609"
"2024-11-09","5694"
"2024-11-08","6419"
"2024-11-07","6689"
"2024-11-06","7294"
"2024-11-05","6857"
"2024-11-04","7621"
"2024-11-03","7761"
"2024-11-02","6111"
"2024-11-01","5593"
"2024-10-31","5782"
"2024-10-30","6098"
"2024-10-29","6416"
"2024-10-28","6295"
"2024-10-27","6730"
"2024-10-26","5778"
"2024-10-25","5804"
"2024-10-24","6403"
"2024-10-23","6457"
"2024-10-22","6772"
"2024-10-21","7134"
"2024-10-20","7832"
"2024-10-19","6648"
"2024-10-18","6064"
"2024-10-17","6423"
"2024-10-16","5997"
"2024-10-15","8071"
"2024-10-14","7552"
"2024-10-13","5736"
"2024-10-12","6211"
"2024-10-11","6606"
"2024-10-10","6419"
"2024-10-09","6081"
"2024-10-08","6167"
"2024-10-07","5746"
"2024-10-06","6378"
"2024-10-05","5741"
"2024-10-04","6433"
"2024-10-03","6404"
"2024-10-02","6407"
"2024-10-01","5029"
"2024-09-30","5411"
"2024-09-29","5717"
"2024-09-28","5110"
"2024-09-27","4939"
"2024-09-26","5031"
"2024-09-25","6094"
"2024-09-24","6805"
"2024-09-23","6042"
"2024-09-22","6617"
"2024-09-21","5829"
"2024-09-20","6893"
"2024-09-19","6439"
"2024-09-18","6282"
"2024-09-17","6335"
"2024-09-16","6188"
"2024-09-15","5200"
"2024-09-14","5810"
"2024-09-13","5561"
"2024-09-12","5762"
"2024-09-11","6048"
"2024-09-10","6080"
"2024-09-09","6342"
"2024-09-08","7726"
"2024-09-07","7692"
"2024-09-06","7244"
"2024-09-05","7397"
"2024-09-04","7337"
"2024-09-03","7134"
"2024-09-02","7239"
"2024-09-01","7729"
"2024-08-31","8071"
"2024-08-30","7558"
"2024-08-29","8259"
"2024-08-28","5845"
"2024-08-27","7106"
"2024-08-26","6433"
"2024-08-25","6505"
"2024-08-24","6425"
"2024-08-23","6454"
"2024-08-22","6433"
"2024-08-21","5907"
"2024-08-20","6325"
"2024-08-19","5919"
"2024-08-18","6409"
"2024-08-17","5913"
"2024-08-16","5762"
"2024-08-15","5977"
"2024-08-14","5720"
"2024-08-13","5791"
"2024-08-12","5758"
"2024-08-11","5482"
"2024-08-10","5892"
"2024-08-09","6090"
"2024-08-08","5961"
"2024-08-07","6063"
"2024-08-06","6445"
"2024-08-05","6408"
"2024-08-04","6458"
"2024-08-03","6254"
"2024-08-02","6387"
"2024-08-01","5527"
"2024-07-31","6244"
"2024-07-30","5822"
"2024-07-29","6403"
"2024-07-28","6462"
"2024-07-27","6397"
"2024-07-26","6666"
"2024-07-25","5337"
"2024-07-24","6303"
"2024-07-23","7070"
"2024-07-22","7714"
"2024-07-21","7198"
"2024-07-20","7364"
"2024-07-19","6489"
"2024-07-18","7441"
"2024-07-17","6766"
"2024-07-16","5252"
"2024-07-15","7553"
"2024-07-14","7865"
"2024-07-13","7371"
"2024-07-12","7152"
"2024-07-11","5805"
"2024-07-10","8097"
"2024-07-09","7746"
"2024-07-08","7339"
"2024-07-07","7566"
"2024-07-06","6775"
"2024-07-05","8458"
"2024-07-04","7889"
"2024-07-03","8651"
"2024-07-02","7818"
"2024-07-01","4596"
"2024-06-30","8790"
"2024-06-29","8794"
"2024-06-28","8837"
"2024-06-27","8835"
"2024-06-26","8776"
"2024-06-25","8782"
"2024-06-24","8793"
"2024-06-23","8816"
"2024-06-22","8813"
"2024-06-21","8843"
"2024-06-20","8767"
"2024-06-19","8796"
"2024-06-18","8768"
"2024-06-17","8049"
"2024-06-16","7662"
"2024-06-15","8682"
"2024-06-14","5482"
"2024-06-13","7822"
"2024-06-12","8753"
"2024-06-11","8972"
"2024-06-10","8934"
"2024-06-09","8915"
"2024-06-08","7557"
"2024-06-07","5616"
"2024-06-06","7945"
"2024-06-05","7191"
"2024-06-04","7263"
"2024-06-03","8795"
"2024-06-02","8895"
"2024-06-01","6391"
"2024-05-31","7617"
"2024-05-30","7843"
"2024-05-29","7994"
"2024-05-28","8774"
"2024-05-27","7654"
"2024-05-26","8091"
"2024-05-25","7096"
"2024-05-24","7850"
"2024-05-23","7598"
"2024-05-22","7585"
"2024-05-21","6614"
"2024-05-20","9011"
"2024-05-19","8003"
"2024-05-18","7895"
"2024-05-17","6883"
"2024-05-16","6673"
"2024-05-15","7733"
"2024-05-14","6970"
"2024-05-13","8749"
"2024-05-12","5428"
"2024-05-11","7082"
"2024-05-10","7692"
"2024-05-09","7566"
"2024-05-08","7699"
"2024-05-07","7520"
"2024-05-06","6268"
"2024-05-05","6061"
"2024-05-04","8948"
"2024-05-03","9079"
"2024-05-02","9702"
"2024-05-01","7756"
"2024-04-30","6815"
"2024-04-29","8573"
"2024-04-28","8713"
"2024-04-27","8565"
"2024-04-26","9220"
"2024-04-25","7359"
"2024-04-24","8081"
"2024-04-23","6712"
"2024-04-22","6494"
"2024-04-21","8530"
"2024-04-20","7120"
"2024-04-19","6907"
"2024-04-18","7359"
"2024-04-17","7683"
"2024-04-16","7400"
"2024-04-15","7540"
"2024-04-14","8582"
"2024-04-13","8373"
"2024-04-12","7254"
"2024-04-11","7177"
"2024-04-10","6666"
"2024-04-09","7127"
"2024-04-08","7325"
"2024-04-07","8909"
"2024-04-06","7283"
"2024-04-05","8646"
"2024-04-04","7756"
"2024-04-03","8934"
"2024-04-02","6167"
"2024-04-01","7385"
"2024-03-31","8728"
"2024-03-30","7655"
"2024-03-29","7176"
"2024-03-28","8068"
"2024-03-27","7194"
"2024-03-26","9058"
"2024-03-25","8747"
"2024-03-24","9057"
"2024-03-23","8839"
"2024-03-22","8213"
"2024-03-21","8892"
"2024-03-20","9266"
"2024-03-19","9678"
"2024-03-18","10209"
"2024-03-17","11186"
"2024-03-16","9784"
"2024-03-15","8928"
"2024-03-14","8944"
"2024-03-13","8820"
"2024-03-12","8887"
"2024-03-11","9097"
"2024-03-10","8871"
"2024-03-09","7063"
"2024-03-08","5994"
"2024-03-07","6834"
"2024-03-06","7759"
"2024-03-05","9082"
"2024-03-04","8961"
"2024-03-03","8418"
"2024-03-02","6517"
"2024-03-01","7112"
"2024-02-29","7284"
"2024-02-28","7431"
"2024-02-27","7004"
"2024-02-26","8881"
"2024-02-25","8829"
"2024-02-24","7933"
"2024-02-23","8371"
"2024-02-22","7197"
"2024-02-21","8707"
"2024-02-20","8711"
"2024-02-19","6599"
"2024-02-18","8288"
"2024-02-17","8813"
"2024-02-16","8441"
"2024-02-15","8635"
"2024-02-14","8985"
"2024-02-13","9649"
"2024-02-12","9010"
"2024-02-11","9620"
"2024-02-10","9662"
"2024-02-09","11077"
"2024-02-08","9044"
"2024-02-07","9179"
"2024-02-06","8921"
"2024-02-05","7952"
"2024-02-04","7932"
"2024-02-03","9620"
"2024-02-02","8999"
"2024-02-01","9676"
"2024-01-31","8846"
"2024-01-30","8840"
"2024-01-29","10206"
"2024-01-28","10185"
"2024-01-27","10175"
"2024-01-26","10203"
"2024-01-25","9671"
"2024-01-24","10205"
"2024-01-23","10207"
"2024-01-22","9689"
"2024-01-21","9157"
"2024-01-20","9883"
"2024-01-19","8714"
"2024-01-18","9057"
"2024-01-17","9060"
"2024-01-16","9381"
"2024-01-15","9259"
"2024-01-14","10548"
"2024-01-13","10187"
"2024-01-12","11334"
"2024-01-11","8509"
"2024-01-10","11386"
"2024-01-09","9140"
"2024-01-08","9107"
"2024-01-07","11002"
"2024-01-06","9525"
"2024-01-05","9576"
"2024-01-04","9574"
"2024-01-03","10642"
"2024-01-02","9566"
"2024-01-01","9534"
"2023-12-31","9825"
"2023-12-30","11381"
"2023-12-29","11387"
"2023-12-28","9009"
"2023-12-27","11399"
"2023-12-26","11035"
"2023-12-25","10261"
"2023-12-24","10421"
"2023-12-23","10502"
"2023-12-22","9086"
"2023-12-21","6242"
"2023-12-20","10764"
"2023-12-19","9380"
"2023-12-18","11426"
"2023-12-17","10594"
"2023-12-16","10429"
"2023-12-15","9171"
"2023-12-14","9582"
"2023-12-13","10128"
"2023-12-12","11196"
"2023-12-11","10061"
"2023-12-10","11453"
"2023-12-09","11402"
"2023-12-08","9038"
"2023-12-07","8805"
"2023-12-06","7393"
"2023-12-05","9187"
"2023-12-04","10994"
"2023-12-03","11455"
"2023-12-02","12486"
"2023-12-01","9095"
"2023-11-30","7586"
"2023-11-29","9641"
"2023-11-28","10355"
"2023-11-27","11280"
"2023-11-26","11169"
"2023-11-25","9910"
"2023-11-24","10105"
"2023-11-23","10258"
"2023-11-22","10793"
"2023-11-21","10568"
"2023-11-20","11479"
"2023-11-19","11661"
"2023-11-18","15781"
"2023-11-17","11230"
"2023-11-16","9597"
"2023-11-15","12457"
"2023-11-14","12373"
"2023-11-13","13173"
"2023-11-12","19807"
"2023-11-11","17076"
"2023-11-10","12459"
"2023-11-09","12511"
"2023-11-08","12491"
"2023-11-07","10954"
"2023-11-06","11446"
"2023-11-05","11153"
"2023-11-04","13277"
"2023-11-03","9060"
"2023-11-02","10129"
"2023-11-01","10004"
"2023-10-31","9059"
"2023-10-30","10905"
"2023-10-29","11474"
"2023-10-28","11229"
"2023-10-27","8377"
"2023-10-26","8911"
"2023-10-25","11081"
"2023-10-24","11354"
"2023-10-23","13451"
"2023-10-22","13441"
"2023-10-21","13294"
"2023-10-20","9108"
"2023-10-19","11386"
"2023-10-18","8605"
"2023-10-17","9844"
"2023-10-16","13472"
"2023-10-15","13525"
"2023-10-14","11550"
"2023-10-13","11092"
"2023-10-12","10471"
"2023-10-11","11406"
"2023-10-10","11377"
"2023-10-09","9355"
"2023-10-08","12500"
"2023-10-07","10485"
"2023-10-06","12341"
"2023-10-05","12269"
"2023-10-04","12361"
"2023-10-03","11692"
"2023-10-02","12429"
"2023-10-01","12427"
"2023-09-30","11930"
"2023-09-29","11556"
"2023-09-28","12466"
"2023-09-27","12487"
"2023-09-26","8944"
"2023-09-25","9859"
"2023-09-24","9846"
"2023-09-23","10477"
"2023-09-22","8200"
"2023-09-21","5475"
"2023-09-20","8066"
"2023-09-19","11224"
"2023-09-18","12358"
"2023-09-17","15538"
"2023-09-16","12565"
"2023-09-15","9032"
"2023-09-14","0"
"2023-09-13","6191"
"2023-09-12","9206"
"2023-09-11","11278"
"2023-09-10","10153"
"2023-09-09","10004"
"2023-09-08","10581"
"2023-09-07","7853"
"2023-09-06","9192"
"2023-09-05","10919"
"2023-09-04","10984"
"2023-09-03","10956"
"2023-09-02","9470"
"2023-09-01","9041"
"2023-08-31","11389"
"2023-08-30","11049"
"2023-08-29","10447"
"2023-08-28","11411"
"2023-08-27","11084"
"2023-08-26","11395"
"2023-08-25","12321"
"2023-08-24","15507"
"2023-08-23","13834"
"2023-08-22","9882"
"2023-08-21","9921"
"2023-08-20","12295"
"2023-08-19","10682"
"2023-08-18","14801"
"2023-08-17","10140"
"2023-08-16","20231"
"2023-08-15","10188"
"2023-08-14","10184"
"2023-08-13","6741"
"2023-08-12","10656"
"2023-08-11","10558"
"2023-08-10","9322"
"2023-08-09","9039"
"2023-08-08","10179"
"2023-08-07","9110"
"2023-08-06","7756"
"2023-08-05","8552"
"2023-08-04","9036"
"2023-08-03","8948"
"2023-08-02","8993"
"2023-08-01","10159"
"2023-07-31","9512"
"2023-07-30","9312"
"2023-07-29","9071"
"2023-07-28","7426"
"2023-07-27","10838"
"2023-07-26","9217"
"2023-07-25","10824"
"2023-07-24","9015"
"2023-07-23","9039"
"2023-07-22","8542"
"2023-07-21","8882"
"2023-07-20","9001"
"2023-07-19","8782"
"2023-07-18","9305"
"2023-07-17","9567"
"2023-07-16","9613"
"2023-07-15","8710"
"2023-07-14","8798"
"2023-07-13","9699"
"2023-07-12","10187"
"2023-07-11","8746"
"2023-07-10","10205"
"2023-07-09","11402"
"2023-07-08","11483"
"2023-07-07","11921"
"2023-07-06","10784"
"2023-07-05","11976"
"2023-07-04","11419"
"2023-07-03","11450"
"2023-07-02","11371"
"2023-07-01","11441"
"2023-06-30","10820"
"2023-06-29","10682"
"2023-06-28","10792"
"2023-06-27","11545"
"2023-06-26","11865"
"2023-06-25","8681"
"2023-06-24","10498"
"2023-06-23","8310"
"2023-06-22","13218"
"2023-06-21","11459"
"2023-06-20","11404"
"2023-06-19","9299"
"2023-06-18","12211"
"2023-06-17","15707"
"2023-06-16","13558"
"2023-06-15","10417"
"2023-06-14","13669"
"2023-06-13","10835"
"2023-06-12","9786"
"2023-06-11","12458"
"2023-06-10","10684"
"2023-06-09","10300"
"2023-06-08","10166"
"2023-06-07","10506"
"2023-06-06","10074"
"2023-06-05","10512"
"2023-06-04","18283"
"2023-06-03","16968"
"2023-06-02","12079"
"2023-06-01","10668"
"2023-05-31","10604"
"2023-05-30","11460"
"2023-05-29","17228"
"2023-05-28","19092"
"2023-05-27","19784"
"2023-05-26","10274"
"2023-05-25","10410"
"2023-05-24","11382"
"2023-05-23","11362"
"2023-05-22","11389"
"2023-05-21","11455"
"2023-05-20","11292"
"2023-05-19","8330"
"2023-05-18","8872"
"2023-05-17","11240"
"2023-05-16","13189"
"2023-05-15","16544"
"2023-05-14","21336"
"2023-05-13","14244"
"2023-05-12","13539"
"2023-05-11","12349"
"2023-05-10","13547"
"2023-05-09","13225"
"2023-05-08","16534"
"2023-05-07","21092"
"2023-05-06","11915"
"2023-05-05","10019"
"2023-05-04","19121"
"2023-05-03","19133"
"2023-05-02","19777"
"2023-05-01","17154"
"2023-04-30","13158"
"2023-04-29","13817"
"2023-04-28","14057"
"2023-04-27","15607"
"2023-04-26","0"
"2023-04-25","0"
"2023-04-24","13175"
"2023-04-23","18491"
"2023-04-22","19978"
"2023-04-21","19010"
"2023-04-20","472"
"2023-04-19","268"
"2023-04-18","292"
"2023-04-17","303"
"2023-04-16","12658"
"2023-04-15","12650"
"2023-04-14","10300"
"2023-04-13","21376"
"2023-04-12","18612"
"2023-04-11","18625"
"2023-04-10","18275"
"2023-04-09","19010"
"2023-04-08","18265"
"2023-04-07","18862"
"2023-04-06","17133"
"2023-04-05","13188"
"2023-04-04","16813"
"2023-04-03","11254"
"2023-04-02","12628"
"2023-04-01","12204"
"2023-03-31","10776"
"2023-03-30","11213"
"2023-03-29","13871"
"2023-03-28","15622"
"2023-03-27","15512"
"2023-03-26","15524"
"2023-03-25","13208"
"2023-03-24","17205"
"2023-03-23","18520"
"2023-03-22","21183"
"2023-03-21","21330"
"2023-03-20","18602"
"2023-03-19","18384"
"2023-03-18","17130"
"2023-03-17","21162"
"2023-03-16","21368"
"2023-03-15","21180"
"2023-03-14","19115"
"2023-03-13","18391"
"2023-03-12","18382"
"2023-03-11","19648"
"2023-03-10","21174"
"2023-03-09","21331"
"2023-03-08","21413"
"2023-03-07","21457"
"2023-03-06","21340"
"2023-03-05","21016"
"2023-03-04","21409"
"2023-03-03","21350"
"2023-03-02","19657"
"2023-03-01","18339"
"2023-02-28","18404"
"2023-02-27","18515"
"2023-02-26","18940"
"2023-02-25","18369"
"2023-02-24","18337"
"2023-02-23","17222"
"2023-02-22","20032"
"2023-02-21","18390"
"2023-02-20","18065"
"2023-02-19","19633"
"2023-02-18","21386"
"2023-02-17","21354"
"2023-02-16","17393"
"2023-02-15","15650"
"2023-02-14","20892"
"2023-02-13","18501"
"2023-02-12","18070"
"2023-02-11","17157"
"2023-02-10","21182"
"2023-02-09","19771"
"2023-02-08","18406"
"2023-02-07","18287"
"2023-02-06","12096"
"2023-02-05","11603"
"2023-02-04","16204"
"2023-02-03","10128"
"2023-02-02","7004"
"2023-02-01","10750"
"2023-01-31","12071"
"2023-01-30","10193"
"2023-01-29","10229"
"2023-01-28","11381"
"2023-01-27","11400"
"2023-01-26","11382"
"2023-01-25","11414"
"2023-01-24","11353"
"2023-01-23","11340"
"2023-01-22","10017"
"2023-01-21","10611"
"2023-01-20","19399"
"2023-01-19","16000"
"2023-01-18","16380"
"2023-01-17","13573"
"2023-01-16","10161"
"2023-01-15","14642"
"2023-01-14","19083"
"2023-01-13","16374"
"2023-01-12","18483"
"2023-01-11","18735"
"2023-01-10","19063"
"2023-01-09","21186"
"2023-01-08","15530"
"2023-01-07","15567"
"2023-01-06","13183"
"2023-01-05","17141"
"2023-01-04","18330"
"2023-01-03","17114"
"2023-01-02","18371"
"2023-01-01","19758"
"2022-12-31","19766"
"2022-12-30","18169"
"2022-12-29","20075"
"2022-12-28","19066"
"2022-12-27","17114"
"2022-12-26","18677"
"2022-12-25","14936"
"2022-12-24","13601"
"2022-12-23","16315"
"2022-12-22","13258"
"2022-12-21","18489"
"2022-12-20","20039"
"2022-12-19","16203"
"2022-12-18","21098"
"2022-12-17","16243"
"2022-12-16","21135"
"2022-12-15","21052"
"2022-12-14","21351"
"2022-12-13","21009"
"2022-12-12","21312"
"2022-12-11","21009"
"2022-12-10","21320"
"2022-12-09","21134"
"2022-12-08","21440"
"2022-12-07","19872"
"2022-12-06","15466"
"2022-12-05","19221"
"2022-12-04","18542"
"2022-12-03","13601"
"2022-12-02","0"
"2022-12-01","18610"
"2022-11-30","19758"
"2022-11-29","19786"
"2022-11-28","19847"
"2022-11-27","18714"
"2022-11-26","18329"
"2022-11-25","17139"
"2022-11-24","21101"
"2022-11-23","21357"
"2022-11-22","21316"
"2022-11-21","21445"
"2022-11-20","21161"
"2022-11-19","21702"
"2022-11-18","21652"
"2022-11-17","21486"
"2022-11-16","21369"
"2022-11-15","21328"
"2022-11-14","17142"
"2022-11-13","21778"
"2022-11-12","21751"
"2022-11-11","21739"
"2022-11-10","21413"
"2022-11-09","21726"
"2022-11-08","21593"
"2022-11-07","21377"
"2022-11-06","21795"
"2022-11-05","21757"
"2022-11-04","21652"
"2022-11-03","21701"
"2022-11-02","18631"
"2022-11-01","18317"
"2022-10-31","12933"
"2022-10-30","18360"
"2022-10-29","21403"
"2022-10-28","21394"
"2022-10-27","21354"
"2022-10-26","21303"
"2022-10-25","21429"
"2022-10-24","21396"
"2022-10-23","21193"
"2022-10-22","21399"
"2022-10-21","15566"
"2022-10-20","19008"
"2022-10-19","12908"
"2022-10-18","12950"
"2022-10-17","12920"
"2022-10-16","12924"
"2022-10-15","12956"
"2022-10-14","12997"
"2022-10-13","12944"
"2022-10-12","12915"
"2022-10-11","12897"
"2022-10-10","12996"
"2022-10-09","12987"
"2022-10-08","11791"
"2022-10-07","11797"
"2022-10-06","11768"
"2022-10-05","11842"
"2022-10-04","11800"
"2022-10-03","13000"
"2022-10-02","12905"
"2022-10-01","12968"
"2022-09-30","12908"
"2022-09-29","12947"
"2022-09-28","12964"
"2022-09-27","10633"
"2022-09-26","10666"
"2022-09-25","10699"
"2022-09-24","10672"
"2022-09-23","10658"
"2022-09-22","10633"
"2022-09-21","12943"
"2022-09-20","12921"
"2022-09-19","12966"
"2022-09-18","12967"
"2022-09-17","12947"
"2022-09-16","12941"
"2022-09-15","12941"
"2022-09-14","12992"
"2022-09-13","12894"
"2022-09-12","12904"
"2022-09-11","12907"
"2022-09-10","12909"
"2022-09-09","12898"
"2022-09-08","12986"
"2022-09-07","12887"
"2022-09-06","12948"
"2022-09-05","12991"
"2022-09-04","12962"
"2022-09-03","12933"
"2022-09-02","12949"
"2022-09-01","12901"
"2022-08-31","12905"
"2022-08-30","12967"
"2022-08-29","12915"
"2022-08-28","12971"
"2022-08-27","12933"
"2022-08-26","12927"
"2022-08-25","12970"
"2022-08-24","12991"
"2022-08-23","10659"
"2022-08-22","10630"
"2022-08-21","10493"
"2022-08-20","10631"
"2022-08-19","11781"
"2022-08-18","10721"
"2022-08-17","11802"
"2022-08-16","11207"
"2022-08-15","11801"
"2022-08-14","10226"
"2022-08-13","11810"
"2022-08-12","11820"
"2022-08-11","10693"
"2022-08-10","10686"
"2022-08-09","11806"
"2022-08-08","12889"
"2022-08-07","13317"
"2022-08-06","13693"
"2022-08-05","13701"
"2022-08-04","13666"
"2022-08-03","12928"
"2022-08-02","12979"
"2022-08-01","12967"
"2022-07-31","12945"
"2022-07-30","12889"
"2022-07-29","12937"
"2022-07-28","11039"
"2022-07-27","12953"
"2022-07-26","12886"
"2022-07-25","11273"
"2022-07-24","11308"
"2022-07-23","11301"
"2022-07-22","11251"
"2022-07-21","11253"
"2022-07-20","11287"
"2022-07-19","12992"
"2022-07-18","12890"
"2022-07-17","12976"
"2022-07-16","12918"
"2022-07-15","12971"
"2022-07-14","12956"
"2022-07-13","12937"
"2022-07-12","13001"
"2022-07-11","11006"
"2022-07-10","11759"
"2022-07-09","12962"
"2022-07-08","13718"
"2022-07-07","12991"
"2022-07-06","12974"
"2022-07-05","12921"
"2022-07-04","12970"
"2022-07-03","12945"
"2022-07-02","12929"
"2022-07-01","12994"
"2022-06-30","13754"
"2022-06-29","12962"
"2022-06-28","13636"
"2022-06-27","13630"
"2022-06-26","13634"
"2022-06-25","13781"
"2022-06-24","12971"
"2022-06-23","12889"
"2022-06-22","12894"
"2022-06-21","12889"
"2022-06-20","12922"
"2022-06-19","12943"
"2022-06-18","12970"
"2022-06-17","12935"
"2022-06-16","12926"
"2022-06-15","12937"
"2022-06-14","12914"
"2022-06-13","12959"
"2022-06-12","12892"
"2022-06-11","12989"
"2022-06-10","12911"
"2022-06-09","12941"
"2022-06-08","12963"
"2022-06-07","12950"
"2022-06-06","12998"
"2022-06-05","12901"
"2022-06-04","12962"
"2022-06-03","12904"
"2022-06-02","12950"
"2022-06-01","12954"
"2022-05-31","12954"
"2022-05-30","12949"
"2022-05-29","12984"
"2022-05-28","13000"
"2022-05-27","12955"
"2022-05-26","12947"
"2022-05-25","12922"
"2022-05-24","12987"
"2022-05-23","13689"
"2022-05-22","13569"
"2022-05-21","12903"
"2022-05-20","12938"
"2022-05-19","12910"
"2022-05-18","12983"
"2022-05-17","12886"
"2022-05-16","12992"
"2022-05-15","13570"
"2022-05-14","12913"
"2022-05-13","12896"
"2022-05-12","12928"
"2022-05-11","12902"
"2022-05-10","12997"
"2022-05-09","12954"
"2022-05-08","12979"
"2022-05-07","12924"
"2022-05-06","12911"
"2022-05-05","12939"
"2022-05-04","12937"
"2022-05-03","12888"
"2022-05-02","12951"
"2022-05-01","12959"
"2022-04-30","13346"
"2022-04-29","12887"
"2022-04-28","12959"
"2022-04-27","12954"
"2022-04-26","11762"
"2022-04-25","12905"
"2022-04-24","12921"
"2022-04-23","12935"
"2022-04-22","12931"
"2022-04-21","12973"
"2022-04-20","12885"
"2022-04-19","12987"
"2022-04-18","13581"
"2022-04-17","13599"
"2022-04-16","12983"
"2022-04-15","12952"
"2022-04-14","12973"
"2022-04-13","12890"
"2022-04-12","12890"
"2022-04-11","12933"
"2022-04-10","12977"
"2022-04-09","12981"
"2022-04-08","12986"
"2022-04-07","12953"
"2022-04-06","12913"
"2022-04-05","12936"
"2022-04-04","12948"
"2022-04-03","12964"
"2022-04-02","12960"
"2022-04-01","12889"
"2022-03-31","12920"
"2022-03-30","12946"
"2022-03-29","12975"
"2022-03-28","12915"
"2022-03-27","12993"
"2022-03-26","12932"
"2022-03-25","12992"
"2022-03-24","12936"
"2022-03-23","12971"
"2022-03-22","12906"
"2022-03-21","12936"
"2022-03-20","12987"
"2022-03-19","12905"
"2022-03-18","12948"
"2022-03-17","13608"
"2022-03-16","13730"
"2022-03-15","13697"
"2022-03-14","13650"
"2022-03-13","13711"
"2022-03-12","12940"
"2022-03-11","12904"
"2022-03-10","12891"
"2022-03-09","12973"
"2022-03-08","12910"
"2022-03-07","12931"
"2022-03-06","12906"
"2022-03-05","12967"
"2022-03-04","12949"
"2022-03-03","12907"
"2022-03-02","12917"
"2022-03-01","12944"
"2022-02-28","13692"
"2022-02-27","13665"
"2022-02-26","12889"
"2022-02-25","12927"
"2022-02-24","12930"
"2022-02-23","12886"
"2022-02-22","12971"
"2022-02-21","12902"
"2022-02-20","12888"
"2022-02-19","12982"
"2022-02-18","12946"
"2022-02-17","11225"
"2022-02-16","10973"
"2022-02-15","10992"
"2022-02-14","0"
"2022-02-13","0"
"2022-02-12","0"
"2022-02-11","0"
"2022-02-10","0"
"2022-02-09","0"
"2022-02-08","0"
"2022-02-07","0"
"2022-02-06","0"
"2022-02-05","0"
"2022-02-04","0"
"2022-02-03","0"
"2022-02-02","0"
"2022-02-01","0"
"2022-01-31","0"
"2022-01-30","0"
"2022-01-29","0"
"2022-01-28","0"
"2022-01-27","0"
"2022-01-26","0"
"2022-01-25","0"
"2022-01-24","0"
"2022-01-23","0"
"2022-01-22","0"
"2022-01-21","0"
"2022-01-20","0"
"2022-01-19","0"
"2022-01-18","0"
"2022-01-17","0"
"2022-01-16","0"
"2022-01-15","0"
"2022-01-14","0"
"2022-01-13","0"
"2022-01-12","0"
"2022-01-11","0"
"2022-01-10","0"
"2022-01-09","0"
"2022-01-08","0"
"2022-01-07","0"
"2022-01-06","0"
"2022-01-05","0"
"2022-01-04","0"
"2022-01-03","0"
"2022-01-02","0"
"2022-01-01","0"
"2021-12-31","0"
"2021-12-30","0"
"2021-12-29","0"
"2021-12-28","0"
"2021-12-27","0"
"2021-12-26","0"
"2021-12-25","0"
"2021-12-24","0"
"2021-12-23","0"
"2021-12-22","0"
"2021-12-21","0"
"2021-12-20","0"
"2021-12-19","0"
"2021-12-18","0"
"2021-12-17","0"
"2021-12-16","0"
"2021-12-15","0"
"2021-12-14","0"
"2021-12-13","0"
"2021-12-12","0"
"2021-12-11","0"
"2021-12-10","0"
"2021-12-09","0"
"2021-12-08","0"
"2021-12-07","0"
"2021-12-06","0"
"2021-12-05","0"
"2021-12-04","0"
"2021-12-03","0"
"2021-12-02","0"
"2021-12-01","0"
"2021-11-30","0"
"2021-11-29","0"
"2021-11-28","0"
"2021-11-27","0"
"2021-11-26","0"
"2021-11-25","0"
"2021-11-24","0"
"2021-11-23","0"
"2021-11-22","0"
"2021-11-21","0"
"2021-11-20","0"
"2021-11-19","0"
"2021-11-18","0"
"2021-11-17","0"
"2021-11-16","0"
"2021-11-15","0"
"2021-11-14","0"
"2021-11-13","0"
"2021-11-12","0"
"2021-11-11","0"
"2021-11-10","0"
"2021-11-09","0"
"2021-11-08","0"
"2021-11-07","0"
"2021-11-06","0"
"2021-11-05","0"
"2021-11-04","0"
"2021-11-03","0"
"2021-11-02","0"
"2021-11-01","0"
"2021-10-31","0"
"2021-10-30","0"
"2021-10-29","0"
"2021-10-28","0"
"2021-10-27","0"
"2021-10-26","0"
"2021-10-25","0"
"2021-10-24","0"
"2021-10-23","0"
"2021-10-22","0"
"2021-10-21","0"
"2021-10-20","0"
"2021-10-19","0"
"2021-10-18","0"
"2021-10-17","0"
"2021-10-16","0"
"2021-10-15","0"
"2021-10-14","0"
"2021-10-13","0"
"2021-10-12","0"
"2021-10-11","0"
"2021-10-10","0"
"2021-10-09","0"
"2021-10-08","0"
"2021-10-07","0"
"2021-10-06","0"
"2021-10-05","0"
"2021-10-04","0"
"2021-10-03","0"
"2021-10-02","0"
"2021-10-01","0"
"2021-09-30","0"
"2021-09-29","0"
"2021-09-28","0"
"2021-09-27","0"
"2021-09-26","0"
"2021-09-25","0"
"2021-09-24","0"
"2021-09-23","0"
"2021-09-22","0"
"2021-09-21","0"
"2021-09-20","0"
"2021-09-19","0"
"2021-09-18","0"
"2021-09-17","0"
"2021-09-16","0"
"2021-09-15","0"
"2021-09-14","0"
"2021-09-13","0"
"2021-09-12","0"
"2021-09-11","0"
"2021-09-10","0"
"2021-09-09","0"
"2021-09-08","0"
"2021-09-07","0"
"2021-09-06","0"
"2021-09-05","0"
"2021-09-04","0"
"2021-09-03","0"
"2021-09-02","12943"
"2021-09-01","9594"
"2021-08-31","8371"
"2021-08-30","6718"
"2021-08-29","8315"
"2021-08-28","8373"
"2021-08-27","8158"
"2021-08-26","7298"
"2021-08-25","8122"
"2021-08-24","8332"
"2021-08-23","9189"
"2021-08-22","9212"
"2021-08-21","8482"
"2021-08-20","10429"
"2021-08-19","10666"
"2021-08-18","7950"
"2021-08-17","11795"
"2021-08-16","10689"
"2021-08-15","10694"
"2021-08-14","10683"
"2021-08-13","11785"
"2021-08-12","9603"
"2021-08-11","10498"
"2021-08-10","10710"
"2021-08-09","10689"
"2021-08-08","9546"
"2021-08-07","10649"
"2021-08-06","10717"
"2021-08-05","10683"
"2021-08-04","8386"
"2021-08-03","8343"
"2021-08-02","9523"
"2021-08-01","8310"
"2021-07-31","8309"
"2021-07-30","10634"
"2021-07-29","11014"
"2021-07-28","10939"
"2021-07-27","10980"
"2021-07-26","9565"
"2021-07-25","9566"
"2021-07-24","9576"
"2021-07-23","9192"
"2021-07-22","9556"
"2021-07-21","7816"
"2021-07-20","7831"
"2021-07-19","8365"
"2021-07-18","7804"
"2021-07-17","7446"
"2021-07-16","5837"
"2021-07-15","8209"
"2021-07-14","7332"
"2021-07-13","10486"
"2021-07-12","9016"
"2021-07-11","9069"
"2021-07-10","9039"
"2021-07-09","10926"
"2021-07-08","9061"
"2021-07-07","10634"
"2021-07-06","10649"
"2021-07-05","9584"
"2021-07-04","10714"
"2021-07-03","10723"
"2021-07-02","9558"
"2021-07-01","8348"
"2021-06-30","8315"
"2021-06-29","7810"
"2021-06-28","8355"
"2021-06-27","8326"
"2021-06-26","8364"
"2021-06-25","11805"
"2021-06-24","11775"
"2021-06-23","11819"
"2021-06-22","11826"
"2021-06-21","9212"
"2021-06-20","10686"
"2021-06-19","11013"
"2021-06-18","11231"
"2021-06-17","11260"
"2021-06-16","11287"
"2021-06-15","11243"
"2021-06-14","11258"
"2021-06-13","12952"
"2021-06-12","12904"
"2021-06-11","12903"
"2021-06-10","12902"
"2021-06-09","11766"
"2021-06-08","10672"
"2021-06-07","11847"
"2021-06-06","10692"
"2021-06-05","11286"
"2021-06-04","11312"
"2021-06-03","10720"
"2021-06-02","10678"
"2021-06-01","11206"
"2021-05-31","10659"
"2021-05-30","11219"
"2021-05-29","10667"
"2021-05-28","12897"
"2021-05-27","12923"
"2021-05-26","12989"
"2021-05-25","12939"
"2021-05-24","11833"
"2021-05-23","11854"
"2021-05-22","11289"
"2021-05-21","10639"
"2021-05-20","9512"
"2021-05-19","6684"
"2021-05-18","8351"
"2021-05-17","5959"
"2021-05-16","8061"
"2021-05-15","4746"
"2021-05-14","7313"
"2021-05-13","7282"
"2021-05-12","7285"
"2021-05-11","6695"
"2021-05-10","8334"
"2021-05-09","8365"
"2021-05-08","6904"
"2021-05-07","10660"
"2021-05-06","7866"
"2021-05-05","8186"
"2021-05-04","9517"
"2021-05-03","10647"
"2021-05-02","10690"
"2021-05-01","9788"
"2021-04-30","8317"
"2021-04-29","8858"
"2021-04-28","9536"
"2021-04-27","10667"
"2021-04-26","9492"
"2021-04-25","10650"
"2021-04-24","8342"
"2021-04-23","8604"
"2021-04-22","8363"
"2021-04-21","9531"
"2021-04-20","9550"
"2021-04-19","8379"
"2021-04-18","8385"
"2021-04-17","8350"
"2021-04-16","9523"
"2021-04-15","9588"
"2021-04-14","11269"
"2021-04-13","11206"
"2021-04-12","10659"
"2021-04-11","11282"
"2021-04-10","10979"
"2021-04-09","10684"
"2021-04-08","10722"
"2021-04-07","10639"
"2021-04-06","10708"
"2021-04-05","10678"
"2021-04-04","10646"
"2021-04-03","10702"
"2021-04-02","10670"
"2021-04-01","11310"
"2021-03-31","11235"
"2021-03-30","12898"
"2021-03-29","11277"
"2021-03-28","11301"
"2021-03-27","11280"
"2021-03-26","12991"
"2021-03-25","12967"
"2021-03-24","11772"
"2021-03-23","11854"
"2021-03-22","11305"
"2021-03-21","11757"
"2021-03-20","11820"
"2021-03-19","10654"
"2021-03-18","12937"
"2021-03-17","12918"
"2021-03-16","12918"
"2021-03-15","12977"
"2021-03-14","12972"
"2021-03-13","12953"
"2021-03-12","12942"
"2021-03-11","12947"
"2021-03-10","12898"
"2021-03-09","10930"
"2021-03-08","9554"
"2021-03-07","9577"
"2021-03-06","10680"
"2021-03-05","11794"
"2021-03-04","10702"
"2021-03-03","10697"
"2021-03-02","6884"
"2021-03-01","5501"
"2021-02-28","5615"
"2021-02-27","6205"
"2021-02-26","5270"
"2021-02-25","6284"
"2021-02-24","5264"
"2021-02-23","5263"
"2021-02-22","5278"
"2021-02-21","7548"
"2021-02-20","7517"
"2021-02-19","7542"
"2021-02-18","7756"
"2021-02-17","6301"
"2021-02-16","7576"
"2021-02-15","7568"
"2021-02-14","5579"
"2021-02-13","7313"
"2021-02-12","6569"
"2021-02-11","9544"
"2021-02-10","9518"
"2021-02-09","9597"
"2021-02-08","10654"
"2021-02-07","10691"
"2021-02-06","10699"
"2021-02-05","9543"
"2021-02-04","9601"
"2021-02-03","5948"
"2021-02-02","5692"
"2021-02-01","5065"
"2021-01-31","5061"
"2021-01-30","5094"
"2021-01-29","5060"
"2021-01-28","5096"
"2021-01-27","4138"
"2021-01-26","5191"
"2021-01-25","5103"
"2021-01-24","8011"
"2021-01-23","8169"
"2021-01-22","7854"
"2021-01-21","7691"
"2021-01-20","10951"
"2021-01-19","9530"
"2021-01-18","9609"
"2021-01-17","9635"
"2021-01-16","9566"
"2021-01-15","8327"
"2021-01-14","6721"
"2021-01-13","7311"
"2021-01-12","6255"
"2021-01-11","8546"
"2021-01-10","8501"
"2021-01-09","6315"
"2021-01-08","5071"
"2021-01-07","4535"
"2021-01-06","4366"
"2021-01-05","4464"
"2021-01-04","7815"
"2021-01-03","3889"
"2021-01-02","10635"
"2021-01-01","10632"
"2020-12-31","10785"
"2020-12-30","9626"
"2020-12-29","11397"
"2020-12-28","9495"
"2020-12-27","9086"
"2020-12-26","9211"
"2020-12-25","9814"
"2020-12-24","10969"
"2020-12-23","11141"
"2020-12-22","8698"
"2020-12-21","7238"
"2020-12-20","8653"
"2020-12-19","9964"
"2020-12-18","11704"
"2020-12-17","9465"
"2020-12-16","12072"
"2020-12-15","17369"
"2020-12-14","15545"
"2020-12-13","14060"
"2020-12-12","12466"
"2020-12-11","10143"
"2020-12-10","17352"
"2020-12-09","21652"
"2020-12-08","21635"
"2020-12-07","21599"
"2020-12-06","21749"
"2020-12-05","21671"
"2020-12-04","22380"
"2020-12-03","22313"
"2020-12-02","21728"
"2020-12-01","11480"
"2020-11-30","9102"
"2020-11-29","11339"
"2020-11-28","10744"
"2020-11-27","11527"
"2020-11-26","14647"
"2020-11-25","11404"
"2020-11-24","15626"
"2020-11-23","13224"
"2020-11-22","10989"
"2020-11-21","11927"
"2020-11-20","11938"
"2020-11-19","15896"
"2020-11-18","10160"
"2020-11-17","18658"
"2020-11-16","16227"
"2020-11-15","19042"
"2020-11-14","21162"
"2020-11-13","21722"
"2020-11-12","22405"
"2020-11-11","22356"
"2020-11-10","17121"
"2020-11-09","13201"
"2020-11-08","16285"
"2020-11-07","21430"
"2020-11-06","21330"
"2020-11-05","21679"
"2020-11-04","21409"
"2020-11-03","12842"
"2020-11-02","10917"
"2020-11-01","13234"
"2020-10-31","16012"
"2020-10-30","19790"
"2020-10-29","21681"
"2020-10-28","21731"
"2020-10-27","21681"
"2020-10-26","21650"
"2020-10-25","21740"
"2020-10-24","21629"
"2020-10-23","16231"
"2020-10-22","10136"
"2020-10-21","17088"
"2020-10-20","19768"
"2020-10-19","21407"
"2020-10-18","21134"
"2020-10-17","21622"
"2020-10-16","19364"
"2020-10-15","22381"
"2020-10-14","22247"
"2020-10-13","22262"
"2020-10-12","22305"
"2020-10-11","22121"
"2020-10-10","21685"
"2020-10-09","21800"
"2020-10-08","21550"
"2020-10-07","21741"
"2020-10-06","21649"
"2020-10-05","21784"
"2020-10-04","21700"
"2020-10-03","21745"
"2020-10-02","22373"
"2020-10-01","22250"
"2020-09-30","22295"
"2020-09-29","22186"
"2020-09-28","22208"
"2020-09-27","22254"
"2020-09-26","22199"
"2020-09-25","701"
"2020-09-24",""
"2020-09-23",""
"2020-09-22",""
"2020-09-21",""
"2020-09-20",""
"2020-09-19",""
"2020-09-18",""
"2020-09-17",""
"2020-09-16",""
"2020-09-15",""
"2020-09-14",""
"2020-09-13",""
"2020-09-12",""
"2020-09-11",""
"2020-09-10",""
"2020-09-09",""
"2020-09-08",""
"2020-09-07",""
"2020-09-06",""
"2020-09-05",""
"2020-09-04",""
"2020-09-03",""
"2020-09-02",""
"2020-09-01",""
"2020-08-31",""
"2020-08-30",""
"2020-08-29",""
"2020-08-28",""
"2020-08-27",""
"2020-08-26",""
"2020-08-25",""
"2020-08-24",""
"2020-08-23",""
"2020-08-22",""
"2020-08-21",""
"2020-08-20",""
"2020-08-19",""
"2020-08-18",""
"2020-08-17",""
"2020-08-16",""
"2020-08-15",""
"2020-08-14",""
"2020-08-13",""
"2020-08-12",""
"2020-08-11",""
"2020-08-10",""
"2020-08-09",""
"2020-08-08",""
"2020-08-07",""
"2020-08-06",""
"2020-08-05",""
"2020-08-04",""
"2020-08-03",""
"2020-08-02",""
"2020-08-01",""
"2020-07-31",""
"2020-07-30",""
"2020-07-29",""
"2020-07-28",""
"2020-07-27",""
"2020-07-26",""
"2020-07-25",""
"2020-07-24",""
"2020-07-23",""
"2020-07-22",""
"2020-07-21",""
"2020-07-20",""
"2020-07-19",""
"2020-07-18",""
"2020-07-17",""
"2020-07-16",""
"2020-07-15",""
"2020-07-14",""
"2020-07-13",""
"2020-07-12",""
"2020-07-11",""
"2020-07-10",""
"2020-07-09",""
"2020-07-08",""
"2020-07-07",""
"2020-07-06",""
"2020-07-05",""
"2020-07-04",""
"2020-07-03",""
"2020-07-02",""
"2020-07-01",""
"2020-06-30",""
"2020-06-29",""
"2020-06-28",""
"2020-06-27",""
"2020-06-26",""
"2020-06-25",""
"2020-06-24",""
"2020-06-23",""
"2020-06-22",""
"2020-06-21",""
"2020-06-20",""
"2020-06-19",""
"2020-06-18",""
"2020-06-17",""
"2020-06-16",""
"2020-06-15",""
"2020-06-14",""
"2020-06-13",""
"2020-06-12",""
"2020-06-11",""
"2020-06-10",""
"2020-06-09",""
"2020-06-08",""
"2020-06-07",""
"2020-06-06",""
"2020-06-05",""
"2020-06-04",""
"2020-06-03",""
"2020-06-02",""
"2020-06-01",""
"2020-05-31",""
"2020-05-30",""
"2020-05-29",""
"2020-05-28",""
"2020-05-27",""
"2020-05-26",""
"2020-05-25",""
"2020-05-24",""
"2020-05-23",""
"2020-05-22",""
"2020-05-21",""
"2020-05-20",""
"2020-05-19",""
"2020-05-18",""
"2020-05-17",""
"2020-05-16",""
"2020-05-15",""
"2020-05-14",""
"2020-05-13",""
"2020-05-12",""
"2020-05-11",""
"2020-05-10",""
"2020-05-09",""
"2020-05-08",""
"2020-05-07",""
"2020-05-06",""
"2020-05-05",""
"2020-05-04",""
"2020-05-03",""
"2020-05-02",""
"2020-05-01",""
"2020-04-30",""
"2020-04-29",""
"2020-04-28",""
"2020-04-27",""
"2020-04-26",""
"2020-04-25",""
"2020-04-24",""
"2020-04-23",""
"2020-04-22",""
"2020-04-21",""
"2020-04-20",""
"2020-04-19",""
"2020-04-18",""
"2020-04-17",""
"2020-04-16",""
"2020-04-15",""
"2020-04-14",""
"2020-04-13",""
"2020-04-12",""
"2020-04-11",""
"2020-04-10",""
"2020-04-09",""
"2020-04-08",""
"2020-04-07",""
"2020-04-06",""
"2020-04-05",""
"2020-04-04",""
"2020-04-03",""
"2020-04-02",""
"2020-04-01",""
"2020-03-31",""
"2020-03-30",""
"2020-03-29",""
"2020-03-28",""
"2020-03-27",""
"2020-03-26",""
"2020-03-25",""
"2020-03-24",""
"2020-03-23",""
"2020-03-22",""
"2020-03-21",""
"2020-03-20",""
"2020-03-19",""
"2020-03-18",""
"2020-03-17",""
"2020-03-16",""
"2020-03-15",""
"2020-03-14",""
"2020-03-13",""
"2020-03-12",""
"2020-03-11",""
"2020-03-10",""
"2020-03-09",""
"2020-03-08",""
"2020-03-07",""
"2020-03-06",""
"2020-03-05",""
"2020-03-04",""
"2020-03-03",""
"2020-03-02",""
"2020-03-01",""
"2020-02-29",""
"2020-02-28",""
"2020-02-27",""
"2020-02-26",""
"2020-02-25",""
"2020-02-24",""
"2020-02-23",""
"2020-02-22",""
"2020-02-21",""
"2020-02-20",""
"2020-02-19",""
"2020-02-18",""
"2020-02-17",""
"2020-02-16",""
"2020-02-15",""
"2020-02-14",""
"2020-02-13",""
"2020-02-12",""
"2020-02-11",""
"2020-02-10",""
"2020-02-09",""
"2020-02-08",""
"2020-02-07",""
"2020-02-06",""
"2020-02-05",""
"2020-02-04",""
"2020-02-03",""
"2020-02-02",""
"2020-02-01",""
"2020-01-31",""
"2020-01-30",""
"2020-01-29",""
"2020-01-28",""
"2020-01-27",""
"2020-01-26",""
"2020-01-25",""
"2020-01-24",""
"2020-01-23",""
"2020-01-22",""
"2020-01-21",""
"2020-01-20",""
"2020-01-19",""
"2020-01-18",""
"2020-01-17",""
"2020-01-16",""
"2020-01-15",""
"2020-01-14",""
"2020-01-13",""
"2020-01-12",""
"2020-01-11",""
"2020-01-10",""
"2020-01-09",""
"2020-01-08",""
"2020-01-07",""
"2020-01-06",""
"2020-01-05",""
"2020-01-04",""
"2020-01-03",""
"2020-01-02",""
"2020-01-01",""
