"date","earning"
"2024-12-31","1831871"
"2024-12-30","1880778"
"2024-12-29","1837390"
"2024-12-28","1788315"
"2024-12-27","1847606"
"2024-12-26","1847540"
"2024-12-25","1890695"
"2024-12-24","1895486"
"2024-12-23","1886729"
"2024-12-22","1891570"
"2024-12-21","1887673"
"2024-12-20","1836930"
"2024-12-19","1843814"
"2024-12-18","1880860"
"2024-12-17","1874185"
"2024-12-16","1885032"
"2024-12-15","1886946"
"2024-12-14","1889389"
"2024-12-13","1893000"
"2024-12-12","1883691"
"2024-12-11","1878962"
"2024-12-10","1884855"
"2024-12-09","1891372"
"2024-12-08","1888039"
"2024-12-07","1892717"
"2024-12-06","1892860"
"2024-12-05","1897386"
"2024-12-04","1689775"
"2024-12-03","1837459"
"2024-12-02","1896287"
"2024-12-01","1882682"
"2024-11-30","1892262"
"2024-11-29","1840735"
"2024-11-28","1841467"
"2024-11-27","1888111"
"2024-11-26","1882189"
"2024-11-25","1884496"
"2024-11-24","1885823"
"2024-11-23","1896492"
"2024-11-22","1881089"
"2024-11-21","1889433"
"2024-11-20","1887358"
"2024-11-19","1887058"
"2024-11-18","1889021"
"2024-11-17","1899924"
"2024-11-16","1883296"
"2024-11-15","1879125"
"2024-11-14","1834420"
"2024-11-13","1815587"
"2024-11-12","1836020"
"2024-11-11","1883753"
"2024-11-10","1841302"
"2024-11-09","1835998"
"2024-11-08","1879149"
"2024-11-07","1888387"
"2024-11-06","1897887"
"2024-11-05","1898820"
"2024-11-04","1879085"
"2024-11-03","1882291"
"2024-11-02","1881724"
"2024-11-01","1889359"
"2024-10-31","1876365"
"2024-10-30","1884218"
"2024-10-29","1895072"
"2024-10-28","1888357"
"2024-10-27","1887719"
"2024-10-26","1896443"
"2024-10-25","1888920"
"2024-10-24","1888319"
"2024-10-23","1890399"
"2024-10-22","1888150"
"2024-10-21","1836682"
"2024-10-20","1834678"
"2024-10-19","1897363"
"2024-10-18","1878631"
"2024-10-17","1888701"
"2024-10-16","1901188"
"2024-10-15","1900356"
"2024-10-14","1890582"
"2024-10-13","1894705"
"2024-10-12","1892556"
"2024-10-11","1903088"
"2024-10-10","1878958"
"2024-10-09","1897589"
"2024-10-08","1893910"
"2024-10-07","1887141"
"2024-10-06","1880873"
"2024-10-05","1885133"
"2024-10-04","1885259"
"2024-10-03","1889319"
"2024-10-02","1878972"
"2024-10-01","1898175"
"2024-09-30","1877193"
"2024-09-29","1884929"
"2024-09-28","1832328"
"2024-09-27","1830089"
"2024-09-26","1844890"
"2024-09-25","1795323"
"2024-09-24","1836121"
"2024-09-23","1885810"
"2024-09-22","1887748"
"2024-09-21","1883748"
"2024-09-20","1897954"
"2024-09-19","1896803"
"2024-09-18","1887783"
"2024-09-17","1874404"
"2024-09-16","1888162"
"2024-09-15","1902778"
"2024-09-14","1841687"
"2024-09-13","1828746"
"2024-09-12","1841467"
"2024-09-11","1805958"
"2024-09-10","1896700"
"2024-09-09","1891405"
"2024-09-08","1879083"
"2024-09-07","1872816"
"2024-09-06","1895181"
"2024-09-05","1885974"
"2024-09-04","1891310"
"2024-09-03","1885807"
"2024-09-02","1892556"
"2024-09-01","1836442"
"2024-08-31","1841307"
"2024-08-30","1826717"
"2024-08-29","1847040"
"2024-08-28","1887508"
"2024-08-27","1889097"
"2024-08-26","1883504"
"2024-08-25","1881725"
"2024-08-24","1886412"
"2024-08-23","1894114"
"2024-08-22","1831579"
"2024-08-21","1829162"
"2024-08-20","1836432"
"2024-08-19","1884040"
"2024-08-18","1894552"
"2024-08-17","1876666"
"2024-08-16","1889976"
"2024-08-15","1828966"
"2024-08-14","1889259"
"2024-08-13","1891540"
"2024-08-12","1893525"
"2024-08-11","1883763"
"2024-08-10","1902420"
"2024-08-09","1892399"
"2024-08-08","1900191"
"2024-08-07","1893050"
"2024-08-06","1886466"
"2024-08-05","1879666"
"2024-08-04","1898798"
"2024-08-03","1896230"
"2024-08-02","1843771"
"2024-08-01","1845225"
"2024-07-31","1832537"
"2024-07-30","1835583"
"2024-07-29","1846459"
"2024-07-28","1831458"
"2024-07-27","1833724"
"2024-07-26","1847814"
"2024-07-25","1838058"
"2024-07-24","1834573"
"2024-07-23","1839006"
"2024-07-22","1884579"
"2024-07-21","1887048"
"2024-07-20","1883248"
"2024-07-19","1899947"
"2024-07-18","1847652"
"2024-07-17","1836971"
"2024-07-16","1833524"
"2024-07-15","1833756"
"2024-07-14","1837397"
"2024-07-13","1886803"
"2024-07-12","1844041"
"2024-07-11","1839974"
"2024-07-10","1833867"
"2024-07-09","1843599"
"2024-07-08","1846743"
"2024-07-07","1838707"
"2024-07-06","1838981"
"2024-07-05","1849502"
"2024-07-04","1834489"
"2024-07-03","1842814"
"2024-07-02","1891058"
"2024-07-01","1882975"
"2024-06-30","1881256"
"2024-06-29","1888265"
"2024-06-28","1825971"
"2024-06-27","1832174"
"2024-06-26","1839326"
"2024-06-25","1849622"
"2024-06-24","1817092"
"2024-06-23","1820740"
"2024-06-22","1531402"
"2024-06-21","1813438"
"2024-06-20","1812043"
"2024-06-19","1832474"
"2024-06-18","1827728"
"2024-06-17","1836623"
"2024-06-16","1843280"
"2024-06-15","1836271"
"2024-06-14","1839749"
"2024-06-13","1842267"
"2024-06-12","1838677"
"2024-06-11","1847202"
"2024-06-10","1837425"
"2024-06-09","1842681"
"2024-06-08","1835488"
"2024-06-07","1829843"
"2024-06-06","1837201"
"2024-06-05","1833361"
"2024-06-04","1833313"
"2024-06-03","1833554"
"2024-06-02","1832049"
"2024-06-01","1843254"
"2024-05-31","1836408"
"2024-05-30","1836695"
"2024-05-29","1842656"
"2024-05-28","1841890"
"2024-05-27","1845866"
"2024-05-26","1829802"
"2024-05-25","1844430"
"2024-05-24","1832888"
"2024-05-23","1846738"
"2024-05-22","1831945"
"2024-05-21","1899817"
"2024-05-20","1873983"
"2024-05-19","1873149"
"2024-05-18","1881232"
"2024-05-17","1874227"
"2024-05-16","1887288"
"2024-05-15","1884354"
"2024-05-14","1880649"
"2024-05-13","1884709"
"2024-05-12","1876607"
"2024-05-11","1886034"
"2024-05-10","1893917"
"2024-05-09","1877819"
"2024-05-08","1889657"
"2024-05-07","1881281"
"2024-05-06","1883436"
"2024-05-05","1891289"
"2024-05-04","1895786"
"2024-05-03","1892024"
"2024-05-02","1878774"
"2024-05-01","1877543"
"2024-04-30","1886179"
"2024-04-29","1880431"
"2024-04-28","1842358"
"2024-04-27","1845656"
"2024-04-26","1887960"
"2024-04-25","1838799"
"2024-04-24","1886984"
"2024-04-23","1893375"
"2024-04-22","1878448"
"2024-04-21","1887693"
"2024-04-20","1887001"
"2024-04-19","1888520"
"2024-04-18","1881134"
"2024-04-17","1884622"
"2024-04-16","1893449"
"2024-04-15","1881672"
"2024-04-14","1887497"
"2024-04-13","1890516"
"2024-04-12","1901054"
"2024-04-11","1892132"
"2024-04-10","1885744"
"2024-04-09","1883865"
"2024-04-08","1891389"
"2024-04-07","1890706"
"2024-04-06","1885969"
"2024-04-05","1898053"
"2024-04-04","1882773"
"2024-04-03","1885612"
"2024-04-02","1890873"
"2024-04-01","1890186"
"2024-03-31","1899770"
"2024-03-30","1885618"
"2024-03-29","1846889"
"2024-03-28","1841440"
"2024-03-27","1888728"
"2024-03-26","1879555"
"2024-03-25","1889819"
"2024-03-24","1896148"
"2024-03-23","1843265"
"2024-03-22","1882190"
"2024-03-21","1886476"
"2024-03-20","1891502"
"2024-03-19","1879320"
"2024-03-18","1842049"
"2024-03-17","1878668"
"2024-03-16","1890264"
"2024-03-15","1889921"
"2024-03-14","1883878"
"2024-03-13","1890649"
"2024-03-12","1881412"
"2024-03-11","1872455"
"2024-03-10","1882951"
"2024-03-09","1881141"
"2024-03-08","1887078"
"2024-03-07","1877543"
"2024-03-06","1876001"
"2024-03-05","1889999"
"2024-03-04","1896326"
"2024-03-03","1873702"
"2024-03-02","1883834"
"2024-03-01","1878415"
"2024-02-29","1885739"
"2024-02-28","1886749"
"2024-02-27","1889630"
"2024-02-26","1892487"
"2024-02-25","1874440"
"2024-02-24","1890205"
"2024-02-23","1884210"
"2024-02-22","1880542"
"2024-02-21","1883276"
"2024-02-20","1878912"
"2024-02-19","1879415"
"2024-02-18","1877498"
"2024-02-17","1901708"
"2024-02-16","1881847"
"2024-02-15","1890470"
"2024-02-14","1881088"
"2024-02-13","1900666"
"2024-02-12","1881093"
"2024-02-11","1888360"
"2024-02-10","1883488"
"2024-02-09","1873851"
"2024-02-08","1886664"
"2024-02-07","1878992"
"2024-02-06","1892698"
"2024-02-05","1884777"
"2024-02-04","1893246"
"2024-02-03","1889398"
"2024-02-02","1886535"
"2024-02-01","1893485"
"2024-01-31","1877085"
"2024-01-30","1891559"
"2024-01-29","1886238"
"2024-01-28","1836622"
"2024-01-27","1840734"
"2024-01-26","1885979"
"2024-01-25","1898302"
"2024-01-24","1884493"
"2024-01-23","1896139"
"2024-01-22","1882357"
"2024-01-21","1890479"
"2024-01-20","1901032"
"2024-01-19","1884387"
"2024-01-18","1885577"
"2024-01-17","1895581"
"2024-01-16","1880234"
"2024-01-15","1897452"
"2024-01-14","1890384"
"2024-01-13","1882386"
"2024-01-12","1877548"
"2024-01-11","1176662"
"2024-01-10","1890606"
"2024-01-09","1888614"
"2024-01-08","1902802"
"2024-01-07","1188112"
"2024-01-06","1180180"
"2024-01-05","1182995"
"2024-01-04","1176691"
"2024-01-03","1182129"
"2024-01-02","1189172"
"2024-01-01","1117823"
"2023-12-31","1833676"
"2023-12-30","1831401"
"2023-12-29","1781276"
"2023-12-28","1791908"
"2023-12-27","1807965"
"2023-12-26","1832932"
"2023-12-25","1887430"
"2023-12-24","1887962"
"2023-12-23","1835189"
"2023-12-22","1849160"
"2023-12-21","1886395"
"2023-12-20","1678560"
"2023-12-19","1872333"
"2023-12-18","1889550"
"2023-12-17","1886501"
"2023-12-16","1894791"
"2023-12-15","1875181"
"2023-12-14","1879468"
"2023-12-13","1889672"
"2023-12-12","1878942"
"2023-12-11","1882090"
"2023-12-10","1883367"
"2023-12-09","1882980"
"2023-12-08","1887761"
"2023-12-07","1889039"
"2023-12-06","1889669"
"2023-12-05","1903420"
"2023-12-04","1846744"
"2023-12-03","1533672"
"2023-12-02","1899351"
"2023-12-01","1884390"
"2023-11-30","1888551"
"2023-11-29","1894209"
"2023-11-28","1886415"
"2023-11-27","1886980"
"2023-11-26","1891866"
"2023-11-25","1889690"
"2023-11-24","1892285"
"2023-11-23","1878138"
"2023-11-22","1885160"
"2023-11-21","1882936"
"2023-11-20","1902366"
"2023-11-19","1881670"
"2023-11-18","1890489"
"2023-11-17","1890955"
"2023-11-16","1848943"
"2023-11-15","1705507"
"2023-11-14","1874389"
"2023-11-13","1826655"
"2023-11-12","1812259"
"2023-11-11","1848222"
"2023-11-10","1789396"
"2023-11-09","1846534"
"2023-11-08","1370192"
"2023-11-07","1897830"
"2023-11-06","1881013"
"2023-11-05","1884430"
"2023-11-04","1878904"
"2023-11-03","1886607"
"2023-11-02","1889941"
"2023-11-01","1877592"
"2023-10-31","1897925"
"2023-10-30","1888968"
"2023-10-29","1886735"
"2023-10-28","1885219"
"2023-10-27","1285089"
"2023-10-26","1889201"
"2023-10-25","1334731"
"2023-10-24","1873620"
"2023-10-23","1882756"
"2023-10-22","1883380"
"2023-10-21","1891950"
"2023-10-20","1883873"
"2023-10-19","1889681"
"2023-10-18","1883953"
"2023-10-17","1786704"
"2023-10-16","1895826"
"2023-10-15","1899737"
"2023-10-14","1883058"
"2023-10-13","1874597"
"2023-10-12","1843548"
"2023-10-11","1446981"
"2023-10-10","1892056"
"2023-10-09","1879579"
"2023-10-08","1882433"
"2023-10-07","1887065"
"2023-10-06","1878390"
"2023-10-05","1890930"
"2023-10-04","1898660"
"2023-10-03","1874643"
"2023-10-02","1877831"
"2023-10-01","1884183"
"2023-09-30","1882858"
"2023-09-29","1886485"
"2023-09-28","1902399"
"2023-09-27","1792781"
"2023-09-26","1890822"
"2023-09-25","1883566"
"2023-09-24","1883685"
"2023-09-23","1887359"
"2023-09-22","1888192"
"2023-09-21","1895661"
"2023-09-20","1791573"
"2023-09-19","1899181"
"2023-09-18","1886506"
"2023-09-17","1890955"
"2023-09-16","1888953"
"2023-09-15","1886105"
"2023-09-14","1839442"
"2023-09-13","1880398"
"2023-09-12","1875615"
"2023-09-11","1898171"
"2023-09-10","1879739"
"2023-09-09","1894218"
"2023-09-08","1892270"
"2023-09-07","1883037"
"2023-09-06","1882859"
"2023-09-05","1882766"
"2023-09-04","1898046"
"2023-09-03","1889062"
"2023-09-02","1899662"
"2023-09-01","1880794"
"2023-08-31","1845356"
"2023-08-30","1335778"
"2023-08-29","1901313"
"2023-08-28","1890830"
"2023-08-27","1884879"
"2023-08-26","1897834"
"2023-08-25","1882366"
"2023-08-24","1887633"
"2023-08-23","1890923"
"2023-08-22","1884465"
"2023-08-21","1889894"
"2023-08-20","1896759"
"2023-08-19","1890591"
"2023-08-18","1881998"
"2023-08-17","1848155"
"2023-08-16","1889716"
"2023-08-15","1884153"
"2023-08-14","1876981"
"2023-08-13","1900339"
"2023-08-12","1886652"
"2023-08-11","1885025"
"2023-08-10","1898251"
"2023-08-09","1341660"
"2023-08-08","1880088"
"2023-08-07","1890298"
"2023-08-06","1891999"
"2023-08-05","1873633"
"2023-08-04","1791764"
"2023-08-03","1885518"
"2023-08-02","1881841"
"2023-08-01","1780635"
"2023-07-31","1890166"
"2023-07-30","1891358"
"2023-07-29","1893773"
"2023-07-28","1885492"
"2023-07-27","1896883"
"2023-07-26","1883885"
"2023-07-25","1881789"
"2023-07-24","1876460"
"2023-07-23","1882632"
"2023-07-22","1892558"
"2023-07-21","1884078"
"2023-07-20","1842776"
"2023-07-19","1339343"
"2023-07-18","1886949"
"2023-07-17","1876748"
"2023-07-16","1878820"
"2023-07-15","1892472"
"2023-07-14","1885390"
"2023-07-13","1833101"
"2023-07-12","1887183"
"2023-07-11","1881323"
"2023-07-10","1891560"
"2023-07-09","1893652"
"2023-07-08","1888296"
"2023-07-07","1819274"
"2023-07-06","1828046"
"2023-07-05","1833409"
"2023-07-04","1843603"
"2023-07-03","1896921"
"2023-07-02","1886246"
"2023-07-01","1893234"
"2023-06-30","1781116"
"2023-06-29","1884385"
"2023-06-28","1786237"
"2023-06-27","1894434"
"2023-06-26","1892052"
"2023-06-25","1898116"
"2023-06-24","1877547"
"2023-06-23","1889920"
"2023-06-22","1898098"
"2023-06-21","1888626"
"2023-06-20","1879086"
"2023-06-19","1888452"
"2023-06-18","1890480"
"2023-06-17","1874603"
"2023-06-16","1791435"
"2023-06-15","1882106"
"2023-06-14","1786569"
"2023-06-13","1131889"
"2023-06-12","1885572"
"2023-06-11","1886952"
"2023-06-10","1893244"
"2023-06-09","1885080"
"2023-06-08","1830032"
"2023-06-07","1303818"
"2023-06-06","1891092"
"2023-06-05","1895343"
"2023-06-04","1886691"
"2023-06-03","1900198"
"2023-06-02","1795068"
"2023-06-01","1881077"
"2023-05-31","1792718"
"2023-05-30","1892131"
"2023-05-29","1875171"
"2023-05-28","1892296"
"2023-05-27","1880418"
"2023-05-26","1780799"
"2023-05-25","1896452"
"2023-05-24","1790664"
"2023-05-23","1894398"
"2023-05-22","1875441"
"2023-05-21","1890588"
"2023-05-20","1888388"
"2023-05-19","1901265"
"2023-05-18","1833530"
"2023-05-17","1839259"
"2023-05-16","1894707"
"2023-05-15","1890312"
"2023-05-14","1886054"
"2023-05-13","1896520"
"2023-05-12","1892727"
"2023-05-11","1885354"
"2023-05-10","1892927"
"2023-05-09","1879158"
"2023-05-08","1893342"
"2023-05-07","1878992"
"2023-05-06","1882301"
"2023-05-05","1887768"
"2023-05-04","1880561"
"2023-05-03","1885299"
"2023-05-02","1898508"
"2023-05-01","1878973"
"2023-04-30","1879132"
"2023-04-29","1887938"
"2023-04-28","1873556"
"2023-04-27","1893870"
"2023-04-26","3244686"
"2023-04-25","3695866"
"2023-04-24","1883582"
"2023-04-23","1894340"
"2023-04-22","2698869"
"2023-04-21","1787599"
"2023-04-20","2564507"
"2023-04-19","1896505"
"2023-04-18","1886978"
"2023-04-17","1889071"
"2023-04-16","3690408"
"2023-04-15","2471906"
"2023-04-14","1682377"
"2023-04-13","1703437"
"2023-04-12","2128590"
"2023-04-11","3563878"
"2023-04-10","3693206"
"2023-04-09","3659941"
"2023-04-08","3696927"
"2023-04-07","3701314"
"2023-04-06","3700912"
"2023-04-05","3753605"
"2023-04-04","3707175"
"2023-04-03","3697756"
"2023-04-02","3694577"
"2023-04-01","3739189"
"2023-03-31","3701904"
"2023-03-30","3707324"
"2023-03-29","3669095"
"2023-03-28","3702902"
"2023-03-27","3723293"
"2023-03-26","3736510"
"2023-03-25","3468616"
"2023-03-24","1697212"
"2023-03-23","1699460"
"2023-03-22","1722172"
"2023-03-21","2459937"
"2023-03-20","3735261"
"2023-03-19","3711622"
"2023-03-18","3689587"
"2023-03-17","3135489"
"2023-03-16","2337371"
"2023-03-15","3458701"
"2023-03-14","3656696"
"2023-03-13","3661757"
"2023-03-12","3694462"
"2023-03-11","3655171"
"2023-03-10","2872150"
"2023-03-09","2337041"
"2023-03-08","2323124"
"2023-03-07","3652459"
"2023-03-06","3722569"
"2023-03-05","3698945"
"2023-03-04","3687217"
"2023-03-03","3659315"
"2023-03-02","2682696"
"2023-03-01","3188902"
"2023-02-28","3702025"
"2023-02-27","3684110"
"2023-02-26","3664242"
"2023-02-25","3679282"
"2023-02-24","3531006"
"2023-02-23","3013521"
"2023-02-22","3029997"
"2023-02-21","3723181"
"2023-02-20","3649554"
"2023-02-19","3690640"
"2023-02-18","3657878"
"2023-02-17","3719322"
"2023-02-16","3670556"
"2023-02-15","3720009"
"2023-02-14","3679899"
"2023-02-13","3728052"
"2023-02-12","3677974"
"2023-02-11","3691976"
"2023-02-10","2335230"
"2023-02-09","2316567"
"2023-02-08","2363871"
"2023-02-07","3545050"
"2023-02-06","3704161"
"2023-02-05","3625383"
"2023-02-04","3678042"
"2023-02-03","3658634"
"2023-02-02","3685999"
"2023-02-01","3687838"
"2023-01-31","3666761"
"2023-01-30","3653696"
"2023-01-29","3687227"
"2023-01-28","3696532"
"2023-01-27","3686496"
"2023-01-26","3713140"
"2023-01-25","3689857"
"2023-01-24","3721448"
"2023-01-23","3714472"
"2023-01-22","3708292"
"2023-01-21","3702610"
"2023-01-20","3675423"
"2023-01-19","3704227"
"2023-01-18","3674245"
"2023-01-17","3723245"
"2023-01-16","3676893"
"2023-01-15","3680155"
"2023-01-14","3701157"
"2023-01-13","1978323"
"2023-01-12","2094255"
"2023-01-11","2390414"
"2023-01-10","2334174"
"2023-01-09","2509819"
"2023-01-08","3727301"
"2023-01-07","3724206"
"2023-01-06","3670604"
"2023-01-05","3671254"
"2023-01-04","3731762"
"2023-01-03","3729284"
"2023-01-02","3687318"
"2023-01-01","3712779"
"2022-12-31","3738762"
"2022-12-30","2348321"
"2022-12-29","2255174"
"2022-12-28","1702886"
"2022-12-27","3460358"
"2022-12-26","3717034"
"2022-12-25","3679582"
"2022-12-24","3698814"
"2022-12-23","3696811"
"2022-12-22","3701083"
"2022-12-21","3660102"
"2022-12-20","3679466"
"2022-12-19","3669404"
"2022-12-18","3737354"
"2022-12-17","3655925"
"2022-12-16","3547876"
"2022-12-15","2331567"
"2022-12-14","1702979"
"2022-12-13","1687210"
"2022-12-12","1716745"
"2022-12-11","1643097"
"2022-12-10","1382205"
"2022-12-09","1421611"
"2022-12-08","1705091"
"2022-12-07","2110396"
"2022-12-06","2700081"
"2022-12-05","3733129"
"2022-12-04","3662292"
"2022-12-03","3662849"
"2022-12-02","3029607"
"2022-12-01","3712897"
"2022-11-30","3696297"
"2022-11-29","3745146"
"2022-11-28","3721245"
"2022-11-27","3689259"
"2022-11-26","3697615"
"2022-11-25","3706407"
"2022-11-24","2979195"
"2022-11-23","2493918"
"2022-11-22","3683116"
"2022-11-21","3681017"
"2022-11-20","3714717"
"2022-11-19","3694434"
"2022-11-18","3709319"
"2022-11-17","3721973"
"2022-11-16","3714751"
"2022-11-15","3693745"
"2022-11-14","3700617"
"2022-11-13","3721128"
"2022-11-12","3692357"
"2022-11-11","3156010"
"2022-11-10","2885665"
"2022-11-09","2415154"
"2022-11-08","3686864"
"2022-11-07","3690474"
"2022-11-06","3661480"
"2022-11-05","3502141"
"2022-11-04","2349586"
"2022-11-03","2356566"
"2022-11-02","3207457"
"2022-11-01","3727887"
"2022-10-31","3705151"
"2022-10-30","1889996"
"2022-10-29","3030650"
"2022-10-28","1879509"
"2022-10-27","1893903"
"2022-10-26","1887018"
"2022-10-25","1893020"
"2022-10-24","1882064"
"2022-10-23","1889629"
"2022-10-22","1897991"
"2022-10-21","1887962"
"2022-10-20","1884609"
"2022-10-19","2359697"
"2022-10-18","3530885"
"2022-10-17","3689122"
"2022-10-16","3693120"
"2022-10-15","3702980"
"2022-10-14","3137818"
"2022-10-13","2351985"
"2022-10-12","2362952"
"2022-10-11","2387579"
"2022-10-10","3362303"
"2022-10-09","3683759"
"2022-10-08","3721270"
"2022-10-07","3737136"
"2022-10-06","3681209"
"2022-10-05","3678595"
"2022-10-04","3692488"
"2022-10-03","3702457"
"2022-10-02","3698720"
"2022-10-01","3653071"
"2022-09-30","3654239"
"2022-09-29","2336666"
"2022-09-28","3200380"
"2022-09-27","3694021"
"2022-09-26","3727130"
"2022-09-25","3695378"
"2022-09-24","3703549"
"2022-09-23","3732249"
"2022-09-22","2846377"
"2022-09-21","2359190"
"2022-09-20","2343613"
"2022-09-19","3329084"
"2022-09-18","3710045"
"2022-09-17","3662138"
"2022-09-16","3006767"
"2022-09-15","2364748"
"2022-09-14","2322963"
"2022-09-13","3376850"
"2022-09-12","3693559"
"2022-09-11","3743117"
"2022-09-10","3691663"
"2022-09-09","3707349"
"2022-09-08","2871378"
"2022-09-07","2595396"
"2022-09-06","3670250"
"2022-09-05","3693475"
"2022-09-04","3706626"
"2022-09-03","3707754"
"2022-09-02","2816543"
"2022-09-01","2322735"
"2022-08-31","2527007"
"2022-08-30","3726812"
"2022-08-29","3702976"
"2022-08-28","3713140"
"2022-08-27","3717701"
"2022-08-26","3662616"
"2022-08-25","2797140"
"2022-08-24","3206259"
"2022-08-23","3715832"
"2022-08-22","3737011"
"2022-08-21","3673435"
"2022-08-20","3728107"
"2022-08-19","3703795"
"2022-08-18","3714001"
"2022-08-17","3680643"
"2022-08-16","3704591"
"2022-08-15","3695674"
"2022-08-14","3708795"
"2022-08-13","3698336"
"2022-08-12","3576447"
"2022-08-11","2330309"
"2022-08-10","2510336"
"2022-08-09","3677683"
"2022-08-08","3665259"
"2022-08-07","3684376"
"2022-08-06","3710746"
"2022-08-05","3669872"
"2022-08-04","3675544"
"2022-08-03","3670873"
"2022-08-02","3733279"
"2022-08-01","3674454"
"2022-07-31","3695038"
"2022-07-30","3686310"
"2022-07-29","3534367"
"2022-07-28","3727184"
"2022-07-27","3663240"
"2022-07-26","3704196"
"2022-07-25","3721535"
"2022-07-24","3726850"
"2022-07-23","3674767"
"2022-07-22","3708261"
"2022-07-21","3700707"
"2022-07-20","3683847"
"2022-07-19","3691547"
"2022-07-18","3727841"
"2022-07-17","3686951"
"2022-07-16","3694264"
"2022-07-15","3248944"
"2022-07-14","1663442"
"2022-07-13","2088653"
"2022-07-12","2521052"
"2022-07-11","3635512"
"2022-07-10","3524645"
"2022-07-09","3213271"
"2022-07-08","3675658"
"2022-07-07","3702913"
"2022-07-06","2712476"
"2022-07-05","2268186"
"2022-07-04","3700629"
"2022-07-03","3704323"
"2022-07-02","3685910"
"2022-07-01","3661654"
"2022-06-30","3667779"
"2022-06-29","3693943"
"2022-06-28","3679881"
"2022-06-27","3674283"
"2022-06-26","3710307"
"2022-06-25","3683608"
"2022-06-24","3728452"
"2022-06-23","3046433"
"2022-06-22","3712087"
"2022-06-21","3719394"
"2022-06-20","3664565"
"2022-06-19","3670584"
"2022-06-18","3673302"
"2022-06-17","3699713"
"2022-06-16","3688121"
"2022-06-15","3214285"
"2022-06-14","3705639"
"2022-06-13","3715204"
"2022-06-12","3718327"
"2022-06-11","3702173"
"2022-06-10","3029225"
"2022-06-09","3483830"
"2022-06-08","3716817"
"2022-06-07","3690940"
"2022-06-06","3699564"
"2022-06-05","3672452"
"2022-06-04","3717415"
"2022-06-03","3730801"
"2022-06-02","2844209"
"2022-06-01","2357514"
"2022-05-31","3191241"
"2022-05-30","3729072"
"2022-05-29","3682620"
"2022-05-28","2591139"
"2022-05-27","3697612"
"2022-05-26","3716786"
"2022-05-25","3684596"
"2022-05-24","3725817"
"2022-05-23","3678298"
"2022-05-22","3726470"
"2022-05-21","3697932"
"2022-05-20","3710835"
"2022-05-19","3018387"
"2022-05-18","3695925"
"2022-05-17","3735186"
"2022-05-16","3678969"
"2022-05-15","3707843"
"2022-05-14","3674472"
"2022-05-13","3679446"
"2022-05-12","3704876"
"2022-05-11","3698277"
"2022-05-10","3677407"
"2022-05-09","3734810"
"2022-05-08","3706017"
"2022-05-07","2825093"
"2022-05-06","3165690"
"2022-05-05","3674376"
"2022-05-04","3719852"
"2022-05-03","3709611"
"2022-05-02","3703331"
"2022-05-01","3697705"
"2022-04-30","3713289"
"2022-04-29","3692903"
"2022-04-28","3678740"
"2022-04-27","3682795"
"2022-04-26","3708507"
"2022-04-25","3713754"
"2022-04-24","3686493"
"2022-04-23","3694380"
"2022-04-22","3722665"
"2022-04-21","2431068"
"2022-04-20","1698200"
"2022-04-19","3355820"
"2022-04-18","3665195"
"2022-04-17","3721359"
"2022-04-16","3704188"
"2022-04-15","3722566"
"2022-04-14","3023648"
"2022-04-13","2351279"
"2022-04-12","3652915"
"2022-04-11","3708387"
"2022-04-10","3683416"
"2022-04-09","3715823"
"2022-04-08","3693575"
"2022-04-07","3674061"
"2022-04-06","3697278"
"2022-04-05","3720586"
"2022-04-04","3666779"
"2022-04-03","3692936"
"2022-04-02","3686866"
"2022-04-01","3696208"
"2022-03-31","3029931"
"2022-03-30","3178034"
"2022-03-29","3726002"
"2022-03-28","3746479"
"2022-03-27","3705879"
"2022-03-26","3668742"
"2022-03-25","3681333"
"2022-03-24","3719433"
"2022-03-23","3731166"
"2022-03-22","3728214"
"2022-03-21","3697888"
"2022-03-20","3696884"
"2022-03-19","3666083"
"2022-03-18","3734903"
"2022-03-17","3712384"
"2022-03-16","3679682"
"2022-03-15","3661909"
"2022-03-14","3682933"
"2022-03-13","3685910"
"2022-03-12","3691367"
"2022-03-11","3428976"
"2022-03-10","2101670"
"2022-03-09","2361312"
"2022-03-08","3588361"
"2022-03-07","3657119"
"2022-03-06","3745472"
"2022-03-05","3705193"
"2022-03-04","3720705"
"2022-03-03","3678821"
"2022-03-02","3682371"
"2022-03-01","3697214"
"2022-02-28","3705733"
"2022-02-27","3656968"
"2022-02-26","3699210"
"2022-02-25","3735598"
"2022-02-24","3675436"
"2022-02-23","3670506"
"2022-02-22","3718946"
"2022-02-21","3671081"
"2022-02-20","3668473"
"2022-02-19","3712458"
"2022-02-18","3661739"
"2022-02-17","3733839"
"2022-02-16","3694833"
"2022-02-15","3711032"
"2022-02-14","3718043"
"2022-02-13","3696968"
"2022-02-12","3697760"
"2022-02-11","3678410"
"2022-02-10","3042482"
"2022-02-09","2366819"
"2022-02-08","3589166"
"2022-02-07","3673614"
"2022-02-06","2975596"
"2022-02-05","3426400"
"2022-02-04","3702952"
"2022-02-03","3682227"
"2022-02-02","3698283"
"2022-02-01","3713770"
"2022-01-31","3718807"
"2022-01-30","3725607"
"2022-01-29","3673000"
"2022-01-28","3116001"
"2022-01-27","1774233"
"2022-01-26","1797096"
"2022-01-25","3599855"
"2022-01-24","3717639"
"2022-01-23","3669937"
"2022-01-22","3699567"
"2022-01-21","2942740"
"2022-01-20","2355379"
"2022-01-19","2346573"
"2022-01-18","3104813"
"2022-01-17","3730750"
"2022-01-16","3721592"
"2022-01-15","3717548"
"2022-01-14","3710763"
"2022-01-13","3727175"
"2022-01-12","3716189"
"2022-01-11","3736051"
"2022-01-10","3718332"
"2022-01-09","3707440"
"2022-01-08","3726675"
"2022-01-07","3686623"
"2022-01-06","3689078"
"2022-01-05","3731323"
"2022-01-04","3694686"
"2022-01-03","3684345"
"2022-01-02","3706903"
"2022-01-01","3364048"
"2021-12-31","1363681"
"2021-12-30","1376853"
"2021-12-29","1605992"
"2021-12-28","1721677"
"2021-12-27","1720395"
"2021-12-26","1701449"
"2021-12-25","1609336"
"2021-12-24","1500991"
"2021-12-23","1653039"
"2021-12-22","1789120"
"2021-12-21","2354132"
"2021-12-20","2343597"
"2021-12-19","2409250"
"2021-12-18","2977089"
"2021-12-17","1960458"
"2021-12-16","1731069"
"2021-12-15","1393102"
"2021-12-14","1714290"
"2021-12-13","1703192"
"2021-12-12","1702787"
"2021-12-11","1700872"
"2021-12-10","1796831"
"2021-12-09","2316987"
"2021-12-08","2347780"
"2021-12-07","2340598"
"2021-12-06","2412197"
"2021-12-05","3371155"
"2021-12-04","3657015"
"2021-12-03","2877697"
"2021-12-02","1691070"
"2021-12-01","2081213"
"2021-11-30","2134766"
"2021-11-29","1695957"
"2021-11-28","1697340"
"2021-11-27","1694880"
"2021-11-26","1545132"
"2021-11-25","1448349"
"2021-11-24","2100979"
"2021-11-23","2364533"
"2021-11-22","2347323"
"2021-11-21","2339964"
"2021-11-20","2052350"
"2021-11-19","2504969"
"2021-11-18","3675425"
"2021-11-17","3679411"
"2021-11-16","3709184"
"2021-11-15","3716959"
"2021-11-14","3705125"
"2021-11-13","3706485"
"2021-11-12","3707038"
"2021-11-11","2811201"
"2021-11-10","1674623"
"2021-11-09","1709070"
"2021-11-08","1436736"
"2021-11-07","1247359"
"2021-11-06","1273082"
"2021-11-05","1464267"
"2021-11-04","1827890"
"2021-11-03","2337990"
"2021-11-02","3686080"
"2021-11-01","3703828"
"2021-10-31","3675432"
"2021-10-30","3703987"
"2021-10-29","3724600"
"2021-10-28","3727659"
"2021-10-27","3699861"
"2021-10-26","3723410"
"2021-10-25","3704094"
"2021-10-24","3698002"
"2021-10-23","3717069"
"2021-10-22","3706671"
"2021-10-21","3703174"
"2021-10-20","3687127"
"2021-10-19","3687162"
"2021-10-18","3672828"
"2021-10-17","3744513"
"2021-10-16","3675145"
"2021-10-15","3676813"
"2021-10-14","3687488"
"2021-10-13","3690200"
"2021-10-12","3722374"
"2021-10-11","3675293"
"2021-10-10","3656643"
"2021-10-09","3711186"
"2021-10-08","3698209"
"2021-10-07","3680935"
"2021-10-06","3732310"
"2021-10-05","3709553"
"2021-10-04","3744534"
"2021-10-03","3672410"
"2021-10-02","3696626"
"2021-10-01","3690812"
"2021-09-30","3692023"
"2021-09-29","3691163"
"2021-09-28","3715717"
"2021-09-27","3732295"
"2021-09-26","3688725"
"2021-09-25","3722087"
"2021-09-24","3688570"
"2021-09-23","3295249"
"2021-09-22","3691269"
"2021-09-21","3702557"
"2021-09-20","3678424"
"2021-09-19","2861557"
"2021-09-18","1570771"
"2021-09-17","1384148"
"2021-09-16","1378151"
"2021-09-15","1382207"
"2021-09-14","1556556"
"2021-09-13","1695155"
"2021-09-12","1688325"
"2021-09-11","1696111"
"2021-09-10","1686019"
"2021-09-09","2119204"
"2021-09-08","2734967"
"2021-09-07","3693695"
"2021-09-06","3749589"
"2021-09-05","3695164"
"2021-09-04","3535321"
"2021-09-03","2367129"
"2021-09-02","2362007"
"2021-09-01","3189792"
"2021-08-31","3681758"
"2021-08-30","3696875"
"2021-08-29","3724515"
"2021-08-28","3689229"
"2021-08-27","3678563"
"2021-08-26","3755255"
"2021-08-25","3672244"
"2021-08-24","2848956"
"2021-08-23","2362560"
"2021-08-22","2334800"
"2021-08-21","2341456"
"2021-08-20","2508855"
"2021-08-19","3689856"
"2021-08-18","3697723"
"2021-08-17","3706757"
"2021-08-16","3666659"
"2021-08-15","3690081"
"2021-08-14","3722145"
"2021-08-13","3714980"
"2021-08-12","3699066"
"2021-08-11","3680272"
"2021-08-10","3683472"
"2021-08-09","3718061"
"2021-08-08","3673951"
"2021-08-07","3695772"
"2021-08-06","3685266"
"2021-08-05","3655732"
"2021-08-04","3725342"
"2021-08-03","3748508"
"2021-08-02","3686987"
"2021-08-01","3703252"
"2021-07-31","3672329"
"2021-07-30","3648162"
"2021-07-29","3495483"
"2021-07-28","3340366"
"2021-07-27","3717948"
"2021-07-26","3696371"
"2021-07-25","3681172"
"2021-07-24","3680257"
"2021-07-23","3023655"
"2021-07-22","1917781"
"2021-07-21","2087488"
"2021-07-20","2346916"
"2021-07-19","2346407"
"2021-07-18","2375672"
"2021-07-17","2321193"
"2021-07-16","2508771"
"2021-07-15","3734374"
"2021-07-14","3649586"
"2021-07-13","2654404"
"2021-07-12","2355792"
"2021-07-11","2363913"
"2021-07-10","2325126"
"2021-07-09","2519798"
"2021-07-08","3678009"
"2021-07-07","3663898"
"2021-07-06","3685855"
"2021-07-05","3705937"
"2021-07-04","3704043"
"2021-07-03","3510563"
"2021-07-02","2717364"
"2021-07-01","3704389"
"2021-06-30","3702308"
"2021-06-29","3713157"
"2021-06-28","3721222"
"2021-06-27","3693169"
"2021-06-26","3711871"
"2021-06-25","3688547"
"2021-06-24","3684149"
"2021-06-23","3167207"
"2021-06-22","3654811"
"2021-06-21","3709168"
"2021-06-20","3695090"
"2021-06-19","2819316"
"2021-06-18","3173280"
"2021-06-17","3732568"
"2021-06-16","3711472"
"2021-06-15","3730003"
"2021-06-14","3723685"
"2021-06-13","3669064"
"2021-06-12","3678744"
"2021-06-11","3697018"
"2021-06-10","3703621"
"2021-06-09","3713563"
"2021-06-08","3686750"
"2021-06-07","3727057"
"2021-06-06","3677666"
"2021-06-05","3726091"
"2021-06-04","3703004"
"2021-06-03","3737909"
"2021-06-02","3289377"
"2021-06-01","3319182"
"2021-05-31","3391537"
"2021-05-30","3661313"
"2021-05-29","2708823"
"2021-05-28","3454407"
"2021-05-27","3690487"
"2021-05-26","3680260"
"2021-05-25","3696764"
"2021-05-24","3708478"
"2021-05-23","3688373"
"2021-05-22","3699927"
"2021-05-21","3700165"
"2021-05-20","3666813"
"2021-05-19","3722597"
"2021-05-18","3694858"
"2021-05-17","3660465"
"2021-05-16","3705153"
"2021-05-15","3691281"
"2021-05-14","3712692"
"2021-05-13","3704572"
"2021-05-12","3707646"
"2021-05-11","3721821"
"2021-05-10","2351710"
"2021-05-09","2378874"
"2021-05-08","2359339"
"2021-05-07","3001291"
"2021-05-06","3713580"
"2021-05-05","3740528"
"2021-05-04","3676295"
"2021-05-03","3696377"
"2021-05-02","3707290"
"2021-05-01","3443621"
"2021-04-30","2565135"
"2021-04-29","3650624"
"2021-04-28","3708055"
"2021-04-27","3701651"
"2021-04-26","3683398"
"2021-04-25","3715389"
"2021-04-24","3706487"
"2021-04-23","3705516"
"2021-04-22","3321391"
"2021-04-21","2339085"
"2021-04-20","3223045"
"2021-04-19","3720241"
"2021-04-18","3702228"
"2021-04-17","3694271"
"2021-04-16","3717459"
"2021-04-15","3756594"
"2021-04-14","3695581"
"2021-04-13","3704652"
"2021-04-12","3706278"
"2021-04-11","3723311"
"2021-04-10","3716204"
"2021-04-09","3693313"
"2021-04-08","3667439"
"2021-04-07","3716549"
"2021-04-06","3712900"
"2021-04-05","3714887"
"2021-04-04","3712005"
"2021-04-03","3724532"
"2021-04-02","3665437"
"2021-04-01","3723419"
"2021-03-31","3728771"
"2021-03-30","3748694"
"2021-03-29","3683401"
"2021-03-28","3709127"
"2021-03-27","3671355"
"2021-03-26","3661103"
"2021-03-25","3752305"
"2021-03-24","3672326"
"2021-03-23","3656301"
"2021-03-22","3691820"
"2021-03-21","3729940"
"2021-03-20","2893159"
"2021-03-19","2526285"
"2021-03-18","2996837"
"2021-03-17","3206063"
"2021-03-16","3709581"
"2021-03-15","3689689"
"2021-03-14","3657657"
"2021-03-13","3701236"
"2021-03-12","3691989"
"2021-03-11","3709843"
"2021-03-10","3703364"
"2021-03-09","3685018"
"2021-03-08","3701381"
"2021-03-07","3669878"
"2021-03-06","3684119"
"2021-03-05","3506355"
"2021-03-04","3039570"
"2021-03-03","3347071"
"2021-03-02","3701871"
"2021-03-01","3677766"
"2021-02-28","3163875"
"2021-02-27","2332816"
"2021-02-26","2379675"
"2021-02-25","2347978"
"2021-02-24","2361027"
"2021-02-23","3077961"
"2021-02-22","3711608"
"2021-02-21","3716298"
"2021-02-20","3693774"
"2021-02-19","3717287"
"2021-02-18","3716614"
"2021-02-17","3689692"
"2021-02-16","3687426"
"2021-02-15","3689134"
"2021-02-14","3671209"
"2021-02-13","3706808"
"2021-02-12","3759465"
"2021-02-11","3705974"
"2021-02-10","3685112"
"2021-02-09","3698001"
"2021-02-08","3695836"
"2021-02-07","2603551"
"2021-02-06","2108291"
"2021-02-05","2326798"
"2021-02-04","2294140"
"2021-02-03","3337146"
"2021-02-02","3701348"
"2021-02-01","3006389"
"2021-01-31","3033506"
"2021-01-30","3033905"
"2021-01-29","3005559"
"2021-01-28","3014483"
"2021-01-27","3007950"
"2021-01-26","3027344"
"2021-01-25","3031766"
"2021-01-24","2085254"
"2021-01-23","2091347"
"2021-01-22","2198512"
"2021-01-21","3023790"
"2021-01-20","3012936"
"2021-01-19","3005501"
"2021-01-18","3013737"
"2021-01-17","3004990"
"2021-01-16","3007696"
"2021-01-15","3022932"
"2021-01-14","3015135"
"2021-01-13","3023877"
"2021-01-12","3016884"
"2021-01-11","3028052"
"2021-01-10","3016275"
"2021-01-09","3032948"
"2021-01-08","3008387"
"2021-01-07","3024285"
"2021-01-06","3020625"
"2021-01-05","3033470"
"2021-01-04","3008614"
"2021-01-03","3007668"
"2021-01-02","3025473"
"2021-01-01","3024465"
"2020-12-31","1894438"
"2020-12-30","1881997"
"2020-12-29","1880552"
"2020-12-28","1893209"
"2020-12-27","1888993"
"2020-12-26","1892693"
"2020-12-25","1895827"
"2020-12-24","1840720"
"2020-12-23","1887167"
"2020-12-22","1895933"
"2020-12-21","1902578"
"2020-12-20","1894202"
"2020-12-19","1891614"
"2020-12-18","1882649"
"2020-12-17","1894135"
"2020-12-16","1886260"
"2020-12-15","1887919"
"2020-12-14","1880132"
"2020-12-13","1899312"
"2020-12-12","1878474"
"2020-12-11","1840207"
"2020-12-10","1873243"
"2020-12-09","1883064"
"2020-12-08","1885470"
"2020-12-07","1884320"
"2020-12-06","1881014"
"2020-12-05","1885118"
"2020-12-04","1881249"
"2020-12-03","1890335"
"2020-12-02","1883420"
"2020-12-01","1897850"
"2020-11-30","1892687"
"2020-11-29","1886768"
"2020-11-28","1875350"
"2020-11-27","1838012"
"2020-11-26","1891096"
"2020-11-25","1889902"
"2020-11-24","1894872"
"2020-11-23","1888507"
"2020-11-22","1880860"
"2020-11-21","1530837"
"2020-11-20","1836170"
"2020-11-19","1898537"
"2020-11-18","1884774"
"2020-11-17","1874694"
"2020-11-16","1836506"
"2020-11-15","1891442"
"2020-11-14","1883871"
"2020-11-13","1878065"
"2020-11-12","1875932"
"2020-11-11","1835118"
"2020-11-10","1880698"
"2020-11-09","1880711"
"2020-11-08","1875447"
"2020-11-07","1887851"
"2020-11-06","1897808"
"2020-11-05","1887187"
"2020-11-04","1882400"
"2020-11-03","1894470"
"2020-11-02","1898963"
"2020-11-01","1781309"
"2020-10-31","1876998"
"2020-10-30","1892167"
"2020-10-29","1878444"
"2020-10-28","1886612"
"2020-10-27","1895797"
"2020-10-26","1874844"
"2020-10-25","1893315"
"2020-10-24","1879594"
"2020-10-23","1881409"
"2020-10-22","1850161"
"2020-10-21","1802939"
"2020-10-20","1781288"
"2020-10-19","1837630"
"2020-10-18","1847343"
"2020-10-17","1834298"
"2020-10-16","1784702"
"2020-10-15","1846502"
"2020-10-14","1843749"
"2020-10-13","1842460"
"2020-10-12","1892280"
"2020-10-11","1875142"
"2020-10-10","1887753"
"2020-10-09","1876088"
"2020-10-08","1885483"
"2020-10-07","1893336"
"2020-10-06","1886998"
"2020-10-05","1887390"
"2020-10-04","1886358"
"2020-10-03","1893356"
"2020-10-02","1891485"
"2020-10-01","1893100"
"2020-09-30","1884241"
"2020-09-29","1871174"
"2020-09-28","1882307"
"2020-09-27","1895383"
"2020-09-26","1892470"
"2020-09-25","1886574"
"2020-09-24","1886003"
"2020-09-23","1831568"
"2020-09-22","1893158"
"2020-09-21","1830309"
"2020-09-20","1848451"
"2020-09-19","1837686"
"2020-09-18","1885012"
"2020-09-17","1885855"
"2020-09-16","1892276"
"2020-09-15","1884976"
"2020-09-14","1894510"
"2020-09-13","1890079"
"2020-09-12","1891889"
"2020-09-11","1889616"
"2020-09-10","1889338"
"2020-09-09","1878267"
"2020-09-08","1880653"
"2020-09-07","1885700"
"2020-09-06","1881732"
"2020-09-05","1879104"
"2020-09-04","1890530"
"2020-09-03","1882645"
"2020-09-02","1889058"
"2020-09-01","1884871"
"2020-08-31","1876008"
"2020-08-30","1884715"
"2020-08-29","1886889"
"2020-08-28","1891064"
"2020-08-27","1883221"
"2020-08-26","1885182"
"2020-08-25","1887537"
"2020-08-24","1888159"
"2020-08-23","1891599"
"2020-08-22","1888699"
"2020-08-21","1888389"
"2020-08-20","1880124"
"2020-08-19","1875297"
"2020-08-18","1836220"
"2020-08-17","1881611"
"2020-08-16","1887042"
"2020-08-15","1887359"
"2020-08-14","1880290"
"2020-08-13","1886428"
"2020-08-12","1885615"
"2020-08-11","1895561"
"2020-08-10","1886134"
"2020-08-09","1880598"
"2020-08-08","1883340"
"2020-08-07","1842090"
"2020-08-06","1886753"
"2020-08-05","1902012"
"2020-08-04","1900772"
"2020-08-03","1841471"
"2020-08-02","1840061"
"2020-08-01","1891231"
"2020-07-31","1884774"
"2020-07-30","1881095"
"2020-07-29","1839862"
"2020-07-28","1835320"
"2020-07-27","1844502"
"2020-07-26","1838109"
"2020-07-25","1781440"
"2020-07-24","1846423"
"2020-07-23","1887879"
"2020-07-22","1888829"
"2020-07-21","1889884"
"2020-07-20","1901125"
"2020-07-19","1888327"
"2020-07-18","1888772"
"2020-07-17","1872985"
"2020-07-16","1883806"
"2020-07-15","1870517"
"2020-07-14","1888188"
"2020-07-13","1889880"
"2020-07-12","1883688"
"2020-07-11","1888132"
"2020-07-10","1879785"
"2020-07-09","1888993"
"2020-07-08","1886175"
"2020-07-07","1878708"
"2020-07-06","1779989"
"2020-07-05","1880251"
"2020-07-04","1793265"
"2020-07-03","1891652"
"2020-07-02","1899437"
"2020-07-01","1898968"
"2020-06-30","1883293"
"2020-06-29","1892953"
"2020-06-28","1892227"
"2020-06-27","1829844"
"2020-06-26","1845962"
"2020-06-25","1833613"
"2020-06-24","1888644"
"2020-06-23","1837156"
"2020-06-22","1886972"
"2020-06-21","1889516"
"2020-06-20","1894458"
"2020-06-19","1896772"
"2020-06-18","1901125"
"2020-06-17","1876790"
"2020-06-16","1896113"
"2020-06-15","1890082"
"2020-06-14","1873744"
"2020-06-13","1887091"
"2020-06-12","1879531"
"2020-06-11","1897616"
"2020-06-10","1883216"
"2020-06-09","1896744"
"2020-06-08","1893171"
"2020-06-07","1892895"
"2020-06-06","1888807"
"2020-06-05","1874523"
"2020-06-04","1892732"
"2020-06-03","1886982"
"2020-06-02","1871577"
"2020-06-01","1892258"
"2020-05-31","1893376"
"2020-05-30","1826385"
"2020-05-29","1843997"
"2020-05-28","1888157"
"2020-05-27","1884373"
"2020-05-26","1873874"
"2020-05-25","1902295"
"2020-05-24","1882318"
"2020-05-23","1889939"
"2020-05-22","1888775"
"2020-05-21","1887211"
"2020-05-20","1877902"
"2020-05-19","1885416"
"2020-05-18","1875773"
"2020-05-17","1893359"
"2020-05-16","1864009"
"2020-05-15","1882887"
"2020-05-14","1937754"
"2020-05-13","1943653"
"2020-05-12","1938690"
"2020-05-11","1931860"
"2020-05-10","1953196"
"2020-05-09","1954293"
"2020-05-08","1943663"
"2020-05-07","1955569"
"2020-05-06","1937006"
"2020-05-05","1934932"
"2020-05-04","1940951"
"2020-05-03","1939975"
"2020-05-02","1946274"
"2020-05-01","1946171"
"2020-04-30","1896820"
"2020-04-29","1884918"
"2020-04-28","1886287"
"2020-04-27","1945673"
"2020-04-26","1935089"
"2020-04-25","1948814"
"2020-04-24","1943444"
"2020-04-23","1932164"
"2020-04-22","1935548"
"2020-04-21","1940151"
"2020-04-20","1887715"
"2020-04-19","1941734"
"2020-04-18","1928668"
"2020-04-17","1833445"
"2020-04-16","1945735"
"2020-04-15","1953427"
"2020-04-14","1942986"
"2020-04-13","1940036"
"2020-04-12","1928156"
"2020-04-11","1941916"
"2020-04-10","1937495"
"2020-04-09","1888357"
"2020-04-08","1891223"
"2020-04-07","1895085"
"2020-04-06","1877838"
"2020-04-05","1892617"
"2020-04-04","1878723"
"2020-04-03","1888091"
"2020-04-02","1953478"
"2020-04-01","1939824"
"2020-03-31","1935647"
"2020-03-30","1882769"
"2020-03-29","1945034"
"2020-03-28","1947460"
"2020-03-27","2013113"
"2020-03-26","2009996"
"2020-03-25","2024607"
"2020-03-24","1935930"
"2020-03-23","1884412"
"2020-03-22","1876522"
"2020-03-21","1880359"
"2020-03-20","1882999"
"2020-03-19","1896327"
"2020-03-18","1895859"
"2020-03-17","1890861"
"2020-03-16","1884676"
"2020-03-15","1890236"
"2020-03-14","1888689"
"2020-03-13","1845868"
"2020-03-12","1894883"
"2020-03-11","1906249"
"2020-03-10","1885174"
"2020-03-09","1880668"
"2020-03-08","1892471"
"2020-03-07","1891435"
"2020-03-06","1890134"
"2020-03-05","1889302"
"2020-03-04","1897570"
"2020-03-03","1881369"
"2020-03-02","1888494"
"2020-03-01","1940704"
"2020-02-29","1932261"
"2020-02-28","1944882"
"2020-02-27","1940812"
"2020-02-26","1889480"
"2020-02-25","1878819"
"2020-02-24","1884727"
"2020-02-23","1886846"
"2020-02-22","1891876"
"2020-02-21","1877343"
"2020-02-20","1881355"
"2020-02-19","1895544"
"2020-02-18","1892809"
"2020-02-17","1887427"
"2020-02-16","1894618"
"2020-02-15","1924081"
"2020-02-14","1932415"
"2020-02-13","1882854"
"2020-02-12","1893218"
"2020-02-11","1941684"
"2020-02-10","1945641"
"2020-02-09","1945979"
"2020-02-08","1949977"
"2020-02-07","1893052"
"2020-02-06","1887683"
"2020-02-05","1886603"
"2020-02-04","1898098"
"2020-02-03","1886213"
"2020-02-02","1890303"
"2020-02-01","1891829"
"2020-01-31","1927846"
"2020-01-30","1939746"
"2020-01-29","1945112"
"2020-01-28","1932705"
"2020-01-27","1936427"
"2020-01-26","1940796"
"2020-01-25","1948726"
"2020-01-24","1939349"
"2020-01-23","1938800"
"2020-01-22","1937334"
"2020-01-21","1943398"
"2020-01-20","1841069"
"2020-01-19","1938279"
"2020-01-18","1927258"
"2020-01-17","1930134"
"2020-01-16","1843827"
"2020-01-15","1941619"
"2020-01-14","1950171"
"2020-01-13","1947249"
"2020-01-12","1937773"
"2020-01-11","1951929"
"2020-01-10","1942344"
"2020-01-09","1924308"
"2020-01-08","1899896"
"2020-01-07","1896157"
"2020-01-06","1897688"
"2020-01-05","1942867"
"2020-01-04","1944994"
"2020-01-03","1950225"
"2020-01-02","1880665"
"2020-01-01","1829526"
