"日期","未删除评论","已删除评论"
"2020-01-01","148","61"
"2020-01-02","109","44"
"2020-01-03","109","56"
"2020-01-04","136","55"
"2020-01-05","149","58"
"2020-01-06","101","39"
"2020-01-07","114","50"
"2020-01-08","144","41"
"2020-01-09","3206","599"
"2020-01-10","833","177"
"2020-01-11","507","112"
"2020-01-12","378","89"
"2020-01-13","274","88"
"2020-01-14","237","64"
"2020-01-15","208","85"
"2020-01-16","346","106"
"2020-01-17","275","88"
"2020-01-18","313","105"
"2020-01-19","221","102"
"2020-01-20","232","104"
"2020-01-21","306","122"
"2020-01-22","301","98"
"2020-01-23","242","91"
"2020-01-24","1358","206"
"2020-01-25","359","94"
"2020-01-26","324","116"
"2020-01-27","340","122"
"2020-01-28","303","126"
"2020-01-29","321","156"
"2020-01-30","311","129"
"2020-01-31","309","170"
"2020-02-01","346","127"
"2020-02-02","317","144"
"2020-02-03","310","152"
"2020-02-04","327","154"
"2020-02-05","374","171"
"2020-02-06","347","108"
"2020-02-07","367","124"
"2020-02-08","356","137"
"2020-02-09","404","134"
"2020-02-10","356","120"
"2020-02-11","517","140"
"2020-02-12","483","150"
"2020-02-13","540","163"
"2020-02-14","521","141"
"2020-02-15","503","156"
"2020-02-16","577","168"
"2020-02-17","598","168"
"2020-02-18","671","178"
"2020-02-19","591","142"
"2020-02-20","501","140"
"2020-02-21","554","152"
"2020-02-22","580","153"
"2020-02-23","507","180"
"2020-02-24","438","178"
"2020-02-25","470","245"
"2020-02-26","556","281"
"2020-02-27","495","241"
"2020-02-28","432","198"
"2020-02-29","385","240"
"2020-03-01","361","270"
"2020-03-02","322","255"
"2020-03-03","375","238"
"2020-03-04","387","250"
"2020-03-05","319","221"
"2020-03-06","298","219"
"2020-03-07","356","269"
"2020-03-08","384","295"
"2020-03-09","324","253"
"2020-03-10","358","307"
"2020-03-11","335","298"
"2020-03-12","358","261"
"2020-03-13","365","229"
"2020-03-14","365","206"
"2020-03-15","329","185"
"2020-03-16","371","229"
"2020-03-17","375","261"
"2020-03-18","350","298"
"2020-03-19","322","267"
"2020-03-20","293","246"
"2020-03-21","306","251"
"2020-03-22","270","262"
"2020-03-23","278","248"
"2020-03-24","303","259"
"2020-03-25","307","225"
"2020-03-26","357","258"
"2020-03-27","323","239"
"2020-03-28","271","229"
"2020-03-29","312","243"
"2020-03-30","342","257"
"2020-03-31","8161","3724"
"2020-04-01","1900","776"
"2020-04-02","985","476"
"2020-04-03","717","425"
"2020-04-04","326","235"
"2020-04-05","496","299"
"2020-04-06","326","227"
"2020-04-07","309","196"
"2020-04-08","344","218"
"2020-04-09","320","200"
"2020-04-10","277","223"
"2020-04-11","279","222"
"2020-04-12","258","212"
"2020-04-13","270","177"
"2020-04-14","284","227"
"2020-04-15","276","200"
"2020-04-16","315","155"
"2020-04-17","301","173"
"2020-04-18","344","211"
"2020-04-19","260","218"
"2020-04-20","320","170"
"2020-04-21","360","227"
"2020-04-22","310","189"
"2020-04-23","310","187"
"2020-04-24","280","187"
"2020-04-25","281","170"
"2020-04-26","242","199"
"2020-04-27","280","186"
"2020-04-28","268","172"
"2020-04-29","334","212"
"2020-04-30","996","452"
"2020-05-01","586","267"
"2020-05-02","411","234"
"2020-05-03","400","200"
"2020-05-04","359","218"
"2020-05-05","354","188"
"2020-05-06","308","218"
"2020-05-07","363","199"
"2020-05-08","354","247"
"2020-05-09","271","220"
"2020-05-10","251","179"
"2020-05-11","170","159"
"2020-05-12","213","164"
"2020-05-13","253","171"
"2020-05-14","238","161"
"2020-05-15","254","173"
"2020-05-16","267","205"
"2020-05-17","259","159"
"2020-05-18","180","130"
"2020-05-19","196","109"
"2020-05-20","223","140"
"2020-05-21","210","134"
"2020-05-22","262","172"
"2020-05-23","314","176"
"2020-05-24","278","166"
"2020-05-25","204","130"
"2020-05-26","209","124"
"2020-05-27","195","105"
"2020-05-28","182","116"
"2020-05-29","181","101"
"2020-05-30","192","153"
"2020-05-31","212","139"
"2020-06-01","135","101"
"2020-06-02","177","108"
"2020-06-03","155","116"
"2020-06-04","161","107"
"2020-06-05","174","133"
"2020-06-06","196","186"
"2020-06-07","209","152"
"2020-06-08","166","109"
"2020-06-09","177","136"
"2020-06-10","146","131"
"2020-06-11","146","112"
"2020-06-12","148","100"
"2020-06-13","200","108"
"2020-06-14","177","117"
"2020-06-15","123","63"
"2020-06-16","137","95"
"2020-06-17","134","94"
"2020-06-18","122","107"
"2020-06-19","140","95"
"2020-06-20","202","129"
"2020-06-21","179","112"
"2020-06-22","132","106"
"2020-06-23","147","89"
"2020-06-24","141","111"
"2020-06-25","175","93"
"2020-06-26","184","89"
"2020-06-27","180","93"
"2020-06-28","117","87"
"2020-06-29","151","80"
"2020-06-30","151","84"
"2020-07-01","150","71"
"2020-07-02","153","70"
"2020-07-03","153","78"
"2020-07-04","216","70"
"2020-07-05","188","75"
"2020-07-06","147","47"
"2020-07-07","199","64"
"2020-07-08","163","70"
"2020-07-09","3782","778"
"2020-07-10","758","170"
"2020-07-11","453","133"
"2020-07-12","396","120"
"2020-07-13","285","89"
"2020-07-14","323","94"
"2020-07-15","301","92"
"2020-07-16","242","84"
"2020-07-17","261","82"
"2020-07-18","242","93"
"2020-07-19","218","103"
"2020-07-20","205","80"
"2020-07-21","250","89"
"2020-07-22","223","105"
"2020-07-23","238","103"
"2020-07-24","250","90"
"2020-07-25","281","81"
"2020-07-26","203","99"
"2020-07-27","188","110"
"2020-07-28","254","74"
"2020-07-29","220","94"
"2020-07-30","236","117"
"2020-07-31","248","87"
"2020-08-01","243","108"
"2020-08-02","226","110"
"2020-08-03","212","94"
"2020-08-04","285","88"
"2020-08-05","252","96"
"2020-08-06","238","108"
"2020-08-07","230","92"
"2020-08-08","265","73"
"2020-08-09","204","65"
"2020-08-10","221","77"
"2020-08-11","297","94"
"2020-08-12","240","96"
"2020-08-13","217","101"
"2020-08-14","219","84"
"2020-08-15","239","84"
"2020-08-16","306","88"
"2020-08-17","296","76"
"2020-08-18","222","76"
"2020-08-19","243","76"
"2020-08-20","223","61"
"2020-08-21","219","73"
"2020-08-22","259","68"
"2020-08-23","227","60"
"2020-08-24","176","58"
"2020-08-25","205","51"
"2020-08-26","188","65"
"2020-08-27","199","58"
"2020-08-28","183","66"
"2020-08-29","174","53"
"2020-08-30","185","48"
"2020-08-31","124","42"
"2020-09-01","129","39"
"2020-09-02","105","31"
"2020-09-03","100","35"
"2020-09-04","97","37"
"2020-09-05","164","43"
"2020-09-06","160","38"
"2020-09-07","100","33"
"2020-09-08","114","34"
"2020-09-09","109","33"
"2020-09-10","93","27"
"2020-09-11","101","32"
"2020-09-12","143","46"
"2020-09-13","142","43"
"2020-09-14","95","30"
"2020-09-15","98","32"
"2020-09-16","163","46"
"2020-09-17","101","33"
"2020-09-18","93","25"
"2020-09-19","129","48"
"2020-09-20","128","47"
"2020-09-21","93","41"
"2020-09-22","75","30"
"2020-09-23","88","39"
"2020-09-24","2895","379"
"2020-09-25","619","120"
"2020-09-26","419","91"
"2020-09-27","183","47"
"2020-09-28","148","50"
"2020-09-29","160","40"
"2020-09-30","200","47"
"2020-10-01","184","52"
"2020-10-02","222","63"
"2020-10-03","211","74"
"2020-10-04","206","48"
"2020-10-05","183","56"
"2020-10-06","205","59"
"2020-10-07","175","42"
"2020-10-08","146","50"
"2020-10-09","96","34"
"2020-10-10","119","49"
"2020-10-11","177","55"
"2020-10-12","92","36"
"2020-10-13","111","39"
"2020-10-14","101","38"
"2020-10-15","130","39"
"2020-10-16","145","32"
"2020-10-17","199","62"
"2020-10-18","200","68"
"2020-10-19","132","34"
"2020-10-20","100","26"
"2020-10-21","95","37"
"2020-10-22","111","41"
"2020-10-23","146","37"
"2020-10-24","163","44"
"2020-10-25","180","45"
"2020-10-26","86","26"
"2020-10-27","138","30"
"2020-10-28","162","46"
"2020-10-29","133","57"
"2020-10-30","141","46"
"2020-10-31","201","57"
"2020-11-01","219","76"
"2020-11-02","126","29"
"2020-11-03","137","58"
"2020-11-04","146","50"
"2020-11-05","146","44"
"2020-11-06","142","47"
"2020-11-07","165","48"
"2020-11-08","178","65"
"2020-11-09","87","32"
"2020-11-10","129","48"
"2020-11-11","106","35"
"2020-11-12","121","36"
"2020-11-13","102","40"
"2020-11-14","161","54"
"2020-11-15","147","66"
"2020-11-16","91","29"
"2020-11-17","92","31"
"2020-11-18","118","41"
"2020-11-19","116","28"
"2020-11-20","110","34"
"2020-11-21","144","42"
"2020-11-22","155","43"
"2020-11-23","91","47"
"2020-11-24","102","34"
"2020-11-25","112","42"
"2020-11-26","112","42"
"2020-11-27","105","50"
"2020-11-28","155","52"
"2020-11-29","135","58"
"2020-11-30","100","26"
"2020-12-01","88","33"
"2020-12-02","119","36"
"2020-12-03","102","31"
"2020-12-04","109","44"
"2020-12-05","163","42"
"2020-12-06","163","47"
"2020-12-07","101","30"
"2020-12-08","125","44"
"2020-12-09","119","25"
"2020-12-10","118","36"
"2020-12-11","124","38"
"2020-12-12","161","52"
"2020-12-13","151","55"
"2020-12-14","92","37"
"2020-12-15","82","31"
"2020-12-16","89","35"
"2020-12-17","79","22"
"2020-12-18","109","47"
"2020-12-19","171","45"
"2020-12-20","134","49"
"2020-12-21","95","35"
"2020-12-22","114","37"
"2020-12-23","107","25"
"2020-12-24","115","35"
"2020-12-25","89","26"
"2020-12-26","130","60"
"2020-12-27","113","52"
"2020-12-28","84","31"
"2020-12-29","124","30"
"2020-12-30","87","37"
"2020-12-31","121","38"
"2021-01-01","139","57"
"2021-01-02","144","51"
"2021-01-03","110","49"
"2021-01-04","95","25"
"2021-01-05","90","30"
"2021-01-06","128","32"
"2021-01-07","96","44"
"2021-01-08","124","42"
"2021-01-09","147","50"
"2021-01-10","145","56"
"2021-01-11","92","22"
"2021-01-12","87","29"
"2021-01-13","134","48"
"2021-01-14","5517","808"
"2021-01-15","1623","329"
"2021-01-16","1014","263"
"2021-01-17","689","258"
"2021-01-18","401","138"
"2021-01-19","323","134"
"2021-01-20","449","171"
"2021-01-21","351","125"
"2021-01-22","350","144"
"2021-01-23","391","125"
"2021-01-24","311","142"
"2021-01-25","283","126"
"2021-01-26","445","185"
"2021-01-27","356","145"
"2021-01-28","298","135"
"2021-01-29","293","135"
"2021-01-30","253","116"
"2021-01-31","279","106"
"2021-02-01","286","141"
"2021-02-02","406","188"
"2021-02-03","356","154"
"2021-02-04","409","159"
"2021-02-05","393","146"
"2021-02-06","559","224"
"2021-02-07","406","159"
"2021-02-08","463","164"
"2021-02-09","454","161"
"2021-02-10","486","157"
"2021-02-11","526","182"
"2021-02-12","312","123"
"2021-02-13","313","123"
"2021-02-14","297","118"
"2021-02-15","277","99"
"2021-02-16","371","105"
"2021-02-17","357","99"
"2021-02-18","317","86"
"2021-02-19","260","88"
"2021-02-20","289","95"
"2021-02-21","234","79"
"2021-02-22","217","66"
"2021-02-23","225","56"
"2021-02-24","186","53"
"2021-02-25","204","58"
"2021-02-26","187","77"
"2021-02-27","219","67"
"2021-02-28","167","68"
"2021-03-01","121","36"
"2021-03-02","127","31"
"2021-03-03","111","40"
"2021-03-04","118","54"
"2021-03-05","155","51"
"2021-03-06","212","78"
"2021-03-07","197","70"
"2021-03-08","143","37"
"2021-03-09","145","48"
"2021-03-10","127","40"
"2021-03-11","98","35"
"2021-03-12","115","43"
"2021-03-13","205","76"
"2021-03-14","171","64"
"2021-03-15","105","36"
"2021-03-16","144","48"
"2021-03-17","101","41"
"2021-03-18","79","35"
"2021-03-19","83","23"
"2021-03-20","118","24"
"2021-03-21","99","31"
"2021-03-22","63","12"
"2021-03-23","53","28"
"2021-03-24","66","19"
"2021-03-25","64","28"
"2021-03-26","59","21"
"2021-03-27","105","27"
"2021-03-28","98","35"
"2021-03-29","55","11"
"2021-03-30","76","28"
"2021-03-31","74","19"
"2021-04-01","59","29"
"2021-04-02","63","27"
"2021-04-03","102","31"
"2021-04-04","81","32"
"2021-04-05","80","29"
"2021-04-06","43","29"
"2021-04-07","54","26"
"2021-04-08","2465","395"
"2021-04-09","500","87"
"2021-04-10","354","53"
"2021-04-11","240","63"
"2021-04-12","119","34"
"2021-04-13","103","29"
"2021-04-14","101","33"
"2021-04-15","91","21"
"2021-04-16","122","22"
"2021-04-17","131","48"
"2021-04-18","110","38"
"2021-04-19","93","30"
"2021-04-20","102","26"
"2021-04-21","98","21"
"2021-04-22","101","37"
"2021-04-23","96","36"
"2021-04-24","120","57"
"2021-04-25","124","27"
"2021-04-26","90","29"
"2021-04-27","76","32"
"2021-04-28","84","33"
"2021-04-29","77","21"
"2021-04-30","95","28"
"2021-05-01","153","45"
"2021-05-02","134","38"
"2021-05-03","169","39"
"2021-05-04","146","60"
"2021-05-05","134","41"
"2021-05-06","106","28"
"2021-05-07","97","21"
"2021-05-08","99","30"
"2021-05-09","119","47"
"2021-05-10","97","38"
"2021-05-11","105","30"
"2021-05-12","97","32"
"2021-05-13","91","24"
"2021-05-14","88","33"
"2021-05-15","147","39"
"2021-05-16","148","38"
"2021-05-17","94","33"
"2021-05-18","95","33"
"2021-05-19","104","20"
"2021-05-20","92","26"
"2021-05-21","87","34"
"2021-05-22","124","44"
"2021-05-23","113","38"
"2021-05-24","82","21"
"2021-05-25","82","26"
"2021-05-26","80","29"
"2021-05-27","89","39"
"2021-05-28","87","35"
"2021-05-29","121","35"
"2021-05-30","105","46"
"2021-05-31","80","30"
"2021-06-01","90","32"
"2021-06-02","91","29"
"2021-06-03","90","26"
"2021-06-04","93","32"
"2021-06-05","142","73"
"2021-06-06","147","45"
"2021-06-07","90","28"
"2021-06-08","89","34"
"2021-06-09","74","33"
"2021-06-10","111","24"
"2021-06-11","109","44"
"2021-06-12","134","48"
"2021-06-13","110","43"
"2021-06-14","111","62"
"2021-06-15","75","75"
"2021-06-16","85","45"
"2021-06-17","89","78"
"2021-06-18","101","36"
"2021-06-19","108","54"
"2021-06-20","108","40"
"2021-06-21","77","29"
"2021-06-22","90","31"
"2021-06-23","2928","459"
"2021-06-24","614","94"
"2021-06-25","295","107"
"2021-06-26","285","70"
"2021-06-27","200","55"
"2021-06-28","144","40"
"2021-06-29","144","37"
"2021-06-30","182","50"
"2021-07-01","204","63"
"2021-07-02","173","52"
"2021-07-03","167","61"
"2021-07-04","192","47"
"2021-07-05","155","54"
"2021-07-06","172","46"
"2021-07-07","129","43"
"2021-07-08","147","43"
"2021-07-09","133","51"
"2021-07-10","122","49"
"2021-07-11","145","42"
"2021-07-12","106","42"
"2021-07-13","164","48"
"2021-07-14","159","55"
"2021-07-15","155","47"
"2021-07-16","142","52"
"2021-07-17","138","40"
"2021-07-18","144","54"
"2021-07-19","121","39"
"2021-07-20","94","54"
"2021-07-21","159","51"
"2021-07-22","184","77"
"2021-07-23","187","75"
"2021-07-24","188","61"
"2021-07-25","153","61"
"2021-07-26","159","64"
"2021-07-27","180","63"
"2021-07-28","191","61"
"2021-07-29","184","54"
"2021-07-30","174","48"
"2021-07-31","196","55"
"2021-08-01","142","52"
"2021-08-02","165","55"
"2021-08-03","208","76"
"2021-08-04","222","72"
"2021-08-05","226","80"
"2021-08-06","211","73"
"2021-08-07","228","88"
"2021-08-08","219","70"
"2021-08-09","177","67"
"2021-08-10","195","75"
"2021-08-11","253","110"
"2021-08-12","305","104"
"2021-08-13","250","77"
"2021-08-14","227","87"
"2021-08-15","199","76"
"2021-08-16","222","60"
"2021-08-17","265","83"
"2021-08-18","211","72"
"2021-08-19","197","93"
"2021-08-20","194","84"
"2021-08-21","172","64"
"2021-08-22","191","128"
"2021-08-23","205","151"
"2021-08-24","473","405"
"2021-08-25","262","160"
"2021-08-26","249","158"
"2021-08-27","190","190"
"2021-08-28","189","189"
"2021-08-29","164","118"
"2021-08-30","172","140"
"2021-08-31","477","196"
"2021-09-01","2315","586"
"2021-09-02","5748","1360"
"2021-09-03","4859","2067"
"2021-09-04","6993","1156"
"2021-09-05","5397","948"
"2021-09-06","2144","361"
"2021-09-07","1274","257"
"2021-09-08","829","223"
"2021-09-09","745","183"
"2021-09-10","800","179"
"2021-09-11","1183","265"
"2021-09-12","858","218"
"2021-09-13","297","117"
"2021-09-14","275","114"
"2021-09-15","274","237"
"2021-09-16","312","189"
"2021-09-17","284","106"
"2021-09-18","521","169"
"2021-09-19","506","140"
"2021-09-20","501","130"
"2021-09-21","435","136"
"2021-09-22","263","130"
"2021-09-23","6330","757"
"2021-09-24","1272","261"
"2021-09-25","920","230"
"2021-09-26","360","192"
"2021-09-27","266","89"
"2021-09-28","220","80"
"2021-09-29","271","111"
"2021-09-30","400","137"
"2021-10-01","517","101"
"2021-10-02","499","254"
"2021-10-03","428","178"
"2021-10-04","396","79"
"2021-10-05","379","95"
"2021-10-06","328","69"
"2021-10-07","291","90"
"2021-10-08","279","105"
"2021-10-09","343","84"
"2021-10-10","360","84"
"2021-10-11","237","113"
"2021-10-12","288","112"
"2021-10-13","194","154"
"2021-10-14","194","81"
"2021-10-15","180","92"
"2021-10-16","309","110"
"2021-10-17","195","138"
"2021-10-18","145","69"
"2021-10-19","144","111"
"2021-10-20","115","72"
"2021-10-21","243","78"
"2021-10-22","150","99"
"2021-10-23","183","216"
"2021-10-24","151","270"
"2021-10-25","118","165"
"2021-10-26","120","72"
"2021-10-27","109","68"
"2021-10-28","136","70"
"2021-10-29","124","81"
"2021-10-30","200","77"
"2021-10-31","162","102"
"2021-11-01","101","155"
"2021-11-02","93","92"
"2021-11-03","109","71"
"2021-11-04","99","62"
"2021-11-05","119","91"
"2021-11-06","149","68"
"2021-11-07","135","73"
"2021-11-08","93","123"
"2021-11-09","105","52"
"2021-11-10","104","60"
"2021-11-11","96","69"
"2021-11-12","124","35"
"2021-11-13","149","84"
"2021-11-14","177","64"
"2021-11-15","100","27"
"2021-11-16","96","35"
"2021-11-17","103","64"
"2021-11-18","102","48"
"2021-11-19","112","60"
"2021-11-20","122","70"
"2021-11-21","135","69"
"2021-11-22","84","49"
"2021-11-23","92","26"
"2021-11-24","90","53"
"2021-11-25","77","175"
"2021-11-26","98","82"
"2021-11-27","148","73"
"2021-11-28","102","147"
"2021-11-29","74","37"
"2021-11-30","114","34"
"2021-12-01","80","33"
"2021-12-02","73","38"
"2021-12-03","88","64"
"2021-12-04","159","66"
"2021-12-05","122","52"
"2021-12-06","96","61"
"2021-12-07","91","42"
"2021-12-08","78","35"
"2021-12-09","75","46"
"2021-12-10","103","57"
"2021-12-11","117","412"
"2021-12-12","108","104"
"2021-12-13","71","26"
"2021-12-14","62","47"
"2021-12-15","55","72"
"2021-12-16","66","85"
"2021-12-17","83","94"
"2021-12-18","102","122"
"2021-12-19","90","235"
"2021-12-20","66","115"
"2021-12-21","61","105"
"2021-12-22","63","99"
"2021-12-23","84","124"
"2021-12-24","62","103"
"2021-12-25","112","106"
"2021-12-26","93","105"
"2021-12-27","58","62"
"2021-12-28","58","86"
"2021-12-29","68","56"
"2021-12-30","62","85"
"2021-12-31","71","71"
"2022-01-01","141","120"
"2022-01-02","105","111"
"2022-01-03","96","88"
"2022-01-04","80","65"
"2022-01-05","75","71"
"2022-01-06","2261","719"
"2022-01-07","750","439"
"2022-01-08","593","355"
"2022-01-09","338","61"
"2022-01-10","226","59"
"2022-01-11","208","59"
"2022-01-12","207","68"
"2022-01-13","223","49"
"2022-01-14","230","59"
"2022-01-15","232","81"
"2022-01-16","213","63"
"2022-01-17","365","79"
"2022-01-18","278","67"
"2022-01-19","247","65"
"2022-01-20","253","60"
"2022-01-21","247","53"
"2022-01-22","213","69"
"2022-01-23","209","76"
"2022-01-24","186","86"
"2022-01-25","252","60"
"2022-01-26","197","44"
"2022-01-27","191","53"
"2022-01-28","209","47"
"2022-01-29","291","69"
"2022-01-30","200","46"
"2022-01-31","165","43"
"2022-02-01","168","57"
"2022-02-02","165","44"
"2022-02-03","211","53"
"2022-02-04","184","59"
"2022-02-05","175","50"
"2022-02-06","160","43"
"2022-02-07","145","33"
"2022-02-08","147","43"
"2022-02-09","156","45"
"2022-02-10","186","42"
"2022-02-11","178","45"
"2022-02-12","186","64"
"2022-02-13","202","47"
"2022-02-14","211","41"
"2022-02-15","151","39"
"2022-02-16","123","48"
"2022-02-17","125","42"
"2022-02-18","132","46"
"2022-02-19","219","66"
"2022-02-20","155","46"
"2022-02-21","111","36"
"2022-02-22","132","39"
"2022-02-23","119","30"
"2022-02-24","125","37"
"2022-02-25","152","33"
"2022-02-26","155","47"
"2022-02-27","137","47"
"2022-02-28","114","35"
"2022-03-01","98","38"
"2022-03-02","144","33"
"2022-03-03","113","33"
"2022-03-04","129","45"
"2022-03-05","145","46"
"2022-03-06","146","40"
"2022-03-07","108","30"
"2022-03-08","118","32"
"2022-03-09","107","27"
"2022-03-10","89","35"
"2022-03-11","116","36"
"2022-03-12","160","52"
"2022-03-13","152","53"
"2022-03-14","110","43"
"2022-03-15","117","32"
"2022-03-16","125","35"
"2022-03-17","143","47"
"2022-03-18","141","42"
"2022-03-19","197","42"
"2022-03-20","197","46"
"2022-03-21","138","45"
"2022-03-22","137","40"
"2022-03-23","161","45"
"2022-03-24","152","47"
"2022-03-25","172","43"
"2022-03-26","226","169"
"2022-03-27","188","181"
"2022-03-28","156","56"
"2022-03-29","152","35"
"2022-03-30","148","37"
"2022-03-31","154","41"
"2022-04-01","156","45"
"2022-04-02","184","42"
"2022-04-03","188","42"
"2022-04-04","168","47"
"2022-04-05","188","58"
"2022-04-06","135","49"
"2022-04-07","150","40"
"2022-04-08","173","51"
"2022-04-09","204","173"
"2022-04-10","193","168"
"2022-04-11","144","61"
"2022-04-12","141","53"
"2022-04-13","140","37"
"2022-04-14","5061","591"
"2022-04-15","721","136"
"2022-04-16","428","86"
"2022-04-17","250","72"
"2022-04-18","188","46"
"2022-04-19","147","49"
"2022-04-20","156","41"
"2022-04-21","154","41"
"2022-04-22","184","72"
"2022-04-23","226","65"
"2022-04-24","184","64"
"2022-04-25","187","54"
"2022-04-26","160","64"
"2022-04-27","199","50"
"2022-04-28","215","53"
"2022-04-29","221","66"
"2022-04-30","285","77"
"2022-05-01","261","79"
"2022-05-02","270","73"
"2022-05-03","239","67"
"2022-05-04","246","94"
"2022-05-05","206","41"
"2022-05-06","196","58"
"2022-05-07","278","397"
"2022-05-08","361","519"
"2022-05-09","197","419"
"2022-05-10","208","153"
"2022-05-11","251","49"
"2022-05-12","315","67"
"2022-05-13","231","57"
"2022-05-14","286","77"
"2022-05-15","282","67"
"2022-05-16","459","211"
"2022-05-17","320","115"
"2022-05-18","190","57"
"2022-05-19","234","53"
"2022-05-20","270","62"
"2022-05-21","251","71"
"2022-05-22","254","65"
"2022-05-23","207","48"
"2022-05-24","202","138"
"2022-05-25","256","388"
"2022-05-26","231","125"
"2022-05-27","217","56"
"2022-05-28","287","164"
"2022-05-29","272","109"
"2022-05-30","237","69"
"2022-05-31","201","72"
"2022-06-01","204","50"
"2022-06-02","274","669"
"2022-06-03","243","703"
"2022-06-04","256","1046"
"2022-06-05","228","483"
"2022-06-06","201","63"
"2022-06-07","210","50"
"2022-06-08","204","52"
"2022-06-09","186","53"
"2022-06-10","197","56"
"2022-06-11","185","69"
"2022-06-12","195","67"
"2022-06-13","161","39"
"2022-06-14","160","36"
"2022-06-15","164","44"
"2022-06-16","180","54"
"2022-06-17","158","58"
"2022-06-18","190","56"
"2022-06-19","217","49"
"2022-06-20","175","44"
"2022-06-21","184","44"
"2022-06-22","196","50"
"2022-06-23","4946","601"
"2022-06-24","1045","133"
"2022-06-25","672","112"
"2022-06-26","488","86"
"2022-06-27","291","59"
"2022-06-28","249","64"
"2022-06-29","310","61"
"2022-06-30","232","54"
"2022-07-01","264","79"
"2022-07-02","304","79"
"2022-07-03","315","81"
"2022-07-04","222","79"
"2022-07-05","198","82"
"2022-07-06","237","64"
"2022-07-07","202","60"
"2022-07-08","214","50"
"2022-07-09","208","527"
"2022-07-10","220","53"
"2022-07-11","190","107"
"2022-07-12","195","69"
"2022-07-13","206","59"
"2022-07-14","191","68"
"2022-07-15","225","72"
"2022-07-16","260","62"
"2022-07-17","241","59"
"2022-07-18","207","65"
"2022-07-19","232","67"
"2022-07-20","235","67"
"2022-07-21","220","90"
"2022-07-22","252","63"
"2022-07-23","245","58"
"2022-07-24","246","78"
"2022-07-25","229","56"
"2022-07-26","222","57"
"2022-07-27","233","59"
"2022-07-28","214","76"
"2022-07-29","251","80"
"2022-07-30","213","83"
"2022-07-31","212","86"
"2022-08-01","219","79"
"2022-08-02","189","57"
"2022-08-03","205","75"
"2022-08-04","183","60"
"2022-08-05","205","70"
"2022-08-06","201","67"
"2022-08-07","199","64"
"2022-08-08","190","468"
"2022-08-09","240","747"
"2022-08-10","239","83"
"2022-08-11","265","164"
"2022-08-12","243","64"
"2022-08-13","272","80"
"2022-08-14","257","74"
"2022-08-15","183","73"
"2022-08-16","174","70"
"2022-08-17","190","73"
"2022-08-18","192","72"
"2022-08-19","221","60"
"2022-08-20","228","93"
"2022-08-21","391","122"
"2022-08-22","541","154"
"2022-08-23","515","179"
"2022-08-24","897","250"
"2022-08-25","420","153"
"2022-08-26","411","208"
"2022-08-27","304","79"
"2022-08-28","276","148"
"2022-08-29","225","215"
"2022-08-30","211","464"
"2022-08-31","171","60"
"2022-09-01","156","52"
"2022-09-02","188","65"
"2022-09-03","216","88"
"2022-09-04","214","71"
"2022-09-05","140","59"
"2022-09-06","136","260"
"2022-09-07","161","445"
"2022-09-08","138","362"
"2022-09-09","154","58"
"2022-09-10","176","53"
"2022-09-11","201","80"
"2022-09-12","163","61"
"2022-09-13","140","43"
"2022-09-14","139","48"
"2022-09-15","115","45"
"2022-09-16","131","48"
"2022-09-17","173","54"
"2022-09-18","148","54"
"2022-09-19","115","36"
"2022-09-20","100","384"
"2022-09-21","139","44"
"2022-09-22","4227","806"
"2022-09-23","757","157"
"2022-09-24","367","556"
"2022-09-25","271","220"
"2022-09-26","157","195"
"2022-09-27","167","49"
"2022-09-28","177","60"
"2022-09-29","163","66"
"2022-09-30","189","64"
"2022-10-01","215","78"
"2022-10-02","205","562"
"2022-10-03","202","73"
"2022-10-04","194","75"
"2022-10-05","177","53"
"2022-10-06","166","193"
"2022-10-07","142","53"
"2022-10-08","110","535"
"2022-10-09","114","50"
"2022-10-10","117","46"
"2022-10-11","97","48"
"2022-10-12","103","33"
"2022-10-13","116","38"
"2022-10-14","95","42"
"2022-10-15","135","32"
"2022-10-16","160","59"
"2022-10-17","113","36"
"2022-10-18","106","215"
"2022-10-19","91","39"
"2022-10-20","98","37"
"2022-10-21","134","43"
"2022-10-22","150","45"
"2022-10-23","154","55"
"2022-10-24","122","43"
"2022-10-25","122","52"
"2022-10-26","104","50"
"2022-10-27","144","54"
"2022-10-28","124","44"
"2022-10-29","199","65"
"2022-10-30","149","62"
"2022-10-31","116","62"
"2022-11-01","125","48"
"2022-11-02","136","52"
"2022-11-03","133","53"
"2022-11-04","146","39"
"2022-11-05","182","61"
"2022-11-06","179","70"
"2022-11-07","113","53"
"2022-11-08","119","47"
"2022-11-09","99","33"
"2022-11-10","128","76"
"2022-11-11","145","53"
"2022-11-12","166","66"
"2022-11-13","149","59"
"2022-11-14","153","40"
"2022-11-15","133","41"
"2022-11-16","133","265"
"2022-11-17","154","350"
"2022-11-18","156","119"
"2022-11-19","176","56"
"2022-11-20","167","44"
"2022-11-21","145","57"
"2022-11-22","139","34"
"2022-11-23","170","44"
"2022-11-24","172","46"
"2022-11-25","135","60"
"2022-11-26","166","73"
"2022-11-27","186","59"
"2022-11-28","156","54"
"2022-11-29","164","48"
"2022-11-30","155","49"
"2022-12-01","148","52"
"2022-12-02","153","36"
"2022-12-03","169","54"
"2022-12-04","146","63"
"2022-12-05","144","35"
"2022-12-06","87","13"
"2022-12-07","126","47"
"2022-12-08","137","43"
"2022-12-09","131","40"
"2022-12-10","144","46"
"2022-12-11","131","49"
"2022-12-12","121","63"
"2022-12-13","129","38"
"2022-12-14","119","35"
"2022-12-15","111","39"
"2022-12-16","138","44"
"2022-12-17","177","55"
"2022-12-18","139","68"
"2022-12-19","161","54"
"2022-12-20","164","54"
"2022-12-21","208","58"
"2022-12-22","185","61"
"2022-12-23","210","50"
"2022-12-24","209","51"
"2022-12-25","196","69"
"2022-12-26","172","54"
"2022-12-27","167","41"
"2022-12-28","169","51"
"2022-12-29","219","54"
"2022-12-30","164","59"
"2022-12-31","199","54"
"2023-01-01","161","45"
"2023-01-02","158","51"
"2023-01-03","4874","837"
"2023-01-04","778","144"
"2023-01-05","347","65"
"2023-01-06","273","66"
"2023-01-07","227","77"
"2023-01-08","180","73"
"2023-01-09","147","174"
"2023-01-10","174","63"
"2023-01-11","180","57"
"2023-01-12","195","52"
"2023-01-13","208","65"
"2023-01-14","215","65"
"2023-01-15","191","65"
"2023-01-16","151","125"
"2023-01-17","157","40"
"2023-01-18","178","61"
"2023-01-19","178","63"
"2023-01-20","250","64"
"2023-01-21","215","58"
"2023-01-22","191","58"
"2023-01-23","148","60"
"2023-01-24","140","52"
"2023-01-25","155","46"
"2023-01-26","141","44"
"2023-01-27","156","49"
"2023-01-28","153","50"
"2023-01-29","137","120"
"2023-01-30","117","134"
"2023-01-31","129","58"
"2023-02-01","125","38"
"2023-02-02","151","37"
"2023-02-03","125","44"
"2023-02-04","139","43"
"2023-02-05","129","43"
"2023-02-06","94","41"
"2023-02-07","98","33"
"2023-02-08","112","51"
"2023-02-09","114","27"
"2023-02-10","116","34"
"2023-02-11","161","35"
"2023-02-12","138","53"
"2023-02-13","106","36"
"2023-02-14","88","38"
"2023-02-15","82","28"
"2023-02-16","95","30"
"2023-02-17","96","43"
"2023-02-18","144","52"
"2023-02-19","126","46"
"2023-02-20","73","34"
"2023-02-21","77","41"
"2023-02-22","97","32"
"2023-02-23","110","48"
"2023-02-24","108","41"
"2023-02-25","124","35"
"2023-02-26","122","50"
"2023-02-27","78","44"
"2023-02-28","93","43"
"2023-03-01","88","35"
"2023-03-02","103","27"
"2023-03-03","107","49"
"2023-03-04","117","45"
"2023-03-05","134","47"
"2023-03-06","83","39"
"2023-03-07","85","43"
"2023-03-08","96","29"
"2023-03-09","73","28"
"2023-03-10","90","37"
"2023-03-11","122","47"
"2023-03-12","119","47"
"2023-03-13","99","33"
"2023-03-14","96","30"
"2023-03-15","73","25"
"2023-03-16","59","34"
"2023-03-17","102","34"
"2023-03-18","104","35"
"2023-03-19","103","46"
"2023-03-20","73","35"
"2023-03-21","84","28"
"2023-03-22","92","31"
"2023-03-23","73","34"
"2023-03-24","71","41"
"2023-03-25","88","44"
"2023-03-26","100","45"
"2023-03-27","126","52"
"2023-03-28","69","27"
"2023-03-29","77","31"
"2023-03-30","64","27"
"2023-03-31","76","28"
"2023-04-01","106","35"
"2023-04-02","99","35"
"2023-04-03","62","40"
"2023-04-04","79","29"
"2023-04-05","122","49"
"2023-04-06","72","28"
"2023-04-07","79","28"
"2023-04-08","91","51"
"2023-04-09","94","41"
"2023-04-10","53","27"
"2023-04-11","71","25"
"2023-04-12","83","16"
"2023-04-13","76","42"
"2023-04-14","94","47"
"2023-04-15","2983","928"
"2023-04-16","448","109"
"2023-04-17","210","52"
"2023-04-18","128","48"
"2023-04-19","130","38"
"2023-04-20","115","50"
"2023-04-21","120","35"
"2023-04-22","167","53"
"2023-04-23","94","47"
"2023-04-24","102","46"
"2023-04-25","80","22"
"2023-04-26","100","35"
"2023-04-27","153","59"
"2023-04-28","164","65"
"2023-04-29","154","191"
"2023-04-30","138","176"
"2023-05-01","128","164"
"2023-05-02","134","69"
"2023-05-03","118","51"
"2023-05-04","81","31"
"2023-05-05","108","53"
"2023-05-06","108","121"
"2023-05-07","94","148"
"2023-05-08","71","86"
"2023-05-09","86","59"
"2023-05-10","73","34"
"2023-05-11","91","51"
"2023-05-12","102","105"
"2023-05-13","137","136"
"2023-05-14","117","100"
"2023-05-15","88","52"
"2023-05-16","144","70"
"2023-05-17","137","73"
"2023-05-18","141","57"
"2023-05-19","138","59"
"2023-05-20","128","81"
"2023-05-21","152","117"
"2023-05-22","74","103"
"2023-05-23","107","101"
"2023-05-24","99","111"
"2023-05-25","101","137"
"2023-05-26","82","101"
"2023-05-27","130","148"
"2023-05-28","135","57"
"2023-05-29","89","46"
"2023-05-30","96","57"
"2023-05-31","97","38"
"2023-06-01","88","43"
"2023-06-02","84","44"
"2023-06-03","116","46"
"2023-06-04","120","56"
"2023-06-05","103","45"
"2023-06-06","592","52"
"2023-06-07","118","44"
"2023-06-08","118","33"
"2023-06-09","109","48"
"2023-06-10","90","48"
"2023-06-11","133","47"
"2023-06-12","97","35"
"2023-06-13","95","53"
"2023-06-14","80","34"
"2023-06-15","87","33"
"2023-06-16","99","36"
"2023-06-17","134","57"
"2023-06-18","103","56"
"2023-06-19","86","40"
"2023-06-20","94","51"
"2023-06-21","112","51"
"2023-06-22","130","50"
"2023-06-23","129","45"
"2023-06-24","141","61"
"2023-06-25","102","51"
"2023-06-26","120","33"
"2023-06-27","3230","815"
"2023-06-28","626","113"
"2023-06-29","315","66"
"2023-06-30","265","72"
"2023-07-01","240","72"
"2023-07-02","203","72"
"2023-07-03","143","62"
"2023-07-04","174","60"
"2023-07-05","157","54"
"2023-07-06","135","67"
"2023-07-07","154","68"
"2023-07-08","156","57"
"2023-07-09","178","73"
"2023-07-10","142","61"
"2023-07-11","149","61"
"2023-07-12","154","54"
"2023-07-13","253","80"
"2023-07-14","385","106"
"2023-07-15","451","106"
"2023-07-16","376","106"
"2023-07-17","303","83"
"2023-07-18","189","79"
"2023-07-19","194","69"
"2023-07-20","200","71"
"2023-07-21","332","148"
"2023-07-22","358","139"
"2023-07-23","234","102"
"2023-07-24","237","100"
"2023-07-25","270","124"
"2023-07-26","252","114"
"2023-07-27","369","179"
"2023-07-28","624","237"
"2023-07-29","7542","1682"
"2023-07-30","6733","1285"
"2023-07-31","5695","1066"
"2023-08-01","4324","820"
"2023-08-02","2074","473"
"2023-08-03","1489","1455"
"2023-08-04","1062","1129"
"2023-08-05","905","828"
"2023-08-06","1086","1078"
"2023-08-07","848","926"
"2023-08-08","833","962"
"2023-08-09","1382","411"
"2023-08-10","3550","761"
"2023-08-11","4070","767"
"2023-08-12","3973","777"
"2023-08-13","2851","595"
"2023-08-14","4355","735"
"2023-08-15","6747","878"
"2023-08-16","6598","773"
"2023-08-17","4954","654"
"2023-08-18","2611","370"
"2023-08-19","1703","231"
"2023-08-20","1460","246"
"2023-08-21","1121","219"
"2023-08-22","849","188"
"2023-08-23","700","566"
"2023-08-24","618","559"
"2023-08-25","488","496"
"2023-08-26","476","345"
"2023-08-27","423","121"
"2023-08-28","376","125"
"2023-08-29","323","126"
"2023-08-30","313","107"
"2023-08-31","236","89"
"2023-09-01","235","91"
"2023-09-02","260","101"
"2023-09-03","255","88"
"2023-09-04","208","78"
"2023-09-05","197","62"
"2023-09-06","174","82"
"2023-09-07","195","72"
"2023-09-08","209","57"
"2023-09-09","208","74"
"2023-09-10","208","82"
"2023-09-11","162","66"
"2023-09-12","157","62"
"2023-09-13","153","55"
"2023-09-14","149","105"
"2023-09-15","134","147"
"2023-09-16","158","181"
"2023-09-17","153","173"
"2023-09-18","120","83"
"2023-09-19","151","47"
"2023-09-20","2421","463"
"2023-09-21","467","75"
"2023-09-22","321","60"
"2023-09-23","292","67"
"2023-09-24","270","62"
"2023-09-25","132","37"
"2023-09-26","132","106"
"2023-09-27","165","138"
"2023-09-28","144","62"
"2023-09-29","194","54"
"2023-09-30","162","61"
"2023-10-01","181","61"
"2023-10-02","172","46"
"2023-10-03","169","51"
"2023-10-04","162","55"
"2023-10-05","141","56"
"2023-10-06","153","38"
"2023-10-07","102","40"
"2023-10-08","123","45"
"2023-10-09","115","32"
"2023-10-10","108","44"
"2023-10-11","97","45"
"2023-10-12","121","58"
"2023-10-13","132","35"
"2023-10-14","143","45"
"2023-10-15","135","63"
"2023-10-16","97","51"
"2023-10-17","117","28"
"2023-10-18","116","37"
"2023-10-19","143","53"
"2023-10-20","121","47"
"2023-10-21","143","46"
"2023-10-22","153","37"
"2023-10-23","120","49"
"2023-10-24","114","42"
"2023-10-25","127","44"
"2023-10-26","125","48"
"2023-10-27","149","43"
"2023-10-28","172","57"
"2023-10-29","173","62"
"2023-10-30","618","673"
"2023-10-31","609","402"
"2023-11-01","220","50"
"2023-11-02","182","54"
"2023-11-03","223","53"
"2023-11-04","278","71"
"2023-11-05","236","76"
"2023-11-06","159","50"
"2023-11-07","151","62"
"2023-11-08","156","54"
"2023-11-09","146","67"
"2023-11-10","153","61"
"2023-11-11","166","71"
"2023-11-12","173","65"
"2023-11-13","118","38"
"2023-11-14","130","47"
"2023-11-15","114","44"
"2023-11-16","133","52"
"2023-11-17","133","51"
"2023-11-18","142","68"
"2023-11-19","153","64"
"2023-11-20","120","50"
"2023-11-21","142","57"
"2023-11-22","172","44"
"2023-11-23","146","66"
"2023-11-24","149","57"
"2023-11-25","194","71"
"2023-11-26","174","71"
"2023-11-27","118","48"
"2023-11-28","140","61"
"2023-11-29","244","72"
"2023-11-30","194","107"
"2023-12-01","158","76"
"2023-12-02","197","64"
"2023-12-03","190","59"
"2023-12-04","115","48"
"2023-12-05","141","49"
"2023-12-06","133","43"
"2023-12-07","152","55"
"2023-12-08","149","51"
"2023-12-09","158","67"
"2023-12-10","159","65"
"2023-12-11","131","43"
"2023-12-12","129","74"
"2023-12-13","143","85"
"2023-12-14","152","57"
"2023-12-15","134","63"
"2023-12-16","147","62"
"2023-12-17","164","56"
"2023-12-18","120","44"
"2023-12-19","119","49"
"2023-12-20","110","38"
"2023-12-21","121","50"
"2023-12-22","123","21"
"2023-12-23","134","51"
"2023-12-24","137","69"
"2023-12-25","103","44"
"2023-12-26","101","47"
"2023-12-27","112","46"
"2023-12-28","122","53"
"2023-12-29","119","45"
"2023-12-30","129","73"
"2023-12-31","150","61"
"2024-01-01","113","58"
"2024-01-02","115","48"
"2024-01-03","134","59"
"2024-01-04","2635","640"
"2024-01-05","574","175"
"2024-01-06","426","142"
"2024-01-07","248","110"
"2024-01-08","194","167"
"2024-01-09","180","124"
"2024-01-10","171","77"
"2024-01-11","202","76"
"2024-01-12","200","78"
"2024-01-13","215","162"
"2024-01-14","183","154"
"2024-01-15","173","81"
"2024-01-16","134","60"
"2024-01-17","167","41"
"2024-01-18","383","100"
"2024-01-19","196","75"
"2024-01-20","187","84"
"2024-01-21","229","127"
"2024-01-22","1372","276"
"2024-01-23","658","157"
"2024-01-24","325","119"
"2024-01-25","887","199"
"2024-01-26","378","88"
"2024-01-27","287","102"
"2024-01-28","269","109"
"2024-01-29","209","80"
"2024-01-30","218","93"
"2024-01-31","280","97"
"2024-02-01","284","99"
"2024-02-02","242","95"
"2024-02-03","263","94"
"2024-02-04","250","90"
"2024-02-05","243","64"
"2024-02-06","298","85"
"2024-02-07","243","100"
"2024-02-08","224","78"
"2024-02-09","229","76"
"2024-02-10","178","71"
"2024-02-11","176","65"
"2024-02-12","169","71"
"2024-02-13","188","53"
"2024-02-14","160","67"
"2024-02-15","169","66"
"2024-02-16","175","63"
"2024-02-17","168","75"
"2024-02-18","182","54"
"2024-02-19","162","52"
"2024-02-20","151","52"
"2024-02-21","214","65"
"2024-02-22","199","62"
"2024-02-23","198","73"
"2024-02-24","196","63"
"2024-02-25","156","54"
"2024-02-26","116","39"
"2024-02-27","115","42"
"2024-02-28","138","52"
"2024-02-29","150","56"
"2024-03-01","168","45"
"2024-03-02","185","60"
"2024-03-03","181","59"
"2024-03-04","111","45"
"2024-03-05","148","67"
"2024-03-06","144","60"
"2024-03-07","143","70"
"2024-03-08","140","51"
"2024-03-09","203","76"
"2024-03-10","181","66"
"2024-03-11","125","52"
"2024-03-12","151","58"
"2024-03-13","157","59"
"2024-03-14","137","49"
"2024-03-15","132","45"
"2024-03-16","161","83"
"2024-03-17","158","56"
"2024-03-18","121","46"
"2024-03-19","133","46"
"2024-03-20","134","51"
"2024-03-21","135","50"
"2024-03-22","119","41"
"2024-03-23","176","56"
"2024-03-24","184","78"
"2024-03-25","113","47"
"2024-03-26","152","54"
"2024-03-27","176","64"
"2024-03-28","2688","321"
"2024-03-29","573","110"
"2024-03-30","359","78"
"2024-03-31","247","70"
"2024-04-01","188","54"
"2024-04-02","198","67"
"2024-04-03","198","69"
"2024-04-04","238","80"
"2024-04-05","228","81"
"2024-04-06","203","81"
"2024-04-07","175","66"
"2024-04-08","143","57"
"2024-04-09","203","92"
"2024-04-10","184","54"
"2024-04-11","203","71"
"2024-04-12","143","41"
"2024-04-13","222","78"
"2024-04-14","190","64"
"2024-04-15","156","53"
"2024-04-16","183","63"
"2024-04-17","169","53"
"2024-04-18","164","55"
"2024-04-19","160","59"
"2024-04-20","201","76"
"2024-04-21","216","76"
"2024-04-22","115","68"
"2024-04-23","143","78"
"2024-04-24","159","60"
"2024-04-25","186","90"
"2024-04-26","188","60"
"2024-04-27","189","87"
"2024-04-28","177","65"
"2024-04-29","155","68"
"2024-04-30","144","56"
"2024-05-01","141","82"
"2024-05-02","144","51"
"2024-05-03","168","63"
"2024-05-04","193","56"
"2024-05-05","151","73"
"2024-05-06","103","57"
"2024-05-07","117","36"
"2024-05-08","92","60"
"2024-05-09","142","47"
"2024-05-10","115","56"
"2024-05-11","154","66"
"2024-05-12","146","75"
"2024-05-13","138","49"
"2024-05-14","160","59"
"2024-05-15","152","59"
"2024-05-16","157","79"
"2024-05-17","177","59"
"2024-05-18","191","79"
"2024-05-19","194","73"
"2024-05-20","151","55"
"2024-05-21","128","47"
"2024-05-22","175","59"
"2024-05-23","160","58"
"2024-05-24","122","42"
"2024-05-25","165","61"
"2024-05-26","143","66"
"2024-05-27","136","59"
"2024-05-28","135","56"
"2024-05-29","130","41"
"2024-05-30","138","53"
"2024-05-31","144","48"
"2024-06-01","153","48"
"2024-06-02","165","74"
"2024-06-03","100","61"
"2024-06-04","127","47"
"2024-06-05","156","49"
"2024-06-06","143","47"
"2024-06-07","102","57"
"2024-06-08","145","65"
"2024-06-09","172","82"
"2024-06-10","146","65"
"2024-06-11","108","54"
"2024-06-12","128","47"
"2024-06-13","147","53"
"2024-06-14","109","51"
"2024-06-15","146","62"
"2024-06-16","140","80"
"2024-06-17","123","49"
"2024-06-18","148","53"
"2024-06-19","126","62"
"2024-06-20","149","59"
"2024-06-21","129","56"
"2024-06-22","150","68"
"2024-06-23","159","66"
"2024-06-24","123","59"
"2024-06-25","130","46"
"2024-06-26","149","51"
"2024-06-27","2686","485"
"2024-06-28","715","127"
"2024-06-29","462","118"
"2024-06-30","417","100"
"2024-07-01","313","62"
"2024-07-02","299","77"
"2024-07-03","328","100"
"2024-07-04","372","133"
"2024-07-05","430","119"
"2024-07-06","367","107"
"2024-07-07","350","128"
"2024-07-08","307","112"
"2024-07-09","296","111"
"2024-07-10","283","116"
"2024-07-11","302","110"
"2024-07-12","314","102"
"2024-07-13","321","115"
"2024-07-14","320","102"
"2024-07-15","284","102"
"2024-07-16","305","98"
"2024-07-17","292","108"
"2024-07-18","448","110"
"2024-07-19","272","81"
"2024-07-20","248","103"
"2024-07-21","272","104"
"2024-07-22","235","90"
"2024-07-23","282","79"
"2024-07-24","298","74"
"2024-07-25","262","74"
"2024-07-26","297","77"
"2024-07-27","292","88"
"2024-07-28","311","90"
"2024-07-29","305","62"
"2024-07-30","287","58"
"2024-07-31","281","61"
"2024-08-01","321","59"
"2024-08-02","311","69"
"2024-08-03","288","83"
"2024-08-04","261","61"
"2024-08-05","237","62"
"2024-08-06","298","75"
"2024-08-07","260","57"
"2024-08-08","413","76"
"2024-08-09","313","58"
"2024-08-10","319","48"
"2024-08-11","311","69"
"2024-08-12","325","55"
"2024-08-13","363","83"
"2024-08-14","348","100"
"2024-08-15","372","67"
"2024-08-16","310","62"
"2024-08-17","344","68"
"2024-08-18","334","72"
"2024-08-19","316","68"
"2024-08-20","297","63"
"2024-08-21","308","72"
"2024-08-22","315","73"
"2024-08-23","330","57"
"2024-08-24","314","62"
"2024-08-25","293","62"
"2024-08-26","270","61"
"2024-08-27","273","63"
"2024-08-28","263","50"
"2024-08-29","247","64"
"2024-08-30","222","66"
"2024-08-31","233","71"
"2024-09-01","189","58"
"2024-09-02","157","40"
"2024-09-03","190","39"
"2024-09-04","161","34"
"2024-09-05","151","48"
"2024-09-06","181","30"
"2024-09-07","169","60"
"2024-09-08","186","47"
"2024-09-09","117","36"
"2024-09-10","134","31"
"2024-09-11","137","35"
"2024-09-12","139","42"
"2024-09-13","136","31"
"2024-09-14","162","31"
"2024-09-15","156","34"
"2024-09-16","187","42"
"2024-09-17","171","48"
"2024-09-18","122","25"
"2024-09-19","133","40"
"2024-09-20","132","44"
"2024-09-21","209","42"
"2024-09-22","193","53"
"2024-09-23","135","44"
"2024-09-24","144","34"
"2024-09-25","2823","175"
"2024-09-26","523","68"
"2024-09-27","400","64"
"2024-09-28","341","61"
"2024-09-29","250","51"
"2024-09-30","274","46"
"2024-10-01","265","41"
"2024-10-02","247","53"
"2024-10-03","274","47"
"2024-10-04","277","71"
"2024-10-05","229","44"
"2024-10-06","263","51"
"2024-10-07","221","43"
"2024-10-08","159","32"
"2024-10-09","170","45"
"2024-10-10","192","33"
"2024-10-11","186","37"
"2024-10-12","210","45"
"2024-10-13","216","42"
"2024-10-14","160","41"
"2024-10-15","173","32"
"2024-10-16","187","33"
"2024-10-17","216","50"
"2024-10-18","194","47"
"2024-10-19","234","63"
"2024-10-20","222","72"
"2024-10-21","171","39"
"2024-10-22","164","50"
"2024-10-23","181","38"
"2024-10-24","220","64"
"2024-10-25","199","58"
"2024-10-26","226","66"
"2024-10-27","224","50"
"2024-10-28","142","41"
"2024-10-29","180","29"
"2024-10-30","140","39"
"2024-10-31","174","36"
"2024-11-01","154","41"
"2024-11-02","207","38"
"2024-11-03","192","39"
"2024-11-04","141","32"
"2024-11-05","177","32"
"2024-11-06","168","34"
"2024-11-07","173","29"
"2024-11-08","167","35"
"2024-11-09","211","38"
"2024-11-10","222","44"
"2024-11-11","157","30"
"2024-11-12","167","33"
"2024-11-13","156","43"
"2024-11-14","162","37"
"2024-11-15","198","25"
"2024-11-16","237","46"
"2024-11-17","237","42"
"2024-11-18","172","36"
"2024-11-19","168","34"
"2024-11-20","168","38"
"2024-11-21","174","41"
"2024-11-22","193","31"
"2024-11-23","240","40"
"2024-11-24","205","37"
"2024-11-25","157","28"
"2024-11-26","137","31"
"2024-11-27","178","33"
"2024-11-28","171","34"
"2024-11-29","168","39"
"2024-11-30","182","41"
"2024-12-01","209","40"
"2024-12-02","152","32"
"2024-12-03","143","28"
"2024-12-04","144","36"
"2024-12-05","167","29"
"2024-12-06","161","34"
"2024-12-07","157","32"
"2024-12-08","209","44"
"2024-12-09","165","23"
"2024-12-10","176","41"
"2024-12-11","159","25"
"2024-12-12","166","32"
"2024-12-13","162","26"
"2024-12-14","192","42"
"2024-12-15","179","50"
"2024-12-16","133","23"
"2024-12-17","136","34"
"2024-12-18","156","31"
"2024-12-19","170","27"
"2024-12-20","146","32"
"2024-12-21","197","44"
"2024-12-22","202","41"
"2024-12-23","154","28"
"2024-12-24","151","24"
"2024-12-25","3006","141"
"2024-12-26","571","49"
"2024-12-27","563","59"
"2024-12-28","516","56"
"2024-12-29","422","52"
"2024-12-30","300","19"
"2024-12-31","206","17"
