"日期","收入预估~iPad"
"2024-12-31","44922"
"2024-12-30","44958"
"2024-12-29","45006"
"2024-12-28","45003"
"2024-12-27","44921"
"2024-12-26","45120"
"2024-12-25","44870"
"2024-12-24","44771"
"2024-12-23","44776"
"2024-12-22","44804"
"2024-12-21","44815"
"2024-12-20","44922"
"2024-12-19","44721"
"2024-12-18","45165"
"2024-12-17","44943"
"2024-12-16","45112"
"2024-12-15","44827"
"2024-12-14","44786"
"2024-12-13","44903"
"2024-12-12","44802"
"2024-12-11","44996"
"2024-12-10","44857"
"2024-12-09","44946"
"2024-12-08","45142"
"2024-12-07","44821"
"2024-12-06","45113"
"2024-12-05","45144"
"2024-12-04","45042"
"2024-12-03","44961"
"2024-12-02","44764"
"2024-12-01","44745"
"2024-11-30","44805"
"2024-11-29","44805"
"2024-11-28","45087"
"2024-11-27","44825"
"2024-11-26","45070"
"2024-11-25","44844"
"2024-11-24","45116"
"2024-11-23","45009"
"2024-11-22","44930"
"2024-11-21","45146"
"2024-11-20","45097"
"2024-11-19","44972"
"2024-11-18","45090"
"2024-11-17","44941"
"2024-11-16","44824"
"2024-11-15","44942"
"2024-11-14","44742"
"2024-11-13","32348"
"2024-11-12","33227"
"2024-11-11","33370"
"2024-11-10","33380"
"2024-11-09","33372"
"2024-11-08","33218"
"2024-11-07","33128"
"2024-11-06","37413"
"2024-11-05","45033"
"2024-11-04","17859"
"2024-11-03","21542"
"2024-11-02","23668"
"2024-11-01","18484"
"2024-10-31","22835"
"2024-10-30","23783"
"2024-10-29","24044"
"2024-10-28","34621"
"2024-10-27","32383"
"2024-10-26","35128"
"2024-10-25","19020"
"2024-10-24","17722"
"2024-10-23","19474"
"2024-10-22","23168"
"2024-10-21","20738"
"2024-10-20","22499"
"2024-10-19","32468"
"2024-10-18","43761"
"2024-10-17","13624"
"2024-10-16","12904"
"2024-10-15","14255"
"2024-10-14","16499"
"2024-10-13","15793"
"2024-10-12","12818"
"2024-10-11","13271"
"2024-10-10","14953"
"2024-10-09","15468"
"2024-10-08","17744"
"2024-10-07","15354"
"2024-10-06","14036"
"2024-10-05","15193"
"2024-10-04","15575"
"2024-10-03","17944"
"2024-10-02","21360"
"2024-10-01","22436"
"2024-09-30","23705"
"2024-09-29","16637"
"2024-09-28","17868"
"2024-09-27","12914"
"2024-09-26","13940"
"2024-09-25","17344"
"2024-09-24","21843"
"2024-09-23","17056"
"2024-09-22","17389"
"2024-09-21","15238"
"2024-09-20","16789"
"2024-09-19","16893"
"2024-09-18","21328"
"2024-09-17","25706"
"2024-09-16","33691"
"2024-09-15","41380"
"2024-09-14","52237"
"2024-09-13","94386"
"2024-09-12","17886"
"2024-09-11","22270"
"2024-09-10","24059"
"2024-09-09","31927"
"2024-09-08","43353"
"2024-09-07","29526"
"2024-09-06","12032"
"2024-09-05","15528"
"2024-09-04","17707"
"2024-09-03","17341"
"2024-09-02","15473"
"2024-09-01","11261"
"2024-08-31","14500"
"2024-08-30","11283"
"2024-08-29","12037"
"2024-08-28","14181"
"2024-08-27","15267"
"2024-08-26","18012"
"2024-08-25","19680"
"2024-08-24","22353"
"2024-08-23","20278"
"2024-08-22","22310"
"2024-08-21","21676"
"2024-08-20","31472"
"2024-08-19","27904"
"2024-08-18","21977"
"2024-08-17","27818"
"2024-08-16","23714"
"2024-08-15","23803"
"2024-08-14","25825"
"2024-08-13","44797"
"2024-08-12","54783"
"2024-08-11","55041"
"2024-08-10","115889"
"2024-08-09","115360"
"2024-08-08","11203"
"2024-08-07","14731"
"2024-08-06","15197"
"2024-08-05","15191"
"2024-08-04","17234"
"2024-08-03","17993"
"2024-08-02","18769"
"2024-08-01","19980"
"2024-07-31","23171"
"2024-07-30","23799"
"2024-07-29","24719"
"2024-07-28","34196"
"2024-07-27","31105"
"2024-07-26","15983"
"2024-07-25","19562"
"2024-07-24","23734"
"2024-07-23","24771"
"2024-07-22","32319"
"2024-07-21","32356"
"2024-07-20","32650"
"2024-07-19","33289"
"2024-07-18","9904"
"2024-07-17","11903"
"2024-07-16","11368"
"2024-07-15","12363"
"2024-07-14","10399"
"2024-07-13","11929"
"2024-07-12","10240"
"2024-07-11","14540"
"2024-07-10","15496"
"2024-07-09","17693"
"2024-07-08","17687"
"2024-07-07","15929"
"2024-07-06","17667"
"2024-07-05","12940"
"2024-07-04","15347"
"2024-07-03","18827"
"2024-07-02","22358"
"2024-07-01","21130"
"2024-06-30","22517"
"2024-06-29","25124"
"2024-06-28","16566"
"2024-06-27","17406"
"2024-06-26","21095"
"2024-06-25","21595"
"2024-06-24","23682"
"2024-06-23","27889"
"2024-06-22","24511"
"2024-06-21","14939"
"2024-06-20","17564"
"2024-06-19","17929"
"2024-06-18","22164"
"2024-06-17","18842"
"2024-06-16","22927"
"2024-06-15","26939"
"2024-06-14","21092"
"2024-06-13","22527"
"2024-06-12","25090"
"2024-06-11","25292"
"2024-06-10","23554"
"2024-06-09","25279"
"2024-06-08","25454"
"2024-06-07","33942"
"2024-06-06","13828"
"2024-06-05","17707"
"2024-06-04","17616"
"2024-06-03","17776"
"2024-06-02","17592"
"2024-06-01","18343"
"2024-05-31","18530"
"2024-05-30","18834"
"2024-05-29","22492"
"2024-05-28","23245"
"2024-05-27","25671"
"2024-05-26","32877"
"2024-05-25","33343"
"2024-05-24","18147"
"2024-05-23","14816"
"2024-05-22","15327"
"2024-05-21","18794"
"2024-05-20","17785"
"2024-05-19","17346"
"2024-05-18","17490"
"2024-05-17","17423"
"2024-05-16","22474"
"2024-05-15","20270"
"2024-05-14","20131"
"2024-05-13","20171"
"2024-05-12","21848"
"2024-05-11","24631"
"2024-05-10","34936"
"2024-05-09","39283"
"2024-05-08","32049"
"2024-05-07","28675"
"2024-05-06","23603"
"2024-05-05","23863"
"2024-05-04","24388"
"2024-05-03","32374"
"2024-05-02","32311"
"2024-05-01","36716"
"2024-04-30","115351"
"2024-04-29","115724"
"2024-04-28","12009"
"2024-04-27","11445"
"2024-04-26","11704"
"2024-04-25","15968"
"2024-04-24","17867"
"2024-04-23","21164"
"2024-04-22","18226"
"2024-04-21","17767"
"2024-04-20","23134"
"2024-04-19","32952"
"2024-04-18","30076"
"2024-04-17","25094"
"2024-04-16","29420"
"2024-04-15","31429"
"2024-04-14","40115"
"2024-04-13","54842"
"2024-04-12","55052"
"2024-04-11","16324"
"2024-04-10","21864"
"2024-04-09","23778"
"2024-04-08","18844"
"2024-04-07","17673"
"2024-04-06","18163"
"2024-04-05","18678"
"2024-04-04","21702"
"2024-04-03","22495"
"2024-04-02","23719"
"2024-04-01","27972"
"2024-03-31","33804"
"2024-03-30","31511"
"2024-03-29","21335"
"2024-03-28","21308"
"2024-03-27","20771"
"2024-03-26","18986"
"2024-03-25","17596"
"2024-03-24","17693"
"2024-03-23","14796"
"2024-03-22","18464"
"2024-03-21","19604"
"2024-03-20","22439"
"2024-03-19","28665"
"2024-03-18","20726"
"2024-03-17","21180"
"2024-03-16","22501"
"2024-03-15","23838"
"2024-03-14","25259"
"2024-03-13","30462"
"2024-03-12","34972"
"2024-03-11","38337"
"2024-03-10","33258"
"2024-03-09","32245"
"2024-03-08","20143"
"2024-03-07","22985"
"2024-03-06","21949"
"2024-03-05","23311"
"2024-03-04","25317"
"2024-03-03","25098"
"2024-03-02","43673"
"2024-03-01","35102"
"2024-02-29","20714"
"2024-02-28","22492"
"2024-02-27","26384"
"2024-02-26","23758"
"2024-02-25","31507"
"2024-02-24","23691"
"2024-02-23","42390"
"2024-02-22","23683"
"2024-02-21","26028"
"2024-02-20","29425"
"2024-02-19","31767"
"2024-02-18","33426"
"2024-02-17","45131"
"2024-02-16","42371"
"2024-02-15","74236"
"2024-02-14","28756"
"2024-02-13","33409"
"2024-02-12","33120"
"2024-02-11","29027"
"2024-02-10","35076"
"2024-02-09","103511"
"2024-02-08","19574"
"2024-02-07","18951"
"2024-02-06","25137"
"2024-02-05","32260"
"2024-02-04","30306"
"2024-02-03","23754"
"2024-02-02","23074"
"2024-02-01","12996"
"2024-01-31","21623"
"2024-01-30","25015"
"2024-01-29","27810"
"2024-01-28","27947"
"2024-01-27","22540"
"2024-01-26","22487"
"2024-01-25","21600"
"2024-01-24","31476"
"2024-01-23","35132"
"2024-01-22","43394"
"2024-01-21","114184"
"2024-01-20","94539"
"2024-01-19","49799"
"2024-01-18","14842"
"2024-01-17","17665"
"2024-01-16","17960"
"2024-01-15","17594"
"2024-01-14","16088"
"2024-01-13","17837"
"2024-01-12","22025"
"2024-01-11","32288"
"2024-01-10","20132"
"2024-01-09","19754"
"2024-01-08","19838"
"2024-01-07","13561"
"2024-01-06","17434"
"2024-01-05","26025"
"2024-01-04","21086"
"2024-01-03","21729"
"2024-01-02","21859"
"2024-01-01","20347"
"2023-12-31","18207"
"2023-12-30","17642"
"2023-12-29","20202"
"2023-12-28","17913"
"2023-12-27","23081"
"2023-12-26","24763"
"2023-12-25","24487"
"2023-12-24","21363"
"2023-12-23","21948"
"2023-12-22","19791"
"2023-12-21","15443"
"2023-12-20","19294"
"2023-12-19","24560"
"2023-12-18","35003"
"2023-12-17","33196"
"2023-12-16","54965"
"2023-12-15","54854"
"2023-12-14","36945"
"2023-12-13","54911"
"2023-12-12","53122"
"2023-12-11","74489"
"2023-12-10","74704"
"2023-12-09","74814"
"2023-12-08","74431"
"2023-12-07","94790"
"2023-12-06","97706"
"2023-12-05","120417"
"2023-12-04","119565"
"2023-12-03","59404"
"2023-12-02","22024"
"2023-12-01","22417"
"2023-11-30","25943"
"2023-11-29","30502"
"2023-11-28","34728"
"2023-11-27","34471"
"2023-11-26","34953"
"2023-11-25","32701"
"2023-11-24","29705"
"2023-11-23","22435"
"2023-11-22","25941"
"2023-11-21","29685"
"2023-11-20","32586"
"2023-11-19","32915"
"2023-11-18","44732"
"2023-11-17","41690"
"2023-11-16","31038"
"2023-11-15","25954"
"2023-11-14","34912"
"2023-11-13","33192"
"2023-11-12","29271"
"2023-11-11","32230"
"2023-11-10","24509"
"2023-11-09","23518"
"2023-11-08","35217"
"2023-11-07","44832"
"2023-11-06","44739"
"2023-11-05","45049"
"2023-11-04","44847"
"2023-11-03","59338"
"2023-11-02","23303"
"2023-11-01","23462"
"2023-10-31","33661"
"2023-10-30","34081"
"2023-10-29","33229"
"2023-10-28","35041"
"2023-10-27","35152"
"2023-10-26","38413"
"2023-10-25","55110"
"2023-10-24","25058"
"2023-10-23","31141"
"2023-10-22","25164"
"2023-10-21","22474"
"2023-10-20","19805"
"2023-10-19","19443"
"2023-10-18","22400"
"2023-10-17","33639"
"2023-10-16","27919"
"2023-10-15","23700"
"2023-10-14","25228"
"2023-10-13","32405"
"2023-10-12","22165"
"2023-10-11","25292"
"2023-10-10","22558"
"2023-10-09","23815"
"2023-10-08","23127"
"2023-10-07","22383"
"2023-10-06","21371"
"2023-10-05","19571"
"2023-10-04","22426"
"2023-10-03","27869"
"2023-10-02","27977"
"2023-10-01","27864"
"2023-09-30","25058"
"2023-09-29","35177"
"2023-09-28","34844"
"2023-09-27","17927"
"2023-09-26","23651"
"2023-09-25","25216"
"2023-09-24","31648"
"2023-09-23","32380"
"2023-09-22","34844"
"2023-09-21","18995"
"2023-09-20","22553"
"2023-09-19","33402"
"2023-09-18","33024"
"2023-09-17","22429"
"2023-09-16","22518"
"2023-09-15","22176"
"2023-09-14","19653"
"2023-09-13","23420"
"2023-09-12","31614"
"2023-09-11","32216"
"2023-09-10","23876"
"2023-09-09","33028"
"2023-09-08","32900"
"2023-09-07","22455"
"2023-09-06","22558"
"2023-09-05","24648"
"2023-09-04","29950"
"2023-09-03","24748"
"2023-09-02","31353"
"2023-09-01","28654"
"2023-08-31","25200"
"2023-08-30","29344"
"2023-08-29","33173"
"2023-08-28","37029"
"2023-08-27","34970"
"2023-08-26","34993"
"2023-08-25","32844"
"2023-08-24","27088"
"2023-08-23","33418"
"2023-08-22","32789"
"2023-08-21","25270"
"2023-08-20","22361"
"2023-08-19","22449"
"2023-08-18","23045"
"2023-08-17","19655"
"2023-08-16","23461"
"2023-08-15","30394"
"2023-08-14","32904"
"2023-08-13","23630"
"2023-08-12","25936"
"2023-08-11","30292"
"2023-08-10","22421"
"2023-08-09","18240"
"2023-08-08","19524"
"2023-08-07","20428"
"2023-08-06","18910"
"2023-08-05","21165"
"2023-08-04","22330"
"2023-08-03","18830"
"2023-08-02","22482"
"2023-08-01","23652"
"2023-07-31","27818"
"2023-07-30","22541"
"2023-07-29","23790"
"2023-07-28","22538"
"2023-07-27","22452"
"2023-07-26","22646"
"2023-07-25","33399"
"2023-07-24","44949"
"2023-07-23","44984"
"2023-07-22","54838"
"2023-07-21","35846"
"2023-07-20","24033"
"2023-07-19","29485"
"2023-07-18","20135"
"2023-07-17","22550"
"2023-07-16","23552"
"2023-07-15","22423"
"2023-07-14","24373"
"2023-07-13","17808"
"2023-07-12","22457"
"2023-07-11","22371"
"2023-07-10","27846"
"2023-07-09","23595"
"2023-07-08","23684"
"2023-07-07","23034"
"2023-07-06","21291"
"2023-07-05","22345"
"2023-07-04","25225"
"2023-07-03","29946"
"2023-07-02","30215"
"2023-07-01","34539"
"2023-06-30","31560"
"2023-06-29","41557"
"2023-06-28","31224"
"2023-06-27","23700"
"2023-06-26","24472"
"2023-06-25","23228"
"2023-06-24","21441"
"2023-06-23","31395"
"2023-06-22","44783"
"2023-06-21","54807"
"2023-06-20","33350"
"2023-06-19","44885"
"2023-06-18","44906"
"2023-06-17","45060"
"2023-06-16","29943"
"2023-06-15","22429"
"2023-06-14","38464"
"2023-06-13","45166"
"2023-06-12","45104"
"2023-06-11","32699"
"2023-06-10","24752"
"2023-06-09","29307"
"2023-06-08","20412"
"2023-06-07","32856"
"2023-06-06","23662"
"2023-06-05","27847"
"2023-06-04","27860"
"2023-06-03","25974"
"2023-06-02","31468"
"2023-06-01","30587"
"2023-05-31","30572"
"2023-05-30","44988"
"2023-05-29","45035"
"2023-05-28","33546"
"2023-05-27","54819"
"2023-05-26","41421"
"2023-05-25","23462"
"2023-05-24","31429"
"2023-05-23","32822"
"2023-05-22","34942"
"2023-05-21","30309"
"2023-05-20","34987"
"2023-05-19","41765"
"2023-05-18","22514"
"2023-05-17","22466"
"2023-05-16","21553"
"2023-05-15","20697"
"2023-05-14","23703"
"2023-05-13","33014"
"2023-05-12","35055"
"2023-05-11","31406"
"2023-05-10","35010"
"2023-05-09","20489"
"2023-05-08","19615"
"2023-05-07","21058"
"2023-05-06","22429"
"2023-05-05","27978"
"2023-05-04","24079"
"2023-05-03","23118"
"2023-05-02","23695"
"2023-05-01","23026"
"2023-04-30","24020"
"2023-04-29","35482"
"2023-04-28","37686"
"2023-04-27","14226"
"2023-04-26","18695"
"2023-04-25","20330"
"2023-04-24","22489"
"2023-04-23","25226"
"2023-04-22","23769"
"2023-04-21","23815"
"2023-04-20","13391"
"2023-04-19","2058"
"2023-04-18","2009"
"2023-04-17","2039"
"2023-04-16","25817"
"2023-04-15","35130"
"2023-04-14","32956"
"2023-04-13","16084"
"2023-04-12","21056"
"2023-04-11","21172"
"2023-04-10","21012"
"2023-04-09","17188"
"2023-04-08","19448"
"2023-04-07","34144"
"2023-04-06","45376"
"2023-04-05","45625"
"2023-04-04","45045"
"2023-04-03","44735"
"2023-04-02","44872"
"2023-04-01","44681"
"2023-03-31","128552"
"2023-03-30","34141"
"2023-03-29","44759"
"2023-03-28","34201"
"2023-03-27","30161"
"2023-03-26","45516"
"2023-03-25","44981"
"2023-03-24","9311"
"2023-03-23","15407"
"2023-03-22","18659"
"2023-03-21","21166"
"2023-03-20","21058"
"2023-03-19","30316"
"2023-03-18","39569"
"2023-03-17","45049"
"2023-03-16","26140"
"2023-03-15","21137"
"2023-03-14","21127"
"2023-03-13","17238"
"2023-03-12","21160"
"2023-03-11","20196"
"2023-03-10","12338"
"2023-03-09","12452"
"2023-03-08","17635"
"2023-03-07","21090"
"2023-03-06","14427"
"2023-03-05","21137"
"2023-03-04","21065"
"2023-03-03","16088"
"2023-03-02","15089"
"2023-03-01","14820"
"2023-02-28","13636"
"2023-02-27","14313"
"2023-02-26","16069"
"2023-02-25","16865"
"2023-02-24","17022"
"2023-02-23","16750"
"2023-02-22","17671"
"2023-02-21","25923"
"2023-02-20","34230"
"2023-02-19","39600"
"2023-02-18","44956"
"2023-02-17","30073"
"2023-02-16","45314"
"2023-02-15","45405"
"2023-02-14","18419"
"2023-02-13","16838"
"2023-02-12","19412"
"2023-02-11","20814"
"2023-02-10","18354"
"2023-02-09","19572"
"2023-02-08","17566"
"2023-02-07","28108"
"2023-02-06","45617"
"2023-02-05","30307"
"2023-02-04","34154"
"2023-02-03","25798"
"2023-02-02","25974"
"2023-02-01","56786"
"2023-01-31","45581"
"2023-01-30","26235"
"2023-01-29","19065"
"2023-01-28","16334"
"2023-01-27","25967"
"2023-01-26","16107"
"2023-01-25","20277"
"2023-01-24","19372"
"2023-01-23","20401"
"2023-01-22","17604"
"2023-01-21","16103"
"2023-01-20","18430"
"2023-01-19","39064"
"2023-01-18","21093"
"2023-01-17","23484"
"2023-01-16","26145"
"2023-01-15","27991"
"2023-01-14","34332"
"2023-01-13","56178"
"2023-01-12","79414"
"2023-01-11","17739"
"2023-01-10","16070"
"2023-01-09","13616"
"2023-01-08","13793"
"2023-01-07","12465"
"2023-01-06","12274"
"2023-01-05","21045"
"2023-01-04","26108"
"2023-01-03","29616"
"2023-01-02","25123"
"2023-01-01","11797"
"2022-12-31","10842"
"2022-12-30","12152"
"2022-12-29","16718"
"2022-12-28","21135"
"2022-12-27","18551"
"2022-12-26","13492"
"2022-12-25","16146"
"2022-12-24","14215"
"2022-12-23","16161"
"2022-12-22","17254"
"2022-12-21","21129"
"2022-12-20","29881"
"2022-12-19","34222"
"2022-12-18","47282"
"2022-12-17","42089"
"2022-12-16","79590"
"2022-12-15","14430"
"2022-12-14","17609"
"2022-12-13","27651"
"2022-12-12","47508"
"2022-12-11","36477"
"2022-12-10","60236"
"2022-12-09","25626"
"2022-12-08","30290"
"2022-12-07","21000"
"2022-12-06","26082"
"2022-12-05","28776"
"2022-12-04","18658"
"2022-12-03","26058"
"2022-12-02","34272"
"2022-12-01","45444"
"2022-11-30","45743"
"2022-11-29","71307"
"2022-11-28","60450"
"2022-11-27","60398"
"2022-11-26","60436"
"2022-11-25","27962"
"2022-11-24","29551"
"2022-11-23","30217"
"2022-11-22","50281"
"2022-11-21","62004"
"2022-11-20","61820"
"2022-11-19","61824"
"2022-11-18","62162"
"2022-11-17","60554"
"2022-11-16","60648"
"2022-11-15","60216"
"2022-11-14","60416"
"2022-11-13","60237"
"2022-11-12","60472"
"2022-11-11","16086"
"2022-11-10","17578"
"2022-11-09","25966"
"2022-11-08","25954"
"2022-11-07","25952"
"2022-11-06","30122"
"2022-11-05","30223"
"2022-11-04","26132"
"2022-11-03","26051"
"2022-11-02","30091"
"2022-11-01","30152"
"2022-10-31","34373"
"2022-10-30","29378"
"2022-10-29","0"
"2022-10-28","54825"
"2022-10-27","47907"
"2022-10-26","28954"
"2022-10-25","33429"
"2022-10-24","30641"
"2022-10-23","32378"
"2022-10-22","35119"
"2022-10-21","28799"
"2022-10-20","30982"
"2022-10-19","34208"
"2022-10-18","30077"
"2022-10-17","30321"
"2022-10-16","30904"
"2022-10-15","26028"
"2022-10-14","35391"
"2022-10-13","34232"
"2022-10-12","30190"
"2022-10-11","34210"
"2022-10-10","34312"
"2022-10-09","39655"
"2022-10-08","34174"
"2022-10-07","29178"
"2022-10-06","20743"
"2022-10-05","16264"
"2022-10-04","25144"
"2022-10-03","17278"
"2022-10-02","25152"
"2022-10-01","17509"
"2022-09-30","23277"
"2022-09-29","47135"
"2022-09-28","72568"
"2022-09-27","56877"
"2022-09-26","56744"
"2022-09-25","21182"
"2022-09-24","28197"
"2022-09-23","25965"
"2022-09-22","30287"
"2022-09-21","47397"
"2022-09-20","45409"
"2022-09-19","42093"
"2022-09-18","61866"
"2022-09-17","78947"
"2022-09-16","13755"
"2022-09-15","18042"
"2022-09-14","25986"
"2022-09-13","24479"
"2022-09-12","20034"
"2022-09-11","16085"
"2022-09-10","33477"
"2022-09-09","26116"
"2022-09-08","26007"
"2022-09-07","34354"
"2022-09-06","34217"
"2022-09-05","25947"
"2022-09-04","26060"
"2022-09-03","26014"
"2022-09-02","15410"
"2022-09-01","14785"
"2022-08-31","19467"
"2022-08-30","26025"
"2022-08-29","20996"
"2022-08-28","30320"
"2022-08-27","27999"
"2022-08-26","23366"
"2022-08-25","26159"
"2022-08-24","35343"
"2022-08-23","30765"
"2022-08-22","25956"
"2022-08-21","26128"
"2022-08-20","30036"
"2022-08-19","13457"
"2022-08-18","16674"
"2022-08-17","17049"
"2022-08-16","26143"
"2022-08-15","30061"
"2022-08-14","34287"
"2022-08-13","56694"
"2022-08-12","15376"
"2022-08-11","16105"
"2022-08-10","18538"
"2022-08-09","15420"
"2022-08-08","16157"
"2022-08-07","16184"
"2022-08-06","16177"
"2022-08-05","17587"
"2022-08-04","9774"
"2022-08-03","15434"
"2022-08-02","17550"
"2022-08-01","21899"
"2022-07-31","21912"
"2022-07-30","25972"
"2022-07-29","16144"
"2022-07-28","17590"
"2022-07-27","21937"
"2022-07-26","22212"
"2022-07-25","22931"
"2022-07-24","30183"
"2022-07-23","21069"
"2022-07-22","43378"
"2022-07-21","34301"
"2022-07-20","34382"
"2022-07-19","44650"
"2022-07-18","55509"
"2022-07-17","62135"
"2022-07-16","61871"
"2022-07-15","8381"
"2022-07-14","12338"
"2022-07-13","17454"
"2022-07-12","23154"
"2022-07-11","16041"
"2022-07-10","14657"
"2022-07-09","18474"
"2022-07-08","21705"
"2022-07-07","25951"
"2022-07-06","21662"
"2022-07-05","16086"
"2022-07-04","12379"
"2022-07-03","12332"
"2022-07-02","13629"
"2022-07-01","18764"
"2022-06-30","30254"
"2022-06-29","16475"
"2022-06-28","17577"
"2022-06-27","38810"
"2022-06-26","26079"
"2022-06-25","25924"
"2022-06-24","26109"
"2022-06-23","25947"
"2022-06-22","43112"
"2022-06-21","21811"
"2022-06-20","34254"
"2022-06-19","34412"
"2022-06-18","34406"
"2022-06-17","17041"
"2022-06-16","22287"
"2022-06-15","30208"
"2022-06-14","30101"
"2022-06-13","34244"
"2022-06-12","34249"
"2022-06-11","34330"
"2022-06-10","34199"
"2022-06-09","34330"
"2022-06-08","34191"
"2022-06-07","25951"
"2022-06-06","26121"
"2022-06-05","25920"
"2022-06-04","45380"
"2022-06-03","34213"
"2022-06-02","26049"
"2022-06-01","34208"
"2022-05-31","34398"
"2022-05-30","21898"
"2022-05-29","21707"
"2022-05-28","26123"
"2022-05-27","30249"
"2022-05-26","20751"
"2022-05-25","25950"
"2022-05-24","20654"
"2022-05-23","21859"
"2022-05-22","56818"
"2022-05-21","57035"
"2022-05-20","34239"
"2022-05-19","34200"
"2022-05-18","44925"
"2022-05-17","17763"
"2022-05-16","8645"
"2022-05-15","14752"
"2022-05-14","17030"
"2022-05-13","11660"
"2022-05-12","14499"
"2022-05-11","21722"
"2022-05-10","21910"
"2022-05-09","22847"
"2022-05-08","12095"
"2022-05-07","18679"
"2022-05-06","18573"
"2022-05-05","13999"
"2022-05-04","19514"
"2022-05-03","16791"
"2022-05-02","17615"
"2022-05-01","21691"
"2022-04-30","34148"
"2022-04-29","22003"
"2022-04-28","15090"
"2022-04-27","16991"
"2022-04-26","26169"
"2022-04-25","12523"
"2022-04-24","13249"
"2022-04-23","16126"
"2022-04-22","7252"
"2022-04-21","13361"
"2022-04-20","17103"
"2022-04-19","17196"
"2022-04-18","15402"
"2022-04-17","12862"
"2022-04-16","17558"
"2022-04-15","48496"
"2022-04-14","17704"
"2022-04-13","17557"
"2022-04-12","21680"
"2022-04-11","26071"
"2022-04-10","52412"
"2022-04-09","52882"
"2022-04-08","20053"
"2022-04-07","14587"
"2022-04-06","19279"
"2022-04-05","26120"
"2022-04-04","28170"
"2022-04-03","34203"
"2022-04-02","34233"
"2022-04-01","22188"
"2022-03-31","25930"
"2022-03-30","34276"
"2022-03-29","20775"
"2022-03-28","28180"
"2022-03-27","26154"
"2022-03-26","23494"
"2022-03-25","34375"
"2022-03-24","34208"
"2022-03-23","34429"
"2022-03-22","34462"
"2022-03-21","30286"
"2022-03-20","21676"
"2022-03-19","20400"
"2022-03-18","14691"
"2022-03-17","17656"
"2022-03-16","43227"
"2022-03-15","25935"
"2022-03-14","43348"
"2022-03-13","19106"
"2022-03-12","20756"
"2022-03-11","17445"
"2022-03-10","13551"
"2022-03-09","17573"
"2022-03-08","25939"
"2022-03-07","30239"
"2022-03-06","34347"
"2022-03-05","34234"
"2022-03-04","16404"
"2022-03-03","17125"
"2022-03-02","18668"
"2022-03-01","21806"
"2022-02-28","25982"
"2022-02-27","28141"
"2022-02-26","47429"
"2022-02-25","16132"
"2022-02-24","13612"
"2022-02-23","14828"
"2022-02-22","19434"
"2022-02-21","17687"
"2022-02-20","26031"
"2022-02-19","10379"
"2022-02-18","21735"
"2022-02-17","43377"
"2022-02-16","43235"
"2022-02-15","30292"
"2022-02-14","26131"
"2022-02-13","34419"
"2022-02-12","16787"
"2022-02-11","43042"
"2022-02-10","34148"
"2022-02-09","34317"
"2022-02-08","34349"
"2022-02-07","34368"
"2022-02-06","33244"
"2022-02-05","16924"
"2022-02-04","17558"
"2022-02-03","17581"
"2022-02-02","17577"
"2022-02-01","20448"
"2022-01-31","26149"
"2022-01-30","34397"
"2022-01-29","21816"
"2022-01-28","21789"
"2022-01-27","26016"
"2022-01-26","20715"
"2022-01-25","21729"
"2022-01-24","30275"
"2022-01-23","30105"
"2022-01-22","47557"
"2022-01-21","44876"
"2022-01-20","29964"
"2022-01-19","25927"
"2022-01-18","34354"
"2022-01-17","47431"
"2022-01-16","47413"
"2022-01-15","34233"
"2022-01-14","47166"
"2022-01-13","45053"
"2022-01-12","56019"
"2022-01-11","62272"
"2022-01-10","56610"
"2022-01-09","20062"
"2022-01-08","16179"
"2022-01-07","17508"
"2022-01-06","17645"
"2022-01-05","22599"
"2022-01-04","20504"
"2022-01-03","26049"
"2022-01-02","43059"
"2022-01-01","34337"
"2021-12-31","36184"
"2021-12-30","44247"
"2021-12-29","26020"
"2021-12-28","25999"
"2021-12-27","30025"
"2021-12-26","47252"
"2021-12-25","44809"
"2021-12-24","44878"
"2021-12-23","41951"
"2021-12-22","34307"
"2021-12-21","34458"
"2021-12-20","34399"
"2021-12-19","34176"
"2021-12-18","27138"
"2021-12-17","30240"
"2021-12-16","36711"
"2021-12-15","34288"
"2021-12-14","34444"
"2021-12-13","34418"
"2021-12-12","47212"
"2021-12-11","26057"
"2021-12-10","22978"
"2021-12-09","21730"
"2021-12-08","26056"
"2021-12-07","34148"
"2021-12-06","34228"
"2021-12-05","36395"
"2021-12-04","49391"
"2021-12-03","26075"
"2021-12-02","34238"
"2021-12-01","34352"
"2021-11-30","34255"
"2021-11-29","21803"
"2021-11-28","25945"
"2021-11-27","34262"
"2021-11-26","34411"
"2021-11-25","34170"
"2021-11-24","34457"
"2021-11-23","34211"
"2021-11-22","36555"
"2021-11-21","47177"
"2021-11-20","118736"
"2021-11-19","25858"
"2021-11-18","34264"
"2021-11-17","34126"
"2021-11-16","36564"
"2021-11-15","60277"
"2021-11-14","60156"
"2021-11-13","60336"
"2021-11-12","60393"
"2021-11-11","60288"
"2021-11-10","79176"
"2021-11-09","118422"
"2021-11-08","60142"
"2021-11-07","60425"
"2021-11-06","118508"
"2021-11-05","24738"
"2021-11-04","34187"
"2021-11-03","34176"
"2021-11-02","34360"
"2021-11-01","32798"
"2021-10-31","53111"
"2021-10-30","44972"
"2021-10-29","44695"
"2021-10-28","41863"
"2021-10-27","79010"
"2021-10-26","79244"
"2021-10-25","79017"
"2021-10-24","79236"
"2021-10-23","79368"
"2021-10-22","79426"
"2021-10-21","60446"
"2021-10-20","60572"
"2021-10-19","60633"
"2021-10-18","60232"
"2021-10-17","60272"
"2021-10-16","60613"
"2021-10-15","60492"
"2021-10-14","60384"
"2021-10-13","60610"
"2021-10-12","79607"
"2021-10-11","79443"
"2021-10-10","79555"
"2021-10-09","79403"
"2021-10-08","406"
"2021-10-07","0"
"2021-10-06",""
"2021-10-05",""
"2021-10-04",""
"2021-10-03",""
"2021-10-02",""
"2021-10-01",""
"2021-09-30",""
"2021-09-29",""
"2021-09-28",""
"2021-09-27",""
"2021-09-26",""
"2021-09-25",""
"2021-09-24",""
"2021-09-23",""
"2021-09-22",""
"2021-09-21",""
"2021-09-20",""
"2021-09-19",""
"2021-09-18",""
"2021-09-17",""
"2021-09-16",""
"2021-09-15",""
"2021-09-14",""
"2021-09-13",""
"2021-09-12",""
"2021-09-11",""
"2021-09-10",""
"2021-09-09",""
"2021-09-08",""
"2021-09-07",""
"2021-09-06",""
"2021-09-05",""
"2021-09-04",""
"2021-09-03",""
"2021-09-02",""
"2021-09-01",""
"2021-08-31",""
"2021-08-30",""
"2021-08-29",""
"2021-08-28",""
"2021-08-27",""
"2021-08-26",""
"2021-08-25",""
"2021-08-24",""
"2021-08-23",""
"2021-08-22",""
"2021-08-21",""
"2021-08-20",""
"2021-08-19",""
"2021-08-18",""
"2021-08-17",""
"2021-08-16",""
"2021-08-15",""
"2021-08-14",""
"2021-08-13",""
"2021-08-12",""
"2021-08-11",""
"2021-08-10",""
"2021-08-09",""
"2021-08-08",""
"2021-08-07",""
"2021-08-06",""
"2021-08-05",""
"2021-08-04",""
"2021-08-03",""
"2021-08-02",""
"2021-08-01",""
"2021-07-31",""
"2021-07-30",""
"2021-07-29",""
"2021-07-28",""
"2021-07-27",""
"2021-07-26",""
"2021-07-25",""
"2021-07-24",""
"2021-07-23",""
"2021-07-22",""
"2021-07-21",""
"2021-07-20",""
"2021-07-19",""
"2021-07-18",""
"2021-07-17",""
"2021-07-16",""
"2021-07-15",""
"2021-07-14",""
"2021-07-13",""
"2021-07-12",""
"2021-07-11",""
"2021-07-10",""
"2021-07-09",""
"2021-07-08",""
"2021-07-07",""
"2021-07-06",""
"2021-07-05",""
"2021-07-04",""
"2021-07-03",""
"2021-07-02",""
"2021-07-01",""
"2021-06-30",""
"2021-06-29",""
"2021-06-28",""
"2021-06-27",""
"2021-06-26",""
"2021-06-25",""
"2021-06-24",""
"2021-06-23",""
"2021-06-22",""
"2021-06-21",""
"2021-06-20",""
"2021-06-19",""
"2021-06-18",""
"2021-06-17",""
"2021-06-16",""
"2021-06-15",""
"2021-06-14",""
"2021-06-13",""
"2021-06-12",""
"2021-06-11",""
"2021-06-10",""
"2021-06-09",""
"2021-06-08",""
"2021-06-07",""
"2021-06-06",""
"2021-06-05",""
"2021-06-04",""
"2021-06-03",""
"2021-06-02",""
"2021-06-01",""
"2021-05-31",""
"2021-05-30",""
"2021-05-29",""
"2021-05-28",""
"2021-05-27",""
"2021-05-26",""
"2021-05-25",""
"2021-05-24",""
"2021-05-23",""
"2021-05-22",""
"2021-05-21",""
"2021-05-20",""
"2021-05-19",""
"2021-05-18",""
"2021-05-17",""
"2021-05-16",""
"2021-05-15",""
"2021-05-14",""
"2021-05-13",""
"2021-05-12",""
"2021-05-11",""
"2021-05-10",""
"2021-05-09",""
"2021-05-08",""
"2021-05-07",""
"2021-05-06",""
"2021-05-05",""
"2021-05-04",""
"2021-05-03",""
"2021-05-02",""
"2021-05-01",""
"2021-04-30",""
"2021-04-29",""
"2021-04-28",""
"2021-04-27",""
"2021-04-26",""
"2021-04-25",""
"2021-04-24",""
"2021-04-23",""
"2021-04-22",""
"2021-04-21",""
"2021-04-20",""
"2021-04-19",""
"2021-04-18",""
"2021-04-17",""
"2021-04-16",""
"2021-04-15",""
"2021-04-14",""
"2021-04-13",""
"2021-04-12",""
"2021-04-11",""
"2021-04-10",""
"2021-04-09",""
"2021-04-08",""
"2021-04-07",""
"2021-04-06",""
"2021-04-05",""
"2021-04-04",""
"2021-04-03",""
"2021-04-02",""
"2021-04-01",""
"2021-03-31",""
"2021-03-30",""
"2021-03-29",""
"2021-03-28",""
"2021-03-27",""
"2021-03-26",""
"2021-03-25",""
"2021-03-24",""
"2021-03-23",""
"2021-03-22",""
"2021-03-21",""
"2021-03-20",""
"2021-03-19",""
"2021-03-18",""
"2021-03-17",""
"2021-03-16",""
"2021-03-15",""
"2021-03-14",""
"2021-03-13",""
"2021-03-12",""
"2021-03-11",""
"2021-03-10",""
"2021-03-09",""
"2021-03-08",""
"2021-03-07",""
"2021-03-06",""
"2021-03-05",""
"2021-03-04",""
"2021-03-03",""
"2021-03-02",""
"2021-03-01",""
"2021-02-28",""
"2021-02-27",""
"2021-02-26",""
"2021-02-25",""
"2021-02-24",""
"2021-02-23",""
"2021-02-22",""
"2021-02-21",""
"2021-02-20",""
"2021-02-19",""
"2021-02-18",""
"2021-02-17",""
"2021-02-16",""
"2021-02-15",""
"2021-02-14",""
"2021-02-13",""
"2021-02-12",""
"2021-02-11",""
"2021-02-10",""
"2021-02-09",""
"2021-02-08",""
"2021-02-07",""
"2021-02-06",""
"2021-02-05",""
"2021-02-04",""
"2021-02-03",""
"2021-02-02",""
"2021-02-01",""
"2021-01-31",""
"2021-01-30",""
"2021-01-29",""
"2021-01-28",""
"2021-01-27",""
"2021-01-26",""
"2021-01-25",""
"2021-01-24",""
"2021-01-23",""
"2021-01-22",""
"2021-01-21",""
"2021-01-20",""
"2021-01-19",""
"2021-01-18",""
"2021-01-17",""
"2021-01-16",""
"2021-01-15",""
"2021-01-14",""
"2021-01-13",""
"2021-01-12",""
"2021-01-11",""
"2021-01-10",""
"2021-01-09",""
"2021-01-08",""
"2021-01-07",""
"2021-01-06",""
"2021-01-05",""
"2021-01-04",""
"2021-01-03",""
"2021-01-02",""
"2021-01-01",""
"2020-12-31",""
"2020-12-30",""
"2020-12-29",""
"2020-12-28",""
"2020-12-27",""
"2020-12-26",""
"2020-12-25",""
"2020-12-24",""
"2020-12-23",""
"2020-12-22",""
"2020-12-21",""
"2020-12-20",""
"2020-12-19",""
"2020-12-18",""
"2020-12-17",""
"2020-12-16",""
"2020-12-15",""
"2020-12-14",""
"2020-12-13",""
"2020-12-12",""
"2020-12-11",""
"2020-12-10",""
"2020-12-09",""
"2020-12-08",""
"2020-12-07",""
"2020-12-06",""
"2020-12-05",""
"2020-12-04",""
"2020-12-03",""
"2020-12-02",""
"2020-12-01",""
"2020-11-30",""
"2020-11-29",""
"2020-11-28",""
"2020-11-27",""
"2020-11-26",""
"2020-11-25",""
"2020-11-24",""
"2020-11-23",""
"2020-11-22",""
"2020-11-21",""
"2020-11-20",""
"2020-11-19",""
"2020-11-18",""
"2020-11-17",""
"2020-11-16",""
"2020-11-15",""
"2020-11-14",""
"2020-11-13",""
"2020-11-12",""
"2020-11-11",""
"2020-11-10",""
"2020-11-09",""
"2020-11-08",""
"2020-11-07",""
"2020-11-06",""
"2020-11-05",""
"2020-11-04",""
"2020-11-03",""
"2020-11-02",""
"2020-11-01",""
"2020-10-31",""
"2020-10-30",""
"2020-10-29",""
"2020-10-28",""
"2020-10-27",""
"2020-10-26",""
"2020-10-25",""
"2020-10-24",""
"2020-10-23",""
"2020-10-22",""
"2020-10-21",""
"2020-10-20",""
"2020-10-19",""
"2020-10-18",""
"2020-10-17",""
"2020-10-16",""
"2020-10-15",""
"2020-10-14",""
"2020-10-13",""
"2020-10-12",""
"2020-10-11",""
"2020-10-10",""
"2020-10-09",""
"2020-10-08",""
"2020-10-07",""
"2020-10-06",""
"2020-10-05",""
"2020-10-04",""
"2020-10-03",""
"2020-10-02",""
"2020-10-01",""
"2020-09-30",""
"2020-09-29",""
"2020-09-28",""
"2020-09-27",""
"2020-09-26",""
"2020-09-25",""
"2020-09-24",""
"2020-09-23",""
"2020-09-22",""
"2020-09-21",""
"2020-09-20",""
"2020-09-19",""
"2020-09-18",""
"2020-09-17",""
"2020-09-16",""
"2020-09-15",""
"2020-09-14",""
"2020-09-13",""
"2020-09-12",""
"2020-09-11",""
"2020-09-10",""
"2020-09-09",""
"2020-09-08",""
"2020-09-07",""
"2020-09-06",""
"2020-09-05",""
"2020-09-04",""
"2020-09-03",""
"2020-09-02",""
"2020-09-01",""
"2020-08-31",""
"2020-08-30",""
"2020-08-29",""
"2020-08-28",""
"2020-08-27",""
"2020-08-26",""
"2020-08-25",""
"2020-08-24",""
"2020-08-23",""
"2020-08-22",""
"2020-08-21",""
"2020-08-20",""
"2020-08-19",""
"2020-08-18",""
"2020-08-17",""
"2020-08-16",""
"2020-08-15",""
"2020-08-14",""
"2020-08-13",""
"2020-08-12",""
"2020-08-11",""
"2020-08-10",""
"2020-08-09",""
"2020-08-08",""
"2020-08-07",""
"2020-08-06",""
"2020-08-05",""
"2020-08-04",""
"2020-08-03",""
"2020-08-02",""
"2020-08-01",""
"2020-07-31",""
"2020-07-30",""
"2020-07-29",""
"2020-07-28",""
"2020-07-27",""
"2020-07-26",""
"2020-07-25",""
"2020-07-24",""
"2020-07-23",""
"2020-07-22",""
"2020-07-21",""
"2020-07-20",""
"2020-07-19",""
"2020-07-18",""
"2020-07-17",""
"2020-07-16",""
"2020-07-15",""
"2020-07-14",""
"2020-07-13",""
"2020-07-12",""
"2020-07-11",""
"2020-07-10",""
"2020-07-09",""
"2020-07-08",""
"2020-07-07",""
"2020-07-06",""
"2020-07-05",""
"2020-07-04",""
"2020-07-03",""
"2020-07-02",""
"2020-07-01",""
"2020-06-30",""
"2020-06-29",""
"2020-06-28",""
"2020-06-27",""
"2020-06-26",""
"2020-06-25",""
"2020-06-24",""
"2020-06-23",""
"2020-06-22",""
"2020-06-21",""
"2020-06-20",""
"2020-06-19",""
"2020-06-18",""
"2020-06-17",""
"2020-06-16",""
"2020-06-15",""
"2020-06-14",""
"2020-06-13",""
"2020-06-12",""
"2020-06-11",""
"2020-06-10",""
"2020-06-09",""
"2020-06-08",""
"2020-06-07",""
"2020-06-06",""
"2020-06-05",""
"2020-06-04",""
"2020-06-03",""
"2020-06-02",""
"2020-06-01",""
"2020-05-31",""
"2020-05-30",""
"2020-05-29",""
"2020-05-28",""
"2020-05-27",""
"2020-05-26",""
"2020-05-25",""
"2020-05-24",""
"2020-05-23",""
"2020-05-22",""
"2020-05-21",""
"2020-05-20",""
"2020-05-19",""
"2020-05-18",""
"2020-05-17",""
"2020-05-16",""
"2020-05-15",""
"2020-05-14",""
"2020-05-13",""
"2020-05-12",""
"2020-05-11",""
"2020-05-10",""
"2020-05-09",""
"2020-05-08",""
"2020-05-07",""
"2020-05-06",""
"2020-05-05",""
"2020-05-04",""
"2020-05-03",""
"2020-05-02",""
"2020-05-01",""
"2020-04-30",""
"2020-04-29",""
"2020-04-28",""
"2020-04-27",""
"2020-04-26",""
"2020-04-25",""
"2020-04-24",""
"2020-04-23",""
"2020-04-22",""
"2020-04-21",""
"2020-04-20",""
"2020-04-19",""
"2020-04-18",""
"2020-04-17",""
"2020-04-16",""
"2020-04-15",""
"2020-04-14",""
"2020-04-13",""
"2020-04-12",""
"2020-04-11",""
"2020-04-10",""
"2020-04-09",""
"2020-04-08",""
"2020-04-07",""
"2020-04-06",""
"2020-04-05",""
"2020-04-04",""
"2020-04-03",""
"2020-04-02",""
"2020-04-01",""
"2020-03-31",""
"2020-03-30",""
"2020-03-29",""
"2020-03-28",""
"2020-03-27",""
"2020-03-26",""
"2020-03-25",""
"2020-03-24",""
"2020-03-23",""
"2020-03-22",""
"2020-03-21",""
"2020-03-20",""
"2020-03-19",""
"2020-03-18",""
"2020-03-17",""
"2020-03-16",""
"2020-03-15",""
"2020-03-14",""
"2020-03-13",""
"2020-03-12",""
"2020-03-11",""
"2020-03-10",""
"2020-03-09",""
"2020-03-08",""
"2020-03-07",""
"2020-03-06",""
"2020-03-05",""
"2020-03-04",""
"2020-03-03",""
"2020-03-02",""
"2020-03-01",""
"2020-02-29",""
"2020-02-28",""
"2020-02-27",""
"2020-02-26",""
"2020-02-25",""
"2020-02-24",""
"2020-02-23",""
"2020-02-22",""
"2020-02-21",""
"2020-02-20",""
"2020-02-19",""
"2020-02-18",""
"2020-02-17",""
"2020-02-16",""
"2020-02-15",""
"2020-02-14",""
"2020-02-13",""
"2020-02-12",""
"2020-02-11",""
"2020-02-10",""
"2020-02-09",""
"2020-02-08",""
"2020-02-07",""
"2020-02-06",""
"2020-02-05",""
"2020-02-04",""
"2020-02-03",""
"2020-02-02",""
"2020-02-01",""
"2020-01-31",""
"2020-01-30",""
"2020-01-29",""
"2020-01-28",""
"2020-01-27",""
"2020-01-26",""
"2020-01-25",""
"2020-01-24",""
"2020-01-23",""
"2020-01-22",""
"2020-01-21",""
"2020-01-20",""
"2020-01-19",""
"2020-01-18",""
"2020-01-17",""
"2020-01-16",""
"2020-01-15",""
"2020-01-14",""
"2020-01-13",""
"2020-01-12",""
"2020-01-11",""
"2020-01-10",""
"2020-01-09",""
"2020-01-08",""
"2020-01-07",""
"2020-01-06",""
"2020-01-05",""
"2020-01-04",""
"2020-01-03",""
"2020-01-02",""
"2020-01-01",""
