日期,收入预估~iPhone
2024/12/31,182821
2024/12/30,239871
2024/12/29,311708
2024/12/28,311950
2024/12/27,353526
2024/12/26,206970
2024/12/25,127873
2024/12/24,150664
2024/12/23,198778
2024/12/22,190510
2024/12/21,254179
2024/12/20,191935
2024/12/19,164720
2024/12/18,160786
2024/12/17,187745
2024/12/16,212573
2024/12/15,207921
2024/12/14,178131
2024/12/13,229946
2024/12/12,140275
2024/12/11,184076
2024/12/10,192152
2024/12/9,259279
2024/12/8,195858
2024/12/7,246770
2024/12/6,247259
2024/12/5,234962
2024/12/4,329174
2024/12/3,393375
2024/12/2,488529
2024/12/1,437508
2024/11/30,507891
2024/11/29,475947
2024/11/28,280576
2024/11/27,342998
2024/11/26,319744
2024/11/25,381352
2024/11/24,377987
2024/11/23,282520
2024/11/22,347635
2024/11/21,242984
2024/11/20,313123
2024/11/19,350030
2024/11/18,638570
2024/11/17,495794
2024/11/16,436170
2024/11/15,698389
2024/11/14,274388
2024/11/13,313125
2024/11/12,334646
2024/11/11,612012
2024/11/10,1480769
2024/11/9,1291361
2024/11/8,1794323
2024/11/7,126438
2024/11/6,113870
2024/11/5,134191
2024/11/4,186119
2024/11/3,167395
2024/11/2,135009
2024/11/1,92249
2024/10/31,97757
2024/10/30,125747
2024/10/29,137042
2024/10/28,175571
2024/10/27,142841
2024/10/26,132612
2024/10/25,150981
2024/10/24,174755
2024/10/23,230025
2024/10/22,228627
2024/10/21,274046
2024/10/20,279553
2024/10/19,313864
2024/10/18,434344
2024/10/17,197244
2024/10/16,144291
2024/10/15,177001
2024/10/14,227905
2024/10/13,216438
2024/10/12,180297
2024/10/11,228553
2024/10/10,136784
2024/10/9,132486
2024/10/8,209321
2024/10/7,169689
2024/10/6,182783
2024/10/5,180524
2024/10/4,180703
2024/10/3,200492
2024/10/2,233733
2024/10/1,328537
2024/9/30,238168
2024/9/29,236855
2024/9/28,333727
2024/9/27,433798
2024/9/26,219165
2024/9/25,105687
2024/9/24,124193
2024/9/23,135690
2024/9/22,129294
2024/9/21,118461
2024/9/20,93364
2024/9/19,115622
2024/9/18,148650
2024/9/17,162542
2024/9/16,144361
2024/9/15,155493
2024/9/14,151363
2024/9/13,170540
2024/9/12,92606
2024/9/11,99634
2024/9/10,107855
2024/9/9,152232
2024/9/8,151503
2024/9/7,113353
2024/9/6,89515
2024/9/5,94080
2024/9/4,127472
2024/9/3,170267
2024/9/2,192288
2024/9/1,301206
2024/8/31,359407
2024/8/30,411145
2024/8/29,312430
2024/8/28,275286
2024/8/27,311075
2024/8/26,312016
2024/8/25,271315
2024/8/24,312432
2024/8/23,349781
2024/8/22,284992
2024/8/21,242431
2024/8/20,280506
2024/8/19,312957
2024/8/18,243146
2024/8/17,245054
2024/8/16,264436
2024/8/15,312677
2024/8/14,295990
2024/8/13,338013
2024/8/12,345092
2024/8/11,297859
2024/8/10,302845
2024/8/9,500336
2024/8/8,467407
2024/8/7,619238
2024/8/6,577563
2024/8/5,717262
2024/8/4,1516202
2024/8/3,1816025
2024/8/2,434540
2024/8/1,217101
2024/7/31,241780
2024/7/30,260020
2024/7/29,249840
2024/7/28,331070
2024/7/27,455728
2024/7/26,611429
2024/7/25,360489
2024/7/24,295355
2024/7/23,246443
2024/7/22,320417
2024/7/21,343041
2024/7/20,290912
2024/7/19,437478
2024/7/18,500656
2024/7/17,177676
2024/7/16,226834
2024/7/15,209943
2024/7/14,185209
2024/7/13,231955
2024/7/12,238797
2024/7/11,170874
2024/7/10,286047
2024/7/9,318687
2024/7/8,348456
2024/7/7,434377
2024/7/6,466360
2024/7/5,519605
2024/7/4,369030
2024/7/3,322705
2024/7/2,402260
2024/7/1,502027
2024/6/30,568806
2024/6/29,601887
2024/6/28,706787
2024/6/27,149717
2024/6/26,184123
2024/6/25,192673
2024/6/24,261593
2024/6/23,219957
2024/6/22,201415
2024/6/21,481438
2024/6/20,141624
2024/6/19,159806
2024/6/18,180267
2024/6/17,189643
2024/6/16,261919
2024/6/15,269143
2024/6/14,502064
2024/6/13,148733
2024/6/12,214368
2024/6/11,240744
2024/6/10,378301
2024/6/9,316991
2024/6/8,323962
2024/6/7,518816
2024/6/6,250735
2024/6/5,165682
2024/6/4,215481
2024/6/3,235268
2024/6/2,266289
2024/6/1,184788
2024/5/31,164568
2024/5/30,140171
2024/5/29,152619
2024/5/28,180247
2024/5/27,238079
2024/5/26,266017
2024/5/25,236203
2024/5/24,312358
2024/5/23,175100
2024/5/22,177483
2024/5/21,207433
2024/5/20,237905
2024/5/19,312134
2024/5/18,281530
2024/5/17,258078
2024/5/16,134532
2024/5/15,152803
2024/5/14,163419
2024/5/13,179935
2024/5/12,165841
2024/5/11,150276
2024/5/10,164334
2024/5/9,180989
2024/5/8,181613
2024/5/7,185549
2024/5/6,252832
2024/5/5,210242
2024/5/4,228149
2024/5/3,235425
2024/5/2,227574
2024/5/1,237249
2024/4/30,221546
2024/4/29,200391
2024/4/28,238909
2024/4/27,314053
2024/4/26,352053
2024/4/25,413419
2024/4/24,224604
2024/4/23,409599
2024/4/22,350897
2024/4/21,290706
2024/4/20,251496
2024/4/19,251529
2024/4/18,344408
2024/4/17,363543
2024/4/16,333619
2024/4/15,700416
2024/4/14,720772
2024/4/13,558582
2024/4/12,703031
2024/4/11,349989
2024/4/10,347295
2024/4/9,374404
2024/4/8,518620
2024/4/7,544934
2024/4/6,620544
2024/4/5,594077
2024/4/4,722558
2024/4/3,434892
2024/4/2,432376
2024/4/1,517371
2024/3/31,589691
2024/3/30,1434273
2024/3/29,1257916
2024/3/28,131610
2024/3/27,151629
2024/3/26,164386
2024/3/25,190395
2024/3/24,243701
2024/3/23,227385
2024/3/22,333994
2024/3/21,180860
2024/3/20,190491
2024/3/19,229144
2024/3/18,313450
2024/3/17,262794
2024/3/16,211921
2024/3/15,160589
2024/3/14,161742
2024/3/13,133402
2024/3/12,159172
2024/3/11,188265
2024/3/10,197778
2024/3/9,136228
2024/3/8,118706
2024/3/7,134726
2024/3/6,172033
2024/3/5,162512
2024/3/4,190538
2024/3/3,206032
2024/3/2,173847
2024/3/1,611804
2024/2/29,197650
2024/2/28,228496
2024/2/27,241905
2024/2/26,314333
2024/2/25,361987
2024/2/24,352998
2024/2/23,746107
2024/2/22,130932
2024/2/21,134614
2024/2/20,157111
2024/2/19,183091
2024/2/18,180356
2024/2/17,168095
2024/2/16,214534
2024/2/15,288922
2024/2/14,203567
2024/2/13,216711
2024/2/12,228305
2024/2/11,228234
2024/2/10,181399
2024/2/9,178934
2024/2/8,238133
2024/2/7,136206
2024/2/6,110661
2024/2/5,127355
2024/2/4,150160
2024/2/3,155359
2024/2/2,201367
2024/2/1,95539
2024/1/31,91565
2024/1/30,106712
2024/1/29,113940
2024/1/28,128107
2024/1/27,154200
2024/1/26,263212
2024/1/25,101601
2024/1/24,71893
2024/1/23,78020
2024/1/22,98649
2024/1/21,71296
2024/1/20,69159
2024/1/19,63662
2024/1/18,67424
2024/1/17,78962
2024/1/16,94737
2024/1/15,107344
2024/1/14,128044
2024/1/13,127513
2024/1/12,152308
2024/1/11,58866
2024/1/10,60842
2024/1/9,67708
2024/1/8,69161
2024/1/7,77278
2024/1/6,99430
2024/1/5,104210
2024/1/4,112881
2024/1/3,136968
2024/1/2,176664
2024/1/1,175434
2023/12/31,128001
2023/12/30,127076
2023/12/29,166547
2023/12/28,220074
2023/12/27,35849
2023/12/26,35883
2023/12/25,35813
2023/12/24,44057
2023/12/23,40960
2023/12/22,36143
2023/12/21,40398
2023/12/20,36240
2023/12/19,40566
2023/12/18,44414
2023/12/17,60253
2023/12/16,61568
2023/12/15,67680
2023/12/14,100059
2023/12/13,65806
2023/12/12,59584
2023/12/11,66822
2023/12/10,67354
2023/12/9,66210
2023/12/8,50317
2023/12/7,48239
2023/12/6,48838
2023/12/5,49864
2023/12/4,59779
2023/12/3,89735
2023/12/2,81492
2023/12/1,53421
2023/11/30,61764
2023/11/29,67403
2023/11/28,82498
2023/11/27,101110
2023/11/26,151038
2023/11/25,187457
2023/11/24,225287
2023/11/23,504071
2023/11/22,28601
2023/11/21,29767
2023/11/20,40557
2023/11/19,48404
2023/11/18,44498
2023/11/17,40485
2023/11/16,36180
2023/11/15,20014
2023/11/14,22744
2023/11/13,24557
2023/11/12,30818
2023/11/11,28111
2023/11/10,24557
2023/11/9,29709
2023/11/8,33730
2023/11/7,37718
2023/11/6,45036
2023/11/5,59426
2023/11/4,61215
2023/11/3,65968
2023/11/2,94249
2023/11/1,41086
2023/10/31,41172
2023/10/30,44609
2023/10/29,49534
2023/10/28,44211
2023/10/27,30540
2023/10/26,33397
2023/10/25,30755
2023/10/24,40652
2023/10/23,44237
2023/10/22,54237
2023/10/21,52218
2023/10/20,49330
2023/10/19,53042
2023/10/18,41069
2023/10/17,47988
2023/10/16,54339
2023/10/15,78445
2023/10/14,76460
2023/10/13,76606
2023/10/12,93503
2023/10/11,30199
2023/10/10,30393
2023/10/9,31052
2023/10/8,35940
2023/10/7,39274
2023/10/6,41651
2023/10/5,44629
2023/10/4,48623
2023/10/3,50462
2023/10/2,54515
2023/10/1,61508
2023/9/30,76066
2023/9/29,95301
2023/9/28,127109
2023/9/27,21107
2023/9/26,23886
2023/9/25,31694
2023/9/24,44110
2023/9/23,41531
2023/9/22,31298
2023/9/21,36376
2023/9/20,23712
2023/9/19,29532
2023/9/18,34562
2023/9/17,44312
2023/9/16,40651
2023/9/15,30912
2023/9/14,35900
2023/9/13,40658
2023/9/12,36392
2023/9/11,45320
2023/9/10,60103
2023/9/9,60004
2023/9/8,50506
2023/9/7,49555
2023/9/6,41331
2023/9/5,44810
2023/9/4,60442
2023/9/3,72117
2023/9/2,78625
2023/9/1,98247
2023/8/31,157653
2023/8/30,90511
2023/8/29,89121
2023/8/28,89370
2023/8/27,85679
2023/8/26,74960
2023/8/25,75716
2023/8/24,75130
2023/8/23,67743
2023/8/22,73891
2023/8/21,81225
2023/8/20,87168
2023/8/19,83933
2023/8/18,100941
2023/8/17,155472
2023/8/16,78227
2023/8/15,90670
2023/8/14,89129
2023/8/13,94025
2023/8/12,91083
2023/8/11,96964
2023/8/10,127051
2023/8/9,132404
2023/8/8,186460
2023/8/7,190934
2023/8/6,273707
2023/8/5,326115
2023/8/4,335147
2023/8/3,532854
2023/8/2,84998
2023/8/1,74846
2023/7/31,76048
2023/7/30,84741
2023/7/29,90643
2023/7/28,95193
2023/7/27,126723
2023/7/26,67518
2023/7/25,67201
2023/7/24,64339
2023/7/23,78177
2023/7/22,78203
2023/7/21,97097
2023/7/20,132940
2023/7/19,67076
2023/7/18,66275
2023/7/17,61254
2023/7/16,76546
2023/7/15,92083
2023/7/14,127014
2023/7/13,203684
2023/7/12,58915
2023/7/11,51911
2023/7/10,49657
2023/7/9,58412
2023/7/8,48044
2023/7/7,48200
2023/7/6,49236
2023/7/5,48992
2023/7/4,49754
2023/7/3,52071
2023/7/2,61610
2023/7/1,64477
2023/6/30,81684
2023/6/29,92328
2023/6/28,48932
2023/6/27,49078
2023/6/26,45671
2023/6/25,51048
2023/6/24,61568
2023/6/23,82362
2023/6/22,111919
2023/6/21,131232
2023/6/20,61181
2023/6/19,61309
2023/6/18,66200
2023/6/17,53882
2023/6/16,49120
2023/6/15,49138
2023/6/14,50796
2023/6/13,49938
2023/6/12,51846
2023/6/11,62208
2023/6/10,52094
2023/6/9,49612
2023/6/8,56062
2023/6/7,66198
2023/6/6,68071
2023/6/5,75609
2023/6/4,102886
2023/6/3,108118
2023/6/2,130192
2023/6/1,206639
2023/5/31,341948
2023/5/30,30991
2023/5/29,33547
2023/5/28,40503
2023/5/27,32721
2023/5/26,30059
2023/5/25,30385
2023/5/24,27493
2023/5/23,28963
2023/5/22,29840
2023/5/21,36096
2023/5/20,35554
2023/5/19,30293
2023/5/18,33717
2023/5/17,41165
2023/5/16,41385
2023/5/15,49305
2023/5/14,67522
2023/5/13,75633
2023/5/12,86389
2023/5/11,104392
2023/5/10,31858
2023/5/9,35828
2023/5/8,41315
2023/5/7,48492
2023/5/6,40754
2023/5/5,44115
2023/5/4,46568
2023/5/3,44289
2023/5/2,46637
2023/5/1,50667
2023/4/30,66377
2023/4/29,57579
2023/4/28,60609
2023/4/27,81491
2023/4/26,30115
2023/4/25,33944
2023/4/24,51854
2023/4/23,69305
2023/4/22,72175
2023/4/21,92259
2023/4/20,104000
2023/4/19,51133
2023/4/18,52780
2023/4/17,57451
2023/4/16,48488
2023/4/15,41873
2023/4/14,36997
2023/4/13,43552
2023/4/12,49498
2023/4/11,56764
2023/4/10,76335
2023/4/9,92678
2023/4/8,87118
2023/4/7,93523
2023/4/6,80738
2023/4/5,76834
2023/4/4,81716
2023/4/3,102504
2023/4/2,131883
2023/4/1,167695
2023/3/31,261130
2023/3/30,283427
2023/3/29,47211
2023/3/28,64016
2023/3/27,95755
2023/3/26,122584
2023/3/25,129997
2023/3/24,170005
2023/3/23,185660
2023/3/22,26362
2023/3/21,28121
2023/3/20,33323
2023/3/19,35433
2023/3/18,32770
2023/3/17,32877
2023/3/16,30801
2023/3/15,28562
2023/3/14,33004
2023/3/13,39207
2023/3/12,43385
2023/3/11,38986
2023/3/10,32441
2023/3/9,34996
2023/3/8,35632
2023/3/7,43975
2023/3/6,84196
2023/3/5,102461
2023/3/4,119238
2023/3/3,167686
2023/3/2,225908
2023/3/1,68719
2023/2/28,72371
2023/2/27,92373
2023/2/26,92950
2023/2/25,79948
2023/2/24,67518
2023/2/23,54453
2023/2/22,65010
2023/2/21,68998
2023/2/20,95036
2023/2/19,106530
2023/2/18,78314
2023/2/17,54236
2023/2/16,59352
2023/2/15,63499
2023/2/14,76615
2023/2/13,115863
2023/2/12,138865
2023/2/11,135183
2023/2/10,128785
2023/2/9,128485
2023/2/8,146320
2023/2/7,189736
2023/2/6,247332
2023/2/5,296479
2023/2/4,346444
2023/2/3,578953
2023/2/2,834496
2023/2/1,79352
2023/1/31,78609
2023/1/30,85796
2023/1/29,88305
2023/1/28,90240
2023/1/27,97110
2023/1/26,107555
2023/1/25,124964
2023/1/24,139073
2023/1/23,163870
2023/1/22,148565
2023/1/21,93689
2023/1/20,107594
2023/1/19,173738
2023/1/18,227150
2023/1/17,86878
2023/1/16,115258
2023/1/15,147953
2023/1/14,222762
2023/1/13,342015
2023/1/12,412389
2023/1/11,43035
2023/1/10,44820
2023/1/9,54923
2023/1/8,62800
2023/1/7,71908
2023/1/6,106685
2023/1/5,133845
2023/1/4,42393
2023/1/3,48595
2023/1/2,60228
2023/1/1,68913
2022/12/31,82789
2022/12/30,116764
2022/12/29,139390
2022/12/28,23381
2022/12/27,23259
2022/12/26,24877
2022/12/25,24993
2022/12/24,23744
2022/12/23,24509
2022/12/22,26528
2022/12/21,26903
2022/12/20,27655
2022/12/19,28942
2022/12/18,31683
2022/12/17,30209
2022/12/16,31289
2022/12/15,33508
2022/12/14,33254
2022/12/13,31594
2022/12/12,34876
2022/12/11,36636
2022/12/10,36182
2022/12/9,36308
2022/12/8,38612
2022/12/7,35842
2022/12/6,40997
2022/12/5,51099
2022/12/4,61261
2022/12/3,73736
2022/12/2,195458
2022/12/1,134166
2022/11/30,41029
2022/11/29,39561
2022/11/28,44274
2022/11/27,47200
2022/11/26,41585
2022/11/25,38422
2022/11/24,39786
2022/11/23,49377
2022/11/22,60410
2022/11/21,86702
2022/11/20,114898
2022/11/19,130004
2022/11/18,168748
2022/11/17,205121
2022/11/16,30679
2022/11/15,30900
2022/11/14,34051
2022/11/13,35033
2022/11/12,32475
2022/11/11,31420
2022/11/10,38792
2022/11/9,45849
2022/11/8,58297
2022/11/7,78824
2022/11/6,111377
2022/11/5,131181
2022/11/4,177343
2022/11/3,227061
2022/11/2,27067
2022/11/1,29364
2022/10/31,35778
2022/10/30,50022
2022/10/29,39351
2022/10/28,44351
2022/10/27,28182
2022/10/26,32835
2022/10/25,37554
2022/10/24,41350
2022/10/23,48766
2022/10/22,42680
2022/10/21,44352
2022/10/20,34475
2022/10/19,26341
2022/10/18,26896
2022/10/17,30961
2022/10/16,34472
2022/10/15,32208
2022/10/14,31437
2022/10/13,34695
2022/10/12,32896
2022/10/11,33305
2022/10/10,35455
2022/10/9,36521
2022/10/8,35196
2022/10/7,36511
2022/10/6,39066
2022/10/5,41889
2022/10/4,47727
2022/10/3,52620
2022/10/2,59027
2022/10/1,64809
2022/9/30,73401
2022/9/29,76540
2022/9/28,33094
2022/9/27,39561
2022/9/26,55329
2022/9/25,69860
2022/9/24,83373
2022/9/23,107390
2022/9/22,124865
2022/9/21,38607
2022/9/20,40382
2022/9/19,44636
2022/9/18,48455
2022/9/17,41669
2022/9/16,37903
2022/9/15,41476
2022/9/14,44393
2022/9/13,52458
2022/9/12,61348
2022/9/11,62525
2022/9/10,58527
2022/9/9,54083
2022/9/8,56893
2022/9/7,36659
2022/9/6,39637
2022/9/5,44798
2022/9/4,46642
2022/9/3,43639
2022/9/2,45385
2022/9/1,54813
2022/8/31,62464
2022/8/30,69518
2022/8/29,90339
2022/8/28,102686
2022/8/27,120900
2022/8/26,204960
2022/8/25,284628
2022/8/24,47925
2022/8/23,52170
2022/8/22,55506
2022/8/21,58687
2022/8/20,57942
2022/8/19,59836
2022/8/18,59553
2022/8/17,59216
2022/8/16,61927
2022/8/15,71234
2022/8/14,75864
2022/8/13,80775
2022/8/12,102501
2022/8/11,95960
2022/8/10,95807
2022/8/9,102003
2022/8/8,116842
2022/8/7,130756
2022/8/6,174315
2022/8/5,275974
2022/8/4,330945
2022/8/3,61420
2022/8/2,68226
2022/8/1,87612
2022/7/31,106523
2022/7/30,125575
2022/7/29,207268
2022/7/28,258431
2022/7/27,61469
2022/7/26,53265
2022/7/25,54836
2022/7/24,56111
2022/7/23,58673
2022/7/22,64244
2022/7/21,60667
2022/7/20,62657
2022/7/19,63976
2022/7/18,71713
2022/7/17,72377
2022/7/16,71912
2022/7/15,69433
2022/7/14,65738
2022/7/13,62563
2022/7/12,68138
2022/7/11,79633
2022/7/10,92815
2022/7/9,108888
2022/7/8,143510
2022/7/7,228251
2022/7/6,283496
2022/7/5,59672
2022/7/4,65100
2022/7/3,70814
2022/7/2,78598
2022/7/1,102851
2022/6/30,125552
2022/6/29,42499
2022/6/28,41947
2022/6/27,45123
2022/6/26,43841
2022/6/25,36580
2022/6/24,34658
2022/6/23,36188
2022/6/22,38630
2022/6/21,40615
2022/6/20,44583
2022/6/19,43020
2022/6/18,39384
2022/6/17,38767
2022/6/16,41363
2022/6/15,45393
2022/6/14,43594
2022/6/13,49756
2022/6/12,53024
2022/6/11,50701
2022/6/10,48767
2022/6/9,58410
2022/6/8,62081
2022/6/7,68086
2022/6/6,83013
2022/6/5,115500
2022/6/4,146215
2022/6/3,199593
2022/6/2,227965
2022/6/1,37776
2022/5/31,40825
2022/5/30,47387
2022/5/29,50357
2022/5/28,45712
2022/5/27,47141
2022/5/26,46581
2022/5/25,45375
2022/5/24,50390
2022/5/23,60994
2022/5/22,73155
2022/5/21,76878
2022/5/20,89074
2022/5/19,105315
2022/5/18,38298
2022/5/17,41333
2022/5/16,50101
2022/5/15,52374
2022/5/14,46237
2022/5/13,45655
2022/5/12,51809
2022/5/11,55574
2022/5/10,59376
2022/5/9,65326
2022/5/8,65325
2022/5/7,60321
2022/5/6,73095
2022/5/5,94102
2022/5/4,102449
2022/5/3,107005
2022/5/2,125146
2022/5/1,153422
2022/4/30,152821
2022/4/29,207053
2022/4/28,260900
2022/4/27,58465
2022/4/26,60626
2022/4/25,66645
2022/4/24,77388
2022/4/23,78044
2022/4/22,71845
2022/4/21,70391
2022/4/20,74290
2022/4/19,85349
2022/4/18,108454
2022/4/17,121573
2022/4/16,108830
2022/4/15,128972
2022/4/14,108211
2022/4/13,91923
2022/4/12,102329
2022/4/11,106894
2022/4/10,139491
2022/4/9,175886
2022/4/8,301883
2022/4/7,384311
2022/4/6,55571
2022/4/5,66500
2022/4/4,71542
2022/4/3,75806
2022/4/2,80736
2022/4/1,116636
2022/3/31,139667
2022/3/30,30447
2022/3/29,30975
2022/3/28,31273
2022/3/27,35024
2022/3/26,29183
2022/3/25,23777
2022/3/24,26808
2022/3/23,28164
2022/3/22,29457
2022/3/21,31289
2022/3/20,33197
2022/3/19,31640
2022/3/18,24381
2022/3/17,27368
2022/3/16,29753
2022/3/15,31855
2022/3/14,38674
2022/3/13,46007
2022/3/12,44157
2022/3/11,43031
2022/3/10,45569
2022/3/9,29702
2022/3/8,29697
2022/3/7,52517
2022/3/6,53029
2022/3/5,50697
2022/3/4,49057
2022/3/3,52822
2022/3/2,24402
2022/3/1,26227
2022/2/28,33523
2022/2/27,37968
2022/2/26,32602
2022/2/25,30668
2022/2/24,34165
2022/2/23,36207
2022/2/22,42122
2022/2/21,52811
2022/2/20,58606
2022/2/19,62573
2022/2/18,81953
2022/2/17,98976
2022/2/16,48559
2022/2/15,53028
2022/2/14,48668
2022/2/13,49145
2022/2/12,57718
2022/2/11,70519
2022/2/10,69135
2022/2/9,63137
2022/2/8,67051
2022/2/7,72921
2022/2/6,77420
2022/2/5,93157
2022/2/4,113427
2022/2/3,132701
2022/2/2,155426
2022/2/1,138791
2022/1/31,76212
2022/1/30,76965
2022/1/29,95377
2022/1/28,120761
2022/1/27,139383
2022/1/26,49657
2022/1/25,58403
2022/1/24,69501
2022/1/23,81271
2022/1/22,103598
2022/1/21,145688
2022/1/20,164715
2022/1/19,31430
2022/1/18,30933
2022/1/17,34885
2022/1/16,33900
2022/1/15,29514
2022/1/14,28833
2022/1/13,28398
2022/1/12,27571
2022/1/11,28502
2022/1/10,34257
2022/1/9,39396
2022/1/8,35385
2022/1/7,36749
2022/1/6,38824
2022/1/5,30671
2022/1/4,35468
2022/1/3,43093
2022/1/2,54003
2022/1/1,70527
2021/12/31,97238
2021/12/30,118868
2021/12/29,20826
2021/12/28,24503
2021/12/27,36232
2021/12/26,36519
2021/12/25,40929
2021/12/24,70353
2021/12/23,62856
2021/12/22,15450
2021/12/21,15867
2021/12/20,22892
2021/12/19,20270
2021/12/18,20153
2021/12/17,16923
2021/12/16,13889
2021/12/15,13515
2021/12/14,14508
2021/12/13,18695
2021/12/12,17766
2021/12/11,17309
2021/12/10,17168
2021/12/9,17907
2021/12/8,19904
2021/12/7,21115
2021/12/6,32989
2021/12/5,33166
2021/12/4,34011
2021/12/3,55512
2021/12/2,54893
2021/12/1,23433
2021/11/30,25235
2021/11/29,31790
2021/11/28,31224
2021/11/27,26549
2021/11/26,22013
2021/11/25,25834
2021/11/24,30381
2021/11/23,39437
2021/11/22,51876
2021/11/21,63753
2021/11/20,56396
2021/11/19,57010
2021/11/18,56052
2021/11/17,38605
2021/11/16,44640
2021/11/15,59093
2021/11/14,81607
2021/11/13,95362
2021/11/12,121634
2021/11/11,141391
2021/11/10,17054
2021/11/9,16300
2021/11/8,21226
2021/11/7,19822
2021/11/6,19303
2021/11/5,17444
2021/11/4,16763
2021/11/3,14588
2021/11/2,19100
2021/11/1,23720
2021/10/31,24725
2021/10/30,27144
2021/10/29,21274
2021/10/28,21865
2021/10/27,17109
2021/10/26,18592
2021/10/25,26473
2021/10/24,25886
2021/10/23,26102
2021/10/22,23583
2021/10/21,20149
2021/10/20,18620
2021/10/19,23563
2021/10/18,33566
2021/10/17,36517
2021/10/16,38737
2021/10/15,71128
2021/10/14,69789
2021/10/13,21190
2021/10/12,21898
2021/10/11,24422
2021/10/10,24443
2021/10/9,22957
2021/10/8,26348
2021/10/7,28782
2021/10/6,27600
2021/10/5,29924
2021/10/4,30822
2021/10/3,31682
2021/10/2,31747
2021/10/1,32783
2021/9/30,32884
2021/9/29,30663
2021/9/28,34659
2021/9/27,46707
2021/9/26,64031
2021/9/25,87543
2021/9/24,89354
2021/9/23,28465
2021/9/22,30388
2021/9/21,30892
2021/9/20,32116
2021/9/19,27329
2021/9/18,21890
2021/9/17,22788
2021/9/16,22208
2021/9/15,23313
2021/9/14,24393
2021/9/13,35183
2021/9/12,33361
2021/9/11,28106
2021/9/10,25499
2021/9/9,27075
2021/9/8,27353
2021/9/7,28996
2021/9/6,34686
2021/9/5,34919
2021/9/4,32041
2021/9/3,28331
2021/9/2,32497
2021/9/1,36016
2021/8/31,40997
2021/8/30,48034
2021/8/29,57331
2021/8/28,74236
2021/8/27,102586
2021/8/26,132760
2021/8/25,39384
2021/8/24,41031
2021/8/23,46812
2021/8/22,57683
2021/8/21,72659
2021/8/20,100957
2021/8/19,114404
2021/8/18,34810
2021/8/17,34050
2021/8/16,35749
2021/8/15,36823
2021/8/14,36211
2021/8/13,44948
2021/8/12,42519
2021/8/11,44109
2021/8/10,50205
2021/8/9,61669
2021/8/8,84487
2021/8/7,111705
2021/8/6,228811
2021/8/5,332486
2021/8/4,25559
2021/8/3,24832
2021/8/2,27459
2021/8/1,26431
2021/7/31,26150
2021/7/30,25899
2021/7/29,27434
2021/7/28,29783
2021/7/27,28016
2021/7/26,28042
2021/7/25,27741
2021/7/24,29104
2021/7/23,30723
2021/7/22,32000
2021/7/21,32766
2021/7/20,37118
2021/7/19,47138
2021/7/18,56194
2021/7/17,70476
2021/7/16,111928
2021/7/15,127530
2021/7/14,33605
2021/7/13,32548
2021/7/12,32974
2021/7/11,31245
2021/7/10,29236
2021/7/9,30650
2021/7/8,31765
2021/7/7,34688
2021/7/6,35208
2021/7/5,35294
2021/7/4,36010
2021/7/3,36092
2021/7/2,41399
2021/7/1,50115
2021/6/30,52462
2021/6/29,32412
2021/6/28,36335
2021/6/27,37256
2021/6/26,36529
2021/6/25,35958
2021/6/24,35044
2021/6/23,39222
2021/6/22,42049
2021/6/21,51719
2021/6/20,76915
2021/6/19,102063
2021/6/18,128933
2021/6/17,161172
2021/6/16,22873
2021/6/15,24173
2021/6/14,26473
2021/6/13,25347
2021/6/12,22267
2021/6/11,20235
2021/6/10,23379
2021/6/9,22381
2021/6/8,23989
2021/6/7,28093
2021/6/6,29231
2021/6/5,26889
2021/6/4,26803
2021/6/3,28681
2021/6/2,31652
2021/6/1,35516
2021/5/31,41532
2021/5/30,51508
2021/5/29,62493
2021/5/28,98013
2021/5/27,106064
2021/5/26,19793
2021/5/25,20162
2021/5/24,23538
2021/5/23,23410
2021/5/22,20626
2021/5/21,19558
2021/5/20,20038
2021/5/19,22550
2021/5/18,24451
2021/5/17,32942
2021/5/16,33547
2021/5/15,32600
2021/5/14,33167
2021/5/13,39587
2021/5/12,48599
2021/5/11,60749
2021/5/10,98542
2021/5/9,129666
2021/5/8,133098
2021/5/7,25235
2021/5/6,30472
2021/5/5,31207
2021/5/4,32807
2021/5/3,34559
2021/5/2,35748
2021/5/1,41212
2021/4/30,53585
2021/4/29,57357
2021/4/28,35562
2021/4/27,33529
2021/4/26,35090
2021/4/25,37853
2021/4/24,35788
2021/4/23,31418
2021/4/22,33682
2021/4/21,35796
2021/4/20,37953
2021/4/19,44068
2021/4/18,49131
2021/4/17,46604
2021/4/16,46733
2021/4/15,48114
2021/4/14,55258
2021/4/13,72388
2021/4/12,79387
2021/4/11,85929
2021/4/10,99919
2021/4/9,123843
2021/4/8,155351
2021/4/7,36337
2021/4/6,49325
2021/4/5,62303
2021/4/4,70484
2021/4/3,80936
2021/4/2,85910
2021/4/1,92188
2021/3/31,19674
2021/3/30,22243
2021/3/29,26664
2021/3/28,29131
2021/3/27,29831
2021/3/26,20523
2021/3/25,22602
2021/3/24,23347
2021/3/23,25657
2021/3/22,33418
2021/3/21,38025
2021/3/20,41246
2021/3/19,53636
2021/3/18,63249
2021/3/17,33187
2021/3/16,37038
2021/3/15,44701
2021/3/14,55388
2021/3/13,59168
2021/3/12,61678
2021/3/11,63340
2021/3/10,27138
2021/3/9,30119
2021/3/8,36834
2021/3/7,37206
2021/3/6,31432
2021/3/5,25630
2021/3/4,28156
2021/3/3,29807
2021/3/2,31569
2021/3/1,44940
2021/2/28,44966
2021/2/27,46638
2021/2/26,54977
2021/2/25,84200
2021/2/24,124591
2021/2/23,138364
2021/2/22,36780
2021/2/21,41370
2021/2/20,39686
2021/2/19,43510
2021/2/18,44653
2021/2/17,55702
2021/2/16,67239
2021/2/15,89226
2021/2/14,103842
2021/2/13,57525
2021/2/12,58269
2021/2/11,47248
2021/2/10,32896
2021/2/9,33988
2021/2/8,32095
2021/2/7,32989
2021/2/6,34280
2021/2/5,39697
2021/2/4,43831
2021/2/3,28574
2021/2/2,27957
2021/2/1,25015
2021/1/31,37274
2021/1/30,45028
2021/1/29,64610
2021/1/28,27433
2021/1/27,32572
2021/1/26,23497
2021/1/25,37466
2021/1/24,32952
2021/1/23,70090
2021/1/22,76639
2021/1/21,35888
2021/1/20,28462
2021/1/19,29228
2021/1/18,30233
2021/1/17,35510
2021/1/16,28898
2021/1/15,29833
2021/1/14,13645
2021/1/13,16465
2021/1/12,17583
2021/1/11,19348
2021/1/10,20649
2021/1/9,20647
2021/1/8,29048
2021/1/7,21852
2021/1/6,34386
2021/1/5,32761
2021/1/4,31448
2021/1/3,32191
2021/1/2,39922
2021/1/1,29821
2020/12/31,45873
2020/12/30,40791
2020/12/29,41073
2020/12/28,43511
2020/12/27,49214
2020/12/26,52137
2020/12/25,53376
2020/12/24,82693
2020/12/23,31080
2020/12/22,34481
2020/12/21,46534
2020/12/20,51946
2020/12/19,48985
2020/12/18,37497
2020/12/17,41348
2020/12/16,50865
2020/12/15,63328
2020/12/14,61348
2020/12/13,76417
2020/12/12,74640
2020/12/11,84291
2020/12/10,105637
2020/12/9,154653
2020/12/8,237586
2020/12/7,341931
2020/12/6,36984
2020/12/5,30220
2020/12/4,29156
2020/12/3,35995
2020/12/2,38988
2020/12/1,33505
2020/11/30,36602
2020/11/29,48413
2020/11/28,43149
2020/11/27,36447
2020/11/26,48767
2020/11/25,48586
2020/11/24,35987
2020/11/23,43415
2020/11/22,66559
2020/11/21,66227
2020/11/20,62079
2020/11/19,69997
2020/11/18,28706
2020/11/17,26748
2020/11/16,32039
2020/11/15,40523
2020/11/14,28408
2020/11/13,18849
2020/11/12,17762
2020/11/11,20039
2020/11/10,26592
2020/11/9,33895
2020/11/8,49152
2020/11/7,52002
2020/11/6,52839
2020/11/5,81252
2020/11/4,23626
2020/11/3,26310
2020/11/2,29544
2020/11/1,35743
2020/10/31,36094
2020/10/30,35605
2020/10/29,32071
2020/10/28,24651
2020/10/27,28409
2020/10/26,33681
2020/10/25,39600
2020/10/24,34733
2020/10/23,30788
2020/10/22,33949
2020/10/21,33402
2020/10/20,41089
2020/10/19,48716
2020/10/18,56108
2020/10/17,61582
2020/10/16,67869
2020/10/15,85494
2020/10/14,24490
2020/10/13,30609
2020/10/12,31113
2020/10/11,41174
2020/10/10,31099
2020/10/9,32693
2020/10/8,36061
2020/10/7,44634
2020/10/6,45568
2020/10/5,43462
2020/10/4,44506
2020/10/3,45683
2020/10/2,51503
2020/10/1,57448
2020/9/30,64299
2020/9/29,41233
2020/9/28,50930
2020/9/27,76547
2020/9/26,104491
2020/9/25,127295
2020/9/24,201074
2020/9/23,48605
2020/9/22,44626
2020/9/21,49864
2020/9/20,59139
2020/9/19,52012
2020/9/18,35970
2020/9/17,36462
2020/9/16,45686
2020/9/15,48882
2020/9/14,52154
2020/9/13,59043
2020/9/12,56198
2020/9/11,43329
2020/9/10,44210
2020/9/9,51615
2020/9/8,59518
2020/9/7,60827
2020/9/6,62380
2020/9/5,60372
2020/9/4,58989
2020/9/3,61404
2020/9/2,75789
2020/9/1,84216
2020/8/31,108020
2020/8/30,136321
2020/8/29,224672
2020/8/28,347176
2020/8/27,755490
2020/8/26,38454
2020/8/25,35855
2020/8/24,36845
2020/8/23,44567
2020/8/22,38491
2020/8/21,41091
2020/8/20,50204
2020/8/19,52773
2020/8/18,59536
2020/8/17,53451
2020/8/16,57747
2020/8/15,67305
2020/8/14,81295
2020/8/13,117553
2020/8/12,50874
2020/8/11,53465
2020/8/10,56830
2020/8/9,59925
2020/8/8,70584
2020/8/7,93072
2020/8/6,161553
2020/8/5,48397
2020/8/4,43896
2020/8/3,47541
2020/8/2,52281
2020/8/1,50207
2020/7/31,48988
2020/7/30,61981
2020/7/29,49924
2020/7/28,52699
2020/7/27,55887
2020/7/26,55585
2020/7/25,59626
2020/7/24,59331
2020/7/23,70010
2020/7/22,67795
2020/7/21,75568
2020/7/20,83726
2020/7/19,93110
2020/7/18,135623
2020/7/17,187564
2020/7/16,308141
2020/7/15,44484
2020/7/14,40529
2020/7/13,37193
2020/7/12,41816
2020/7/11,40838
2020/7/10,35838
2020/7/9,36373
2020/7/8,44449
2020/7/7,51051
2020/7/6,44808
2020/7/5,51945
2020/7/4,51771
2020/7/3,40837
2020/7/2,43580
2020/7/1,43738
2020/6/30,49352
2020/6/29,55184
2020/6/28,67479
2020/6/27,84209
2020/6/26,105946
2020/6/25,155096
2020/6/24,231295
2020/6/23,35372
2020/6/22,35962
2020/6/21,42834
2020/6/20,47260
2020/6/19,34860
2020/6/18,30369
2020/6/17,33197
2020/6/16,34889
2020/6/15,43277
2020/6/14,59251
2020/6/13,53741
2020/6/12,44377
2020/6/11,48451
2020/6/10,44604
2020/6/9,54470
2020/6/8,66016
2020/6/7,66981
2020/6/6,59674
2020/6/5,55936
2020/6/4,68339
2020/6/3,75979
2020/6/2,99112
2020/6/1,127136
2020/5/31,158683
2020/5/30,187535
2020/5/29,257102
2020/5/28,383736
2020/5/27,35326
2020/5/26,30235
2020/5/25,29412
2020/5/24,44317
2020/5/23,34420
2020/5/22,22946
2020/5/21,23457
2020/5/20,28132
2020/5/19,32854
2020/5/18,41209
2020/5/17,51898
2020/5/16,43930
2020/5/15,33382
2020/5/14,36693
2020/5/13,51667
2020/5/12,65091
2020/5/11,67218
2020/5/10,99863
2020/5/9,109993
2020/5/8,129370
2020/5/7,76694
2020/5/6,78392
2020/5/5,84929
2020/5/4,78742
2020/5/3,76718
2020/5/2,76656
2020/5/1,96256
2020/4/30,112852
2020/4/29,79611
2020/4/28,78229
2020/4/27,77444
2020/4/26,78179
2020/4/25,73283
2020/4/24,68144
2020/4/23,63238
2020/4/22,71400
2020/4/21,81209
2020/4/20,98445
2020/4/19,110831
2020/4/18,129000
2020/4/17,131531
2020/4/16,146106
2020/4/15,131685
2020/4/14,127795
2020/4/13,155552
2020/4/12,188343
2020/4/11,209141
2020/4/10,346767
2020/4/9,553661
2020/4/8,91005
2020/4/7,106924
2020/4/6,128498
2020/4/5,138090
2020/4/4,160865
2020/4/3,173149
2020/4/2,265819
2020/4/1,47405
2020/3/31,54829
2020/3/30,55740
2020/3/29,60444
2020/3/28,55511
2020/3/27,59910
2020/3/26,65359
2020/3/25,49909
2020/3/24,54208
2020/3/23,49857
2020/3/22,67447
2020/3/21,71948
2020/3/20,93471
2020/3/19,160180
2020/3/18,38037
2020/3/17,35041
2020/3/16,33736
2020/3/15,40686
2020/3/14,40639
2020/3/13,50674
2020/3/12,60819
2020/3/11,35348
2020/3/10,37866
2020/3/9,36534
2020/3/8,39678
2020/3/7,38132
2020/3/6,38013
2020/3/5,43813
2020/3/4,54959
2020/3/3,53072
2020/3/2,51230
2020/3/1,69519
2020/2/29,79749
2020/2/28,102563
2020/2/27,129163
2020/2/26,35484
2020/2/25,36452
2020/2/24,34932
2020/2/23,37875
2020/2/22,36330
2020/2/21,43348
2020/2/20,51127
2020/2/19,54457
2020/2/18,50581
2020/2/17,49014
2020/2/16,49916
2020/2/15,46647
2020/2/14,47543
2020/2/13,57080
2020/2/12,61463
2020/2/11,61120
2020/2/10,55679
2020/2/9,59215
2020/2/8,50844
2020/2/7,55650
2020/2/6,62549
2020/2/5,63358
2020/2/4,63394
2020/2/3,66510
2020/2/2,67815
2020/2/1,67036
2020/1/31,63739
2020/1/30,80118
2020/1/29,88071
2020/1/28,96121
2020/1/27,101969
2020/1/26,136147
2020/1/25,174123
2020/1/24,185945
2020/1/23,228793
2020/1/22,60155
2020/1/21,69640
2020/1/20,82441
2020/1/19,90984
2020/1/18,106316
2020/1/17,81973
2020/1/16,130690
2020/1/15,44010
2020/1/14,44118
2020/1/13,45205
2020/1/12,46804
2020/1/11,47081
2020/1/10,39375
2020/1/9,42973
2020/1/8,42862
2020/1/7,35528
2020/1/6,39448
2020/1/5,43847
2020/1/4,43700
2020/1/3,34246
2020/1/2,35530
2020/1/1,38640
