"日期","每日新增评论"
"2020-01-01","0"
"2020-01-02","0"
"2020-01-03","0"
"2020-01-04","0"
"2020-01-05","0"
"2020-01-06","0"
"2020-01-07","0"
"2020-01-08","0"
"2020-01-09","0"
"2020-01-10","0"
"2020-01-11","0"
"2020-01-12","0"
"2020-01-13","0"
"2020-01-14","0"
"2020-01-15","0"
"2020-01-16","0"
"2020-01-17","0"
"2020-01-18","0"
"2020-01-19","0"
"2020-01-20","0"
"2020-01-21","0"
"2020-01-22","0"
"2020-01-23","0"
"2020-01-24","0"
"2020-01-25","0"
"2020-01-26","0"
"2020-01-27","0"
"2020-01-28","0"
"2020-01-29","0"
"2020-01-30","0"
"2020-01-31","0"
"2020-02-01","0"
"2020-02-02","0"
"2020-02-03","0"
"2020-02-04","0"
"2020-02-05","0"
"2020-02-06","0"
"2020-02-07","0"
"2020-02-08","0"
"2020-02-09","0"
"2020-02-10","0"
"2020-02-11","0"
"2020-02-12","0"
"2020-02-13","0"
"2020-02-14","0"
"2020-02-15","0"
"2020-02-16","0"
"2020-02-17","0"
"2020-02-18","0"
"2020-02-19","0"
"2020-02-20","0"
"2020-02-21","0"
"2020-02-22","0"
"2020-02-23","0"
"2020-02-24","0"
"2020-02-25","0"
"2020-02-26","0"
"2020-02-27","0"
"2020-02-28","0"
"2020-02-29","0"
"2020-03-01","0"
"2020-03-02","0"
"2020-03-03","0"
"2020-03-04","0"
"2020-03-05","0"
"2020-03-06","0"
"2020-03-07","0"
"2020-03-08","0"
"2020-03-09","0"
"2020-03-10","0"
"2020-03-11","0"
"2020-03-12","0"
"2020-03-13","0"
"2020-03-14","0"
"2020-03-15","0"
"2020-03-16","0"
"2020-03-17","0"
"2020-03-18","0"
"2020-03-19","0"
"2020-03-20","0"
"2020-03-21","0"
"2020-03-22","0"
"2020-03-23","0"
"2020-03-24","0"
"2020-03-25","0"
"2020-03-26","0"
"2020-03-27","0"
"2020-03-28","0"
"2020-03-29","0"
"2020-03-30","0"
"2020-03-31","0"
"2020-04-01","0"
"2020-04-02","0"
"2020-04-03","0"
"2020-04-04","0"
"2020-04-05","0"
"2020-04-06","0"
"2020-04-07","0"
"2020-04-08","0"
"2020-04-09","0"
"2020-04-10","0"
"2020-04-11","0"
"2020-04-12","0"
"2020-04-13","0"
"2020-04-14","0"
"2020-04-15","0"
"2020-04-16","0"
"2020-04-17","0"
"2020-04-18","0"
"2020-04-19","0"
"2020-04-20","0"
"2020-04-21","0"
"2020-04-22","0"
"2020-04-23","0"
"2020-04-24","0"
"2020-04-25","0"
"2020-04-26","0"
"2020-04-27","0"
"2020-04-28","0"
"2020-04-29","0"
"2020-04-30","0"
"2020-05-01","0"
"2020-05-02","0"
"2020-05-03","0"
"2020-05-04","0"
"2020-05-05","0"
"2020-05-06","0"
"2020-05-07","0"
"2020-05-08","0"
"2020-05-09","0"
"2020-05-10","0"
"2020-05-11","0"
"2020-05-12","0"
"2020-05-13","0"
"2020-05-14","0"
"2020-05-15","0"
"2020-05-16","0"
"2020-05-17","0"
"2020-05-18","0"
"2020-05-19","0"
"2020-05-20","0"
"2020-05-21","0"
"2020-05-22","0"
"2020-05-23","0"
"2020-05-24","0"
"2020-05-25","0"
"2020-05-26","0"
"2020-05-27","0"
"2020-05-28","0"
"2020-05-29","0"
"2020-05-30","0"
"2020-05-31","0"
"2020-06-01","0"
"2020-06-02","0"
"2020-06-03","0"
"2020-06-04","0"
"2020-06-05","0"
"2020-06-06","0"
"2020-06-07","0"
"2020-06-08","0"
"2020-06-09","0"
"2020-06-10","0"
"2020-06-11","0"
"2020-06-12","0"
"2020-06-13","0"
"2020-06-14","0"
"2020-06-15","0"
"2020-06-16","0"
"2020-06-17","0"
"2020-06-18","0"
"2020-06-19","0"
"2020-06-20","0"
"2020-06-21","0"
"2020-06-22","0"
"2020-06-23","0"
"2020-06-24","0"
"2020-06-25","0"
"2020-06-26","0"
"2020-06-27","0"
"2020-06-28","0"
"2020-06-29","0"
"2020-06-30","0"
"2020-07-01","0"
"2020-07-02","0"
"2020-07-03","0"
"2020-07-04","0"
"2020-07-05","0"
"2020-07-06","0"
"2020-07-07","0"
"2020-07-08","0"
"2020-07-09","0"
"2020-07-10","0"
"2020-07-11","0"
"2020-07-12","0"
"2020-07-13","0"
"2020-07-14","0"
"2020-07-15","0"
"2020-07-16","0"
"2020-07-17","0"
"2020-07-18","0"
"2020-07-19","0"
"2020-07-20","0"
"2020-07-21","0"
"2020-07-22","0"
"2020-07-23","0"
"2020-07-24","0"
"2020-07-25","0"
"2020-07-26","0"
"2020-07-27","0"
"2020-07-28","0"
"2020-07-29","0"
"2020-07-30","0"
"2020-07-31","0"
"2020-08-01","0"
"2020-08-02","0"
"2020-08-03","0"
"2020-08-04","0"
"2020-08-05","0"
"2020-08-06","0"
"2020-08-07","0"
"2020-08-08","0"
"2020-08-09","0"
"2020-08-10","0"
"2020-08-11","0"
"2020-08-12","0"
"2020-08-13","0"
"2020-08-14","0"
"2020-08-15","0"
"2020-08-16","0"
"2020-08-17","0"
"2020-08-18","0"
"2020-08-19","0"
"2020-08-20","0"
"2020-08-21","0"
"2020-08-22","0"
"2020-08-23","0"
"2020-08-24","0"
"2020-08-25","0"
"2020-08-26","0"
"2020-08-27","0"
"2020-08-28","0"
"2020-08-29","0"
"2020-08-30","0"
"2020-08-31","0"
"2020-09-01","0"
"2020-09-02","0"
"2020-09-03","0"
"2020-09-04","0"
"2020-09-05","0"
"2020-09-06","0"
"2020-09-07","0"
"2020-09-08","0"
"2020-09-09","0"
"2020-09-10","0"
"2020-09-11","0"
"2020-09-12","0"
"2020-09-13","0"
"2020-09-14","0"
"2020-09-15","0"
"2020-09-16","0"
"2020-09-17","0"
"2020-09-18","0"
"2020-09-19","0"
"2020-09-20","0"
"2020-09-21","0"
"2020-09-22","0"
"2020-09-23","0"
"2020-09-24","0"
"2020-09-25","0"
"2020-09-26","0"
"2020-09-27","0"
"2020-09-28","0"
"2020-09-29","0"
"2020-09-30","0"
"2020-10-01","0"
"2020-10-02","0"
"2020-10-03","0"
"2020-10-04","0"
"2020-10-05","0"
"2020-10-06","0"
"2020-10-07","0"
"2020-10-08","0"
"2020-10-09","0"
"2020-10-10","0"
"2020-10-11","0"
"2020-10-12","0"
"2020-10-13","0"
"2020-10-14","0"
"2020-10-15","0"
"2020-10-16","0"
"2020-10-17","0"
"2020-10-18","0"
"2020-10-19","0"
"2020-10-20","0"
"2020-10-21","0"
"2020-10-22","0"
"2020-10-23","0"
"2020-10-24","0"
"2020-10-25","0"
"2020-10-26","0"
"2020-10-27","0"
"2020-10-28","0"
"2020-10-29","0"
"2020-10-30","0"
"2020-10-31","0"
"2020-11-01","0"
"2020-11-02","0"
"2020-11-03","0"
"2020-11-04","0"
"2020-11-05","0"
"2020-11-06","0"
"2020-11-07","0"
"2020-11-08","0"
"2020-11-09","0"
"2020-11-10","0"
"2020-11-11","0"
"2020-11-12","0"
"2020-11-13","0"
"2020-11-14","0"
"2020-11-15","0"
"2020-11-16","0"
"2020-11-17","0"
"2020-11-18","0"
"2020-11-19","0"
"2020-11-20","0"
"2020-11-21","0"
"2020-11-22","0"
"2020-11-23","0"
"2020-11-24","0"
"2020-11-25","0"
"2020-11-26","0"
"2020-11-27","0"
"2020-11-28","0"
"2020-11-29","0"
"2020-11-30","0"
"2020-12-01","0"
"2020-12-02","0"
"2020-12-03","0"
"2020-12-04","0"
"2020-12-05","0"
"2020-12-06","0"
"2020-12-07","0"
"2020-12-08","0"
"2020-12-09","0"
"2020-12-10","0"
"2020-12-11","0"
"2020-12-12","0"
"2020-12-13","0"
"2020-12-14","0"
"2020-12-15","0"
"2020-12-16","0"
"2020-12-17","0"
"2020-12-18","0"
"2020-12-19","0"
"2020-12-20","0"
"2020-12-21","0"
"2020-12-22","0"
"2020-12-23","0"
"2020-12-24","0"
"2020-12-25","0"
"2020-12-26","0"
"2020-12-27","0"
"2020-12-28","0"
"2020-12-29","0"
"2020-12-30","0"
"2020-12-31","0"
"2021-01-01","0"
"2021-01-02","0"
"2021-01-03","0"
"2021-01-04","0"
"2021-01-05","0"
"2021-01-06","0"
"2021-01-07","0"
"2021-01-08","0"
"2021-01-09","0"
"2021-01-10","0"
"2021-01-11","0"
"2021-01-12","0"
"2021-01-13","0"
"2021-01-14","0"
"2021-01-15","0"
"2021-01-16","0"
"2021-01-17","0"
"2021-01-18","0"
"2021-01-19","0"
"2021-01-20","0"
"2021-01-21","0"
"2021-01-22","0"
"2021-01-23","0"
"2021-01-24","0"
"2021-01-25","0"
"2021-01-26","0"
"2021-01-27","0"
"2021-01-28","0"
"2021-01-29","0"
"2021-01-30","0"
"2021-01-31","0"
"2021-02-01","0"
"2021-02-02","0"
"2021-02-03","0"
"2021-02-04","0"
"2021-02-05","0"
"2021-02-06","0"
"2021-02-07","29"
"2021-02-08","32"
"2021-02-09","9"
"2021-02-10","2"
"2021-02-11","4"
"2021-02-12","4"
"2021-02-13","5"
"2021-02-14","3"
"2021-02-15","4"
"2021-02-16","3"
"2021-02-17","3"
"2021-02-18","2"
"2021-02-19","9"
"2021-02-20","2"
"2021-02-21","0"
"2021-02-22","0"
"2021-02-23","0"
"2021-02-24","0"
"2021-02-25","0"
"2021-02-26","0"
"2021-02-27","0"
"2021-02-28","0"
"2021-03-01","0"
"2021-03-02","0"
"2021-03-03","0"
"2021-03-04","0"
"2021-03-05","0"
"2021-03-06","0"
"2021-03-07","0"
"2021-03-08","0"
"2021-03-09","0"
"2021-03-10","0"
"2021-03-11","0"
"2021-03-12","0"
"2021-03-13","0"
"2021-03-14","0"
"2021-03-15","0"
"2021-03-16","0"
"2021-03-17","0"
"2021-03-18","0"
"2021-03-19","0"
"2021-03-20","0"
"2021-03-21","0"
"2021-03-22","0"
"2021-03-23","0"
"2021-03-24","0"
"2021-03-25","0"
"2021-03-26","0"
"2021-03-27","0"
"2021-03-28","0"
"2021-03-29","0"
"2021-03-30","0"
"2021-03-31","0"
"2021-04-01","0"
"2021-04-02","0"
"2021-04-03","0"
"2021-04-04","0"
"2021-04-05","0"
"2021-04-06","0"
"2021-04-07","0"
"2021-04-08","0"
"2021-04-09","0"
"2021-04-10","0"
"2021-04-11","0"
"2021-04-12","0"
"2021-04-13","0"
"2021-04-14","0"
"2021-04-15","0"
"2021-04-16","0"
"2021-04-17","0"
"2021-04-18","0"
"2021-04-19","0"
"2021-04-20","0"
"2021-04-21","0"
"2021-04-22","0"
"2021-04-23","0"
"2021-04-24","0"
"2021-04-25","0"
"2021-04-26","0"
"2021-04-27","0"
"2021-04-28","0"
"2021-04-29","0"
"2021-04-30","0"
"2021-05-01","0"
"2021-05-02","0"
"2021-05-03","0"
"2021-05-04","0"
"2021-05-05","0"
"2021-05-06","0"
"2021-05-07","0"
"2021-05-08","0"
"2021-05-09","0"
"2021-05-10","0"
"2021-05-11","0"
"2021-05-12","0"
"2021-05-13","0"
"2021-05-14","0"
"2021-05-15","0"
"2021-05-16","0"
"2021-05-17","0"
"2021-05-18","0"
"2021-05-19","0"
"2021-05-20","0"
"2021-05-21","0"
"2021-05-22","0"
"2021-05-23","0"
"2021-05-24","0"
"2021-05-25","0"
"2021-05-26","0"
"2021-05-27","0"
"2021-05-28","0"
"2021-05-29","0"
"2021-05-30","0"
"2021-05-31","0"
"2021-06-01","0"
"2021-06-02","0"
"2021-06-03","0"
"2021-06-04","0"
"2021-06-05","0"
"2021-06-06","0"
"2021-06-07","0"
"2021-06-08","0"
"2021-06-09","0"
"2021-06-10","0"
"2021-06-11","0"
"2021-06-12","0"
"2021-06-13","0"
"2021-06-14","0"
"2021-06-15","0"
"2021-06-16","0"
"2021-06-17","0"
"2021-06-18","0"
"2021-06-19","0"
"2021-06-20","0"
"2021-06-21","0"
"2021-06-22","0"
"2021-06-23","0"
"2021-06-24","0"
"2021-06-25","0"
"2021-06-26","0"
"2021-06-27","0"
"2021-06-28","0"
"2021-06-29","0"
"2021-06-30","0"
"2021-07-01","0"
"2021-07-02","0"
"2021-07-03","0"
"2021-07-04","0"
"2021-07-05","0"
"2021-07-06","0"
"2021-07-07","0"
"2021-07-08","0"
"2021-07-09","0"
"2021-07-10","0"
"2021-07-11","0"
"2021-07-12","0"
"2021-07-13","0"
"2021-07-14","0"
"2021-07-15","0"
"2021-07-16","0"
"2021-07-17","0"
"2021-07-18","0"
"2021-07-19","0"
"2021-07-20","0"
"2021-07-21","0"
"2021-07-22","0"
"2021-07-23","0"
"2021-07-24","0"
"2021-07-25","0"
"2021-07-26","0"
"2021-07-27","0"
"2021-07-28","0"
"2021-07-29","0"
"2021-07-30","0"
"2021-07-31","0"
"2021-08-01","0"
"2021-08-02","0"
"2021-08-03","0"
"2021-08-04","0"
"2021-08-05","0"
"2021-08-06","0"
"2021-08-07","0"
"2021-08-08","0"
"2021-08-09","0"
"2021-08-10","0"
"2021-08-11","0"
"2021-08-12","0"
"2021-08-13","0"
"2021-08-14","0"
"2021-08-15","0"
"2021-08-16","0"
"2021-08-17","0"
"2021-08-18","0"
"2021-08-19","0"
"2021-08-20","0"
"2021-08-21","0"
"2021-08-22","0"
"2021-08-23","0"
"2021-08-24","0"
"2021-08-25","0"
"2021-08-26","0"
"2021-08-27","0"
"2021-08-28","0"
"2021-08-29","0"
"2021-08-30","0"
"2021-08-31","0"
"2021-09-01","0"
"2021-09-02","0"
"2021-09-03","0"
"2021-09-04","0"
"2021-09-05","0"
"2021-09-06","0"
"2021-09-07","0"
"2021-09-08","0"
"2021-09-09","0"
"2021-09-10","0"
"2021-09-11","0"
"2021-09-12","0"
"2021-09-13","0"
"2021-09-14","0"
"2021-09-15","0"
"2021-09-16","0"
"2021-09-17","0"
"2021-09-18","0"
"2021-09-19","0"
"2021-09-20","0"
"2021-09-21","0"
"2021-09-22","0"
"2021-09-23","0"
"2021-09-24","0"
"2021-09-25","0"
"2021-09-26","0"
"2021-09-27","0"
"2021-09-28","0"
"2021-09-29","0"
"2021-09-30","0"
"2021-10-01","0"
"2021-10-02","0"
"2021-10-03","0"
"2021-10-04","0"
"2021-10-05","0"
"2021-10-06","0"
"2021-10-07","0"
"2021-10-08","0"
"2021-10-09","0"
"2021-10-10","0"
"2021-10-11","0"
"2021-10-12","0"
"2021-10-13","0"
"2021-10-14","0"
"2021-10-15","0"
"2021-10-16","0"
"2021-10-17","0"
"2021-10-18","0"
"2021-10-19","0"
"2021-10-20","0"
"2021-10-21","0"
"2021-10-22","0"
"2021-10-23","0"
"2021-10-24","0"
"2021-10-25","0"
"2021-10-26","0"
"2021-10-27","0"
"2021-10-28","0"
"2021-10-29","0"
"2021-10-30","0"
"2021-10-31","0"
"2021-11-01","0"
"2021-11-02","0"
"2021-11-03","0"
"2021-11-04","0"
"2021-11-05","0"
"2021-11-06","0"
"2021-11-07","0"
"2021-11-08","0"
"2021-11-09","0"
"2021-11-10","0"
"2021-11-11","0"
"2021-11-12","0"
"2021-11-13","0"
"2021-11-14","0"
"2021-11-15","0"
"2021-11-16","0"
"2021-11-17","0"
"2021-11-18","0"
"2021-11-19","0"
"2021-11-20","0"
"2021-11-21","0"
"2021-11-22","0"
"2021-11-23","0"
"2021-11-24","0"
"2021-11-25","0"
"2021-11-26","0"
"2021-11-27","0"
"2021-11-28","0"
"2021-11-29","0"
"2021-11-30","0"
"2021-12-01","0"
"2021-12-02","0"
"2021-12-03","0"
"2021-12-04","0"
"2021-12-05","0"
"2021-12-06","0"
"2021-12-07","0"
"2021-12-08","0"
"2021-12-09","0"
"2021-12-10","0"
"2021-12-11","0"
"2021-12-12","0"
"2021-12-13","0"
"2021-12-14","0"
"2021-12-15","0"
"2021-12-16","0"
"2021-12-17","0"
"2021-12-18","0"
"2021-12-19","0"
"2021-12-20","0"
"2021-12-21","0"
"2021-12-22","0"
"2021-12-23","1"
"2021-12-24","4"
"2021-12-25","3"
"2021-12-26","8"
"2021-12-27","1"
"2021-12-28","0"
"2021-12-29","0"
"2021-12-30","0"
"2021-12-31","0"
"2022-01-01","0"
"2022-01-02","0"
"2022-01-03","0"
"2022-01-04","0"
"2022-01-05","0"
"2022-01-06","0"
"2022-01-07","0"
"2022-01-08","0"
"2022-01-09","0"
"2022-01-10","0"
"2022-01-11","0"
"2022-01-12","0"
"2022-01-13","0"
"2022-01-14","0"
"2022-01-15","0"
"2022-01-16","0"
"2022-01-17","0"
"2022-01-18","0"
"2022-01-19","0"
"2022-01-20","0"
"2022-01-21","0"
"2022-01-22","0"
"2022-01-23","0"
"2022-01-24","0"
"2022-01-25","0"
"2022-01-26","0"
"2022-01-27","0"
"2022-01-28","0"
"2022-01-29","0"
"2022-01-30","0"
"2022-01-31","0"
"2022-02-01","0"
"2022-02-02","0"
"2022-02-03","0"
"2022-02-04","0"
"2022-02-05","0"
"2022-02-06","0"
"2022-02-07","0"
"2022-02-08","0"
"2022-02-09","0"
"2022-02-10","0"
"2022-02-11","0"
"2022-02-12","0"
"2022-02-13","0"
"2022-02-14","0"
"2022-02-15","0"
"2022-02-16","0"
"2022-02-17","0"
"2022-02-18","0"
"2022-02-19","0"
"2022-02-20","0"
"2022-02-21","0"
"2022-02-22","0"
"2022-02-23","0"
"2022-02-24","0"
"2022-02-25","0"
"2022-02-26","0"
"2022-02-27","0"
"2022-02-28","0"
"2022-03-01","0"
"2022-03-02","0"
"2022-03-03","0"
"2022-03-04","0"
"2022-03-05","0"
"2022-03-06","0"
"2022-03-07","0"
"2022-03-08","0"
"2022-03-09","0"
"2022-03-10","0"
"2022-03-11","0"
"2022-03-12","0"
"2022-03-13","0"
"2022-03-14","0"
"2022-03-15","0"
"2022-03-16","0"
"2022-03-17","0"
"2022-03-18","0"
"2022-03-19","0"
"2022-03-20","0"
"2022-03-21","0"
"2022-03-22","0"
"2022-03-23","0"
"2022-03-24","0"
"2022-03-25","0"
"2022-03-26","0"
"2022-03-27","0"
"2022-03-28","0"
"2022-03-29","0"
"2022-03-30","0"
"2022-03-31","0"
"2022-04-01","0"
"2022-04-02","0"
"2022-04-03","0"
"2022-04-04","0"
"2022-04-05","0"
"2022-04-06","0"
"2022-04-07","0"
"2022-04-08","0"
"2022-04-09","0"
"2022-04-10","0"
"2022-04-11","0"
"2022-04-12","0"
"2022-04-13","0"
"2022-04-14","0"
"2022-04-15","0"
"2022-04-16","0"
"2022-04-17","0"
"2022-04-18","0"
"2022-04-19","0"
"2022-04-20","0"
"2022-04-21","0"
"2022-04-22","0"
"2022-04-23","0"
"2022-04-24","0"
"2022-04-25","0"
"2022-04-26","0"
"2022-04-27","0"
"2022-04-28","0"
"2022-04-29","0"
"2022-04-30","0"
"2022-05-01","0"
"2022-05-02","0"
"2022-05-03","0"
"2022-05-04","0"
"2022-05-05","0"
"2022-05-06","0"
"2022-05-07","0"
"2022-05-08","0"
"2022-05-09","0"
"2022-05-10","0"
"2022-05-11","0"
"2022-05-12","0"
"2022-05-13","0"
"2022-05-14","0"
"2022-05-15","0"
"2022-05-16","0"
"2022-05-17","0"
"2022-05-18","0"
"2022-05-19","0"
"2022-05-20","0"
"2022-05-21","0"
"2022-05-22","0"
"2022-05-23","0"
"2022-05-24","0"
"2022-05-25","0"
"2022-05-26","38"
"2022-05-27","136"
"2022-05-28","157"
"2022-05-29","145"
"2022-05-30","81"
"2022-05-31","53"
"2022-06-01","38"
"2022-06-02","25"
"2022-06-03","34"
"2022-06-04","44"
"2022-06-05","44"
"2022-06-06","21"
"2022-06-07","26"
"2022-06-08","13"
"2022-06-09","19"
"2022-06-10","18"
"2022-06-11","27"
"2022-06-12","16"
"2022-06-13","15"
"2022-06-14","8"
"2022-06-15","7"
"2022-06-16","9"
"2022-06-17","32"
"2022-06-18","23"
"2022-06-19","17"
"2022-06-20","15"
"2022-06-21","11"
"2022-06-22","13"
"2022-06-23","12"
"2022-06-24","10"
"2022-06-25","15"
"2022-06-26","19"
"2022-06-27","13"
"2022-06-28","6"
"2022-06-29","10"
"2022-06-30","14"
"2022-07-01","12"
"2022-07-02","17"
"2022-07-03","10"
"2022-07-04","67"
"2022-07-05","28"
"2022-07-06","27"
"2022-07-07","16"
"2022-07-08","19"
"2022-07-09","20"
"2022-07-10","21"
"2022-07-11","13"
"2022-07-12","15"
"2022-07-13","17"
"2022-07-14","21"
"2022-07-15","13"
"2022-07-16","21"
"2022-07-17","15"
"2022-07-18","16"
"2022-07-19","20"
"2022-07-20","32"
"2022-07-21","36"
"2022-07-22","27"
"2022-07-23","35"
"2022-07-24","18"
"2022-07-25","31"
"2022-07-26","97"
"2022-07-27","41"
"2022-07-28","38"
"2022-07-29","28"
"2022-07-30","27"
"2022-07-31","29"
"2022-08-01","26"
"2022-08-02","22"
"2022-08-03","26"
"2022-08-04","97"
"2022-08-05","25"
"2022-08-06","23"
"2022-08-07","33"
"2022-08-08","23"
"2022-08-09","34"
"2022-08-10","30"
"2022-08-11","33"
"2022-08-12","26"
"2022-08-13","26"
"2022-08-14","31"
"2022-08-15","25"
"2022-08-16","41"
"2022-08-17","86"
"2022-08-18","34"
"2022-08-19","34"
"2022-08-20","34"
"2022-08-21","33"
"2022-08-22","27"
"2022-08-23","35"
"2022-08-24","32"
"2022-08-25","34"
"2022-08-26","33"
"2022-08-27","25"
"2022-08-28","31"
"2022-08-29","86"
"2022-08-30","35"
"2022-08-31","26"
"2022-09-01","21"
"2022-09-02","21"
"2022-09-03","28"
"2022-09-04","31"
"2022-09-05","15"
"2022-09-06","10"
"2022-09-07","12"
"2022-09-08","13"
"2022-09-09","14"
"2022-09-10","26"
"2022-09-11","25"
"2022-09-12","23"
"2022-09-13","17"
"2022-09-14","76"
"2022-09-15","45"
"2022-09-16","25"
"2022-09-17","36"
"2022-09-18","20"
"2022-09-19","7"
"2022-09-20","52"
"2022-09-21","11"
"2022-09-22","13"
"2022-09-23","14"
"2022-09-24","21"
"2022-09-25","21"
"2022-09-26","10"
"2022-09-27","9"
"2022-09-28","9"
"2022-09-29","13"
"2022-09-30","12"
"2022-10-01","15"
"2022-10-02","11"
"2022-10-03","6"
"2022-10-04","16"
"2022-10-05","10"
"2022-10-06","14"
"2022-10-07","11"
"2022-10-08","6"
"2022-10-09","1"
"2022-10-10","1"
"2022-10-11","5"
"2022-10-12","8"
"2022-10-13","6"
"2022-10-14","3"
"2022-10-15","0"
"2022-10-16","7"
"2022-10-17","21"
"2022-10-18","4"
"2022-10-19","7"
"2022-10-20","7"
"2022-10-21","4"
"2022-10-22","6"
"2022-10-23","13"
"2022-10-24","4"
"2022-10-25","7"
"2022-10-26","4"
"2022-10-27","12"
"2022-10-28","21"
"2022-10-29","9"
"2022-10-30","12"
"2022-10-31","4"
"2022-11-01","15"
"2022-11-02","10"
"2022-11-03","8"
"2022-11-04","4"
"2022-11-05","19"
"2022-11-06","14"
"2022-11-07","12"
"2022-11-08","12"
"2022-11-09","10"
"2022-11-10","21"
"2022-11-11","13"
"2022-11-12","24"
"2022-11-13","17"
"2022-11-14","39"
"2022-11-15","18"
"2022-11-16","11"
"2022-11-17","16"
"2022-11-18","9"
"2022-11-19","30"
"2022-11-20","24"
"2022-11-21","23"
"2022-11-22","23"
"2022-11-23","27"
"2022-11-24","25"
"2022-11-25","30"
"2022-11-26","31"
"2022-11-27","42"
"2022-11-28","146"
"2022-11-29","44"
"2022-11-30","35"
"2022-12-01","124"
"2022-12-02","46"
"2022-12-03","48"
"2022-12-04","25"
"2022-12-05","38"
"2022-12-06","23"
"2022-12-07","30"
"2022-12-08","38"
"2022-12-09","44"
"2022-12-10","51"
"2022-12-11","52"
"2022-12-12","49"
"2022-12-13","51"
"2022-12-14","63"
"2022-12-15","26"
"2022-12-16","43"
"2022-12-17","84"
"2022-12-18","24"
"2022-12-19","57"
"2022-12-20","0"
"2022-12-21","78"
"2022-12-22","7"
"2022-12-23","30"
"2022-12-24","77"
"2022-12-25","106"
"2022-12-26","140"
"2022-12-27","571"
"2022-12-28","174"
"2022-12-29","0"
"2022-12-30","107"
"2022-12-31","450"
"2023-01-01","219"
"2023-01-02","157"
"2023-01-03","165"
"2023-01-04","199"
"2023-01-05","122"
"2023-01-06","125"
"2023-01-07","164"
"2023-01-08","175"
"2023-01-09","610"
"2023-01-10","280"
"2023-01-11","217"
"2023-01-12","1135"
"2023-01-13","310"
"2023-01-14","251"
"2023-01-15","270"
"2023-01-16","288"
"2023-01-17","339"
"2023-01-18","2741"
"2023-01-19","1321"
"2023-01-20","671"
"2023-01-21","158"
"2023-01-22","584"
"2023-01-23","164"
"2023-01-24","182"
"2023-01-25","169"
"2023-01-26","186"
"2023-01-27","171"
"2023-01-28","187"
"2023-01-29","180"
"2023-01-30","433"
"2023-01-31","371"
"2023-02-01","478"
"2023-02-02","5378"
"2023-02-03","875"
"2023-02-04","570"
"2023-02-05","563"
"2023-02-06","356"
"2023-02-07","220"
"2023-02-08","248"
"2023-02-09","1512"
"2023-02-10","769"
"2023-02-11","755"
"2023-02-12","525"
"2023-02-13","212"
"2023-02-14","197"
"2023-02-15","186"
"2023-02-16","1169"
"2023-02-17","748"
"2023-02-18","779"
"2023-02-19","536"
"2023-02-20","163"
"2023-02-21","160"
"2023-02-22","134"
"2023-02-23","2249"
"2023-02-24","847"
"2023-02-25","749"
"2023-02-26","422"
"2023-02-27","187"
"2023-02-28","164"
"2023-03-01","144"
"2023-03-02","2503"
"2023-03-03","1331"
"2023-03-04","941"
"2023-03-05","471"
"2023-03-06","141"
"2023-03-07","149"
"2023-03-08","146"
"2023-03-09","1645"
"2023-03-10","753"
"2023-03-11","757"
"2023-03-12","431"
"2023-03-13","133"
"2023-03-14","144"
"2023-03-15","149"
"2023-03-16","1773"
"2023-03-17","731"
"2023-03-18","840"
"2023-03-19","493"
"2023-03-20","177"
"2023-03-21","142"
"2023-03-22","136"
"2023-03-23","1638"
"2023-03-24","812"
"2023-03-25","861"
"2023-03-26","517"
"2023-03-27","162"
"2023-03-28","140"
"2023-03-29","126"
"2023-03-30","2058"
"2023-03-31","1038"
"2023-04-01","1022"
"2023-04-02","610"
"2023-04-03","255"
"2023-04-04","254"
"2023-04-05","428"
"2023-04-06","3429"
"2023-04-07","1250"
"2023-04-08","3102"
"2023-04-09","798"
"2023-04-10","260"
"2023-04-11","207"
"2023-04-12","170"
"2023-04-13","1568"
"2023-04-14","2602"
"2023-04-15","1335"
"2023-04-16","706"
"2023-04-17","177"
"2023-04-18","181"
"2023-04-19","151"
"2023-04-20","213"
"2023-04-21","2396"
"2023-04-22","1667"
"2023-04-23","334"
"2023-04-24","281"
"2023-04-25","216"
"2023-04-26","193"
"2023-04-27","1636"
"2023-04-28","1099"
"2023-04-29","1185"
"2023-04-30","799"
"2023-05-01","712"
"2023-05-02","619"
"2023-05-03","489"
"2023-05-04","178"
"2023-05-05","183"
"2023-05-06","191"
"2023-05-07","292"
"2023-05-08","130"
"2023-05-09","115"
"2023-05-10","114"
"2023-05-11","1189"
"2023-05-12","823"
"2023-05-13","803"
"2023-05-14","588"
"2023-05-15","1422"
"2023-05-16","1775"
"2023-05-17","525"
"2023-05-18","290"
"2023-05-19","2069"
"2023-05-20","1682"
"2023-05-21","715"
"2023-05-22","222"
"2023-05-23","154"
"2023-05-24","162"
"2023-05-25","2306"
"2023-05-26","2875"
"2023-05-27","1585"
"2023-05-28","698"
"2023-05-29","194"
"2023-05-30","78"
"2023-05-31","164"
"2023-06-01","310"
"2023-06-02","1612"
"2023-06-03","1054"
"2023-06-04","458"
"2023-06-05","167"
"2023-06-06","172"
"2023-06-07","175"
"2023-06-08","229"
"2023-06-09","1859"
"2023-06-10","1331"
"2023-06-11","588"
"2023-06-12","191"
"2023-06-13","144"
"2023-06-14","950"
"2023-06-15","261"
"2023-06-16","1384"
"2023-06-17","935"
"2023-06-18","563"
"2023-06-19","254"
"2023-06-20","242"
"2023-06-21","315"
"2023-06-22","474"
"2023-06-23","433"
"2023-06-24","407"
"2023-06-25","206"
"2023-06-26","1676"
"2023-06-27","763"
"2023-06-28","475"
"2023-06-29","908"
"2023-06-30","2033"
"2023-07-01","1813"
"2023-07-02","984"
"2023-07-03","549"
"2023-07-04","495"
"2023-07-05","427"
"2023-07-06","598"
"2023-07-07","477"
"2023-07-08","413"
"2023-07-09","544"
"2023-07-10","417"
"2023-07-11","2669"
"2023-07-12","1071"
"2023-07-13","763"
"2023-07-14","3567"
"2023-07-15","1248"
"2023-07-16","692"
"2023-07-17","542"
"2023-07-18","503"
"2023-07-19","472"
"2023-07-20","512"
"2023-07-21","2470"
"2023-07-22","2052"
"2023-07-23","834"
"2023-07-24","615"
"2023-07-25","523"
"2023-07-26","476"
"2023-07-27","551"
"2023-07-28","4062"
"2023-07-29","942"
"2023-07-30","267"
"2023-07-31","247"
"2023-08-01","517"
"2023-08-02","439"
"2023-08-03","530"
"2023-08-04","3072"
"2023-08-05","2585"
"2023-08-06","954"
"2023-08-07","762"
"2023-08-08","716"
"2023-08-09","694"
"2023-08-10","745"
"2023-08-11","3842"
"2023-08-12","989"
"2023-08-13","703"
"2023-08-14","693"
"2023-08-15","687"
"2023-08-16","672"
"2023-08-17","729"
"2023-08-18","3975"
"2023-08-19","1560"
"2023-08-20","618"
"2023-08-21","559"
"2023-08-22","4031"
"2023-08-23","1370"
"2023-08-24","948"
"2023-08-25","976"
"2023-08-26","750"
"2023-08-27","609"
"2023-08-28","2147"
"2023-08-29","1063"
"2023-08-30","539"
"2023-08-31","438"
"2023-09-01","1799"
"2023-09-02","1614"
"2023-09-03","736"
"2023-09-04","153"
"2023-09-05","127"
"2023-09-06","122"
"2023-09-07","138"
"2023-09-08","1444"
"2023-09-09","1830"
"2023-09-10","754"
"2023-09-11","165"
"2023-09-12","143"
"2023-09-13","127"
"2023-09-14","111"
"2023-09-15","978"
"2023-09-16","1929"
"2023-09-17","679"
"2023-09-18","121"
"2023-09-19","11"
"2023-09-20","110"
"2023-09-21","1009"
"2023-09-22","1927"
"2023-09-23","1576"
"2023-09-24","554"
"2023-09-25","143"
"2023-09-26","835"
"2023-09-27","964"
"2023-09-28","2185"
"2023-09-29","1753"
"2023-09-30","582"
"2023-10-01","431"
"2023-10-02","453"
"2023-10-03","420"
"2023-10-04","394"
"2023-10-05","356"
"2023-10-06","279"
"2023-10-07","106"
"2023-10-08","86"
"2023-10-09","79"
"2023-10-10","674"
"2023-10-11","383"
"2023-10-12","226"
"2023-10-13","1146"
"2023-10-14","896"
"2023-10-15","527"
"2023-10-16","100"
"2023-10-17","116"
"2023-10-18","117"
"2023-10-19","146"
"2023-10-20","171"
"2023-10-21","325"
"2023-10-22","291"
"2023-10-23","863"
"2023-10-24","317"
"2023-10-25","216"
"2023-10-26","576"
"2023-10-27","1494"
"2023-10-28","1518"
"2023-10-29","709"
"2023-10-30","160"
"2023-10-31","131"
"2023-11-01","112"
"2023-11-02","123"
"2023-11-03","1319"
"2023-11-04","945"
"2023-11-05","500"
"2023-11-06","132"
"2023-11-07","105"
"2023-11-08","86"
"2023-11-09","104"
"2023-11-10","1196"
"2023-11-11","815"
"2023-11-12","432"
"2023-11-13","116"
"2023-11-14","98"
"2023-11-15","107"
"2023-11-16","111"
"2023-11-17","182"
"2023-11-18","1183"
"2023-11-19","1000"
"2023-11-20","144"
"2023-11-21","108"
"2023-11-22","110"
"2023-11-23","107"
"2023-11-24","184"
"2023-11-25","356"
"2023-11-26","267"
"2023-11-27","915"
"2023-11-28","383"
"2023-11-29","200"
"2023-11-30","230"
"2023-12-01","1179"
"2023-12-02","1296"
"2023-12-03","493"
"2023-12-04","128"
"2023-12-05","95"
"2023-12-06","108"
"2023-12-07","103"
"2023-12-08","975"
"2023-12-09","1163"
"2023-12-10","491"
"2023-12-11","145"
"2023-12-12","117"
"2023-12-13","143"
"2023-12-14","207"
"2023-12-15","1539"
"2023-12-16","1925"
"2023-12-17","817"
"2023-12-18","262"
"2023-12-19","236"
"2023-12-20","194"
"2023-12-21","269"
"2023-12-22","354"
"2023-12-23","605"
"2023-12-24","605"
"2023-12-25","2698"
"2023-12-26","604"
"2023-12-27","364"
"2023-12-28","356"
"2023-12-29","765"
"2023-12-30","1023"
"2023-12-31","801"
"2024-01-01","2999"
"2024-01-02","903"
"2024-01-03","348"
"2024-01-04","951"
"2024-01-05","2899"
"2024-01-06","3549"
"2024-01-07","1755"
"2024-01-08","398"
"2024-01-09","309"
"2024-01-10","271"
"2024-01-11","330"
"2024-01-12","2939"
"2024-01-13","2117"
"2024-01-14","892"
"2024-01-15","365"
"2024-01-16","315"
"2024-01-17","140"
"2024-01-18","375"
"2024-01-19","2884"
"2024-01-20","2538"
"2024-01-21","1347"
"2024-01-22","638"
"2024-01-23","4194"
"2024-01-24","1530"
"2024-01-25","885"
"2024-01-26","1250"
"2024-01-27","1872"
"2024-01-28","1001"
"2024-01-29","611"
"2024-01-30","511"
"2024-01-31","521"
"2024-02-01","2140"
"2024-02-02","3671"
"2024-02-03","1632"
"2024-02-04","1025"
"2024-02-05","725"
"2024-02-06","727"
"2024-02-07","3562"
"2024-02-08","1737"
"2024-02-09","912"
"2024-02-10","884"
"2024-02-11","632"
"2024-02-12","548"
"2024-02-13","561"
"2024-02-14","504"
"2024-02-15","529"
"2024-02-16","499"
"2024-02-17","503"
"2024-02-18","521"
"2024-02-19","435"
"2024-02-20","449"
"2024-02-21","569"
"2024-02-22","2894"
"2024-02-23","1686"
"2024-02-24","1038"
"2024-02-25","623"
"2024-02-26","319"
"2024-02-27","235"
"2024-02-28","222"
"2024-02-29","1936"
"2024-03-01","1561"
"2024-03-02","1582"
"2024-03-03","875"
"2024-03-04","266"
"2024-03-05","200"
"2024-03-06","191"
"2024-03-07","1254"
"2024-03-08","3515"
"2024-03-09","2326"
"2024-03-10","1062"
"2024-03-11","258"
"2024-03-12","238"
"2024-03-13","221"
"2024-03-14","223"
"2024-03-15","3098"
"2024-03-16","1955"
"2024-03-17","867"
"2024-03-18","1116"
"2024-03-19","609"
"2024-03-20","394"
"2024-03-21","748"
"2024-03-22","2378"
"2024-03-23","1552"
"2024-03-24","860"
"2024-03-25","183"
"2024-03-26","167"
"2024-03-27","170"
"2024-03-28","858"
"2024-03-29","1694"
"2024-03-30","1285"
"2024-03-31","791"
"2024-04-01","153"
"2024-04-02","192"
"2024-04-03","1735"
"2024-04-04","1279"
"2024-04-05","782"
"2024-04-06","469"
"2024-04-07","168"
"2024-04-08","131"
"2024-04-09","135"
"2024-04-10","118"
"2024-04-11","1084"
"2024-04-12","835"
"2024-04-13","1039"
"2024-04-14","650"
"2024-04-15","186"
"2024-04-16","141"
"2024-04-17","146"
"2024-04-18","1166"
"2024-04-19","1071"
"2024-04-20","1105"
"2024-04-21","603"
"2024-04-22","177"
"2024-04-23","134"
"2024-04-24","126"
"2024-04-25","868"
"2024-04-26","886"
"2024-04-27","899"
"2024-04-28","214"
"2024-04-29","161"
"2024-04-30","293"
"2024-05-01","512"
"2024-05-02","476"
"2024-05-03","400"
"2024-05-04","382"
"2024-05-05","350"
"2024-05-06","102"
"2024-05-07","90"
"2024-05-08","91"
"2024-05-09","733"
"2024-05-10","468"
"2024-05-11","461"
"2024-05-12","631"
"2024-05-13","136"
"2024-05-14","355"
"2024-05-15","635"
"2024-05-16","1339"
"2024-05-17","1154"
"2024-05-18","888"
"2024-05-19","592"
"2024-05-20","143"
"2024-05-21","146"
"2024-05-22","132"
"2024-05-23","864"
"2024-05-24","640"
"2024-05-25","901"
"2024-05-26","611"
"2024-05-27","172"
"2024-05-28","121"
"2024-05-29","110"
"2024-05-30","111"
"2024-05-31","1115"
"2024-06-01","1368"
"2024-06-02","646"
"2024-06-03","185"
"2024-06-04","147"
"2024-06-05","129"
"2024-06-06","413"
"2024-06-07","2833"
"2024-06-08","2750"
"2024-06-09","1326"
"2024-06-10","589"
"2024-06-11","208"
"2024-06-12","157"
"2024-06-13","195"
"2024-06-14","1926"
"2024-06-15","1895"
"2024-06-16","1095"
"2024-06-17","152"
"2024-06-18","204"
"2024-06-19","202"
"2024-06-20","173"
"2024-06-21","1354"
"2024-06-22","1484"
"2024-06-23","767"
"2024-06-24","266"
"2024-06-25","192"
"2024-06-26","261"
"2024-06-27","1126"
"2024-06-28","1268"
"2024-06-29","1059"
"2024-06-30","606"
"2024-07-01","276"
"2024-07-02","363"
"2024-07-03","380"
"2024-07-04","1104"
"2024-07-05","2120"
"2024-07-06","1049"
"2024-07-07","644"
"2024-07-08","445"
"2024-07-09","430"
"2024-07-10","2038"
"2024-07-11","3202"
"2024-07-12","2246"
"2024-07-13","794"
"2024-07-14","519"
"2024-07-15","428"
"2024-07-16","381"
"2024-07-17","388"
"2024-07-18","439"
"2024-07-19","2759"
"2024-07-20","973"
"2024-07-21","552"
"2024-07-22","376"
"2024-07-23","329"
"2024-07-24","373"
"2024-07-25","1734"
"2024-07-26","1913"
"2024-07-27","571"
"2024-07-28","474"
"2024-07-29","404"
"2024-07-30","393"
"2024-07-31","364"
"2024-08-01","2340"
"2024-08-02","1363"
"2024-08-03","693"
"2024-08-04","441"
"2024-08-05","413"
"2024-08-06","420"
"2024-08-07","391"
"2024-08-08","2116"
"2024-08-09","1795"
"2024-08-10","772"
"2024-08-11","538"
"2024-08-12","477"
"2024-08-13","445"
"2024-08-14","423"
"2024-08-15","559"
"2024-08-16","2723"
"2024-08-17","1278"
"2024-08-18","585"
"2024-08-19","449"
"2024-08-20","355"
"2024-08-21","402"
"2024-08-22","2460"
"2024-08-23","1099"
"2024-08-24","543"
"2024-08-25","510"
"2024-08-26","415"
"2024-08-27","384"
"2024-08-28","413"
"2024-08-29","1150"
"2024-08-30","2302"
"2024-08-31","852"
"2024-09-01","376"
"2024-09-02","151"
"2024-09-03","638"
"2024-09-04","437"
"2024-09-05","965"
"2024-09-06","1000"
"2024-09-07","761"
"2024-09-08","501"
"2024-09-09","124"
"2024-09-10","124"
"2024-09-11","92"
"2024-09-12","682"
"2024-09-13","628"
"2024-09-14","616"
"2024-09-15","795"
"2024-09-16","516"
"2024-09-17","431"
"2024-09-18","105"
"2024-09-19","106"
"2024-09-20","1316"
"2024-09-21","1016"
"2024-09-22","516"
"2024-09-23","98"
"2024-09-24","104"
"2024-09-25","102"
"2024-09-26","132"
"2024-09-27","879"
"2024-09-28","1217"
"2024-09-29","223"
"2024-09-30","327"
"2024-10-01","473"
"2024-10-02","382"
"2024-10-03","355"
"2024-10-04","328"
"2024-10-05","328"
"2024-10-06","377"
"2024-10-07","315"
"2024-10-08","98"
"2024-10-09","79"
"2024-10-10","76"
"2024-10-11","293"
"2024-10-12","699"
"2024-10-13","679"
"2024-10-14","129"
"2024-10-15","103"
"2024-10-16","105"
"2024-10-17","517"
"2024-10-18","658"
"2024-10-19","635"
"2024-10-20","406"
"2024-10-21","93"
"2024-10-22","99"
"2024-10-23","77"
"2024-10-24","691"
"2024-10-25","588"
"2024-10-26","712"
"2024-10-27","423"
"2024-10-28","100"
"2024-10-29","100"
"2024-10-30","106"
"2024-10-31","908"
"2024-11-01","857"
"2024-11-02","703"
"2024-11-03","409"
"2024-11-04","117"
"2024-11-05","83"
"2024-11-06","78"
"2024-11-07","503"
"2024-11-08","677"
"2024-11-09","823"
"2024-11-10","407"
"2024-11-11","86"
"2024-11-12","78"
"2024-11-13","74"
"2024-11-14","548"
"2024-11-15","599"
"2024-11-16","606"
"2024-11-17","362"
"2024-11-18","82"
"2024-11-19","62"
"2024-11-20","61"
"2024-11-21","587"
"2024-11-22","533"
"2024-11-23","547"
"2024-11-24","356"
"2024-11-25","86"
"2024-11-26","74"
"2024-11-27","75"
"2024-11-28","335"
"2024-11-29","699"
"2024-11-30","658"
"2024-12-01","328"
"2024-12-02","99"
"2024-12-03","78"
"2024-12-04","61"
"2024-12-05","598"
"2024-12-06","625"
"2024-12-07","791"
"2024-12-08","351"
"2024-12-09","88"
"2024-12-10","87"
"2024-12-11","55"
"2024-12-12","584"
"2024-12-13","508"
"2024-12-14","490"
"2024-12-15","311"
"2024-12-16","93"
"2024-12-17","65"
"2024-12-18","65"
"2024-12-19","75"
"2024-12-20","1095"
"2024-12-21","829"
"2024-12-22","444"
"2024-12-23","92"
"2024-12-24","82"
"2024-12-25","502"
"2024-12-26","733"
"2024-12-27","521"
"2024-12-28","613"
"2024-12-29","334"
"2024-12-30","96"
"2024-12-31","1060"
