日期,下载量预估~iPhone
2024/12/31,22611
2024/12/30,23575
2024/12/29,25229
2024/12/28,21386
2024/12/27,17413
2024/12/26,16945
2024/12/25,17866
2024/12/24,20765
2024/12/23,22001
2024/12/22,30040
2024/12/21,21948
2024/12/20,17468
2024/12/19,21577
2024/12/18,20525
2024/12/17,22404
2024/12/16,22375
2024/12/15,29996
2024/12/14,20484
2024/12/13,17887
2024/12/12,17757
2024/12/11,20711
2024/12/10,20750
2024/12/9,22920
2024/12/8,25772
2024/12/7,19904
2024/12/6,18470
2024/12/5,17706
2024/12/4,17952
2024/12/3,26305
2024/12/2,24380
2024/12/1,35493
2024/11/30,19771
2024/11/29,20435
2024/11/28,17867
2024/11/27,20620
2024/11/26,21790
2024/11/25,24340
2024/11/24,19686
2024/11/23,12931
2024/11/22,17919
2024/11/21,17715
2024/11/20,20812
2024/11/19,25400
2024/11/18,33173
2024/11/17,31972
2024/11/16,16022
2024/11/15,18474
2024/11/14,19349
2024/11/13,18899
2024/11/12,21705
2024/11/11,24686
2024/11/10,31012
2024/11/9,21899
2024/11/8,16818
2024/11/7,17842
2024/11/6,18561
2024/11/5,29400
2024/11/4,32898
2024/11/3,36628
2024/11/2,19208
2024/11/1,20013
2024/10/31,17577
2024/10/30,20533
2024/10/29,21602
2024/10/28,36434
2024/10/27,33085
2024/10/26,22040
2024/10/25,17227
2024/10/24,20532
2024/10/23,20806
2024/10/22,22565
2024/10/21,42703
2024/10/20,32899
2024/10/19,24627
2024/10/18,21468
2024/10/17,21024
2024/10/16,21763
2024/10/15,27564
2024/10/14,28013
2024/10/13,31339
2024/10/12,22689
2024/10/11,19708
2024/10/10,25204
2024/10/9,28370
2024/10/8,32462
2024/10/7,39078
2024/10/6,39672
2024/10/5,37574
2024/10/4,39276
2024/10/3,25315
2024/10/2,31177
2024/10/1,26855
2024/9/30,23505
2024/9/29,27713
2024/9/28,21892
2024/9/27,23655
2024/9/26,16765
2024/9/25,18600
2024/9/24,26507
2024/9/23,37265
2024/9/22,35347
2024/9/21,22885
2024/9/20,24499
2024/9/19,22624
2024/9/18,36331
2024/9/17,32615
2024/9/16,31298
2024/9/15,25479
2024/9/14,25398
2024/9/13,21663
2024/9/12,21617
2024/9/11,21053
2024/9/10,28303
2024/9/9,27703
2024/9/8,35336
2024/9/7,24035
2024/9/6,24274
2024/9/5,29581
2024/9/4,20987
2024/9/3,29526
2024/9/2,28437
2024/9/1,29028
2024/8/31,25792
2024/8/30,29253
2024/8/29,28955
2024/8/28,27255
2024/8/27,26285
2024/8/26,28514
2024/8/25,28142
2024/8/24,25957
2024/8/23,24565
2024/8/22,24639
2024/8/21,27410
2024/8/20,29075
2024/8/19,28640
2024/8/18,27403
2024/8/17,29400
2024/8/16,29334
2024/8/15,30442
2024/8/14,29935
2024/8/13,33123
2024/8/12,31596
2024/8/11,28815
2024/8/10,30979
2024/8/9,29592
2024/8/8,30055
2024/8/7,32873
2024/8/6,42581
2024/8/5,37014
2024/8/4,40553
2024/8/3,36467
2024/8/2,39821
2024/8/1,33270
2024/7/31,51855
2024/7/30,58435
2024/7/29,54617
2024/7/28,58735
2024/7/27,81395
2024/7/26,49768
2024/7/25,54603
2024/7/24,44023
2024/7/23,42644
2024/7/22,45571
2024/7/21,50586
2024/7/20,35985
2024/7/19,39234
2024/7/18,37005
2024/7/17,34491
2024/7/16,35503
2024/7/15,44476
2024/7/14,34602
2024/7/13,32132
2024/7/12,36961
2024/7/11,41480
2024/7/10,50705
2024/7/9,58411
2024/7/8,51159
2024/7/7,74660
2024/7/6,68038
2024/7/5,45415
2024/7/4,58444
2024/7/3,50465
2024/7/2,41629
2024/7/1,44095
2024/6/30,42399
2024/6/29,34096
2024/6/28,36701
2024/6/27,32791
2024/6/26,35503
2024/6/25,38193
2024/6/24,35880
2024/6/23,42144
2024/6/22,31030
2024/6/21,29156
2024/6/20,26873
2024/6/19,25687
2024/6/18,30058
2024/6/17,31747
2024/6/16,29818
2024/6/15,25372
2024/6/14,30019
2024/6/13,29868
2024/6/12,34316
2024/6/11,31606
2024/6/10,31983
2024/6/9,33259
2024/6/8,27273
2024/6/7,29963
2024/6/6,29372
2024/6/5,36345
2024/6/4,36239
2024/6/3,42530
2024/6/2,39326
2024/6/1,31076
2024/5/31,28895
2024/5/30,30358
2024/5/29,30558
2024/5/28,31039
2024/5/27,41139
2024/5/26,39514
2024/5/25,24603
2024/5/24,31617
2024/5/23,32701
2024/5/22,29917
2024/5/21,33233
2024/5/20,26072
2024/5/19,30001
2024/5/18,29211
2024/5/17,28791
2024/5/16,29002
2024/5/15,27707
2024/5/14,29919
2024/5/13,41064
2024/5/12,39720
2024/5/11,31919
2024/5/10,50773
2024/5/9,41221
2024/5/8,42640
2024/5/7,54466
2024/5/6,42558
2024/5/5,43417
2024/5/4,50603
2024/5/3,42677
2024/5/2,53198
2024/5/1,39289
2024/4/30,41123
2024/4/29,32064
2024/4/28,43254
2024/4/27,31524
2024/4/26,31808
2024/4/25,42517
2024/4/24,39637
2024/4/23,57957
2024/4/22,43675
2024/4/21,50480
2024/4/20,35255
2024/4/19,39372
2024/4/18,36651
2024/4/17,29774
2024/4/16,42689
2024/4/15,42881
2024/4/14,42540
2024/4/13,42099
2024/4/12,41114
2024/4/11,37011
2024/4/10,40814
2024/4/9,58737
2024/4/8,45810
2024/4/7,56954
2024/4/6,74540
2024/4/5,74948
2024/4/4,48365
2024/4/3,40972
2024/4/2,40064
2024/4/1,37281
2024/3/31,46031
2024/3/30,41760
2024/3/29,42387
2024/3/28,40871
2024/3/27,34961
2024/3/26,50763
2024/3/25,51504
2024/3/24,50505
2024/3/23,50614
2024/3/22,40879
2024/3/21,39069
2024/3/20,50526
2024/3/19,50548
2024/3/18,46363
2024/3/17,57993
2024/3/16,42541
2024/3/15,39930
2024/3/14,51613
2024/3/13,43405
2024/3/12,58798
2024/3/11,50728
2024/3/10,53126
2024/3/9,39192
2024/3/8,37144
2024/3/7,42273
2024/3/6,42399
2024/3/5,36069
2024/3/4,38876
2024/3/3,39688
2024/3/2,33238
2024/3/1,28710
2024/2/29,29920
2024/2/28,29189
2024/2/27,33574
2024/2/26,31899
2024/2/25,33017
2024/2/24,31151
2024/2/23,30056
2024/2/22,23759
2024/2/21,23416
2024/2/20,25333
2024/2/19,23541
2024/2/18,23133
2024/2/17,23688
2024/2/16,24970
2024/2/15,24610
2024/2/14,24604
2024/2/13,23886
2024/2/12,22846
2024/2/11,24695
2024/2/10,25977
2024/2/9,24447
2024/2/8,16474
2024/2/7,25167
2024/2/6,22284
2024/2/5,28293
2024/2/4,25260
2024/2/3,19206
2024/2/2,30049
2024/2/1,28444
2024/1/31,30014
2024/1/30,29225
2024/1/29,30128
2024/1/28,22302
2024/1/27,24458
2024/1/26,16926
2024/1/25,21995
2024/1/24,24961
2024/1/23,24030
2024/1/22,26094
2024/1/21,25280
2024/1/20,21492
2024/1/19,22565
2024/1/18,24571
2024/1/17,20912
2024/1/16,23775
2024/1/15,27355
2024/1/14,27882
2024/1/13,23865
2024/1/12,19707
2024/1/11,18989
2024/1/10,17744
2024/1/9,17684
2024/1/8,19705
2024/1/7,10997
2024/1/6,8815
2024/1/5,9391
2024/1/4,9446
2024/1/3,9379
2024/1/2,14362
2024/1/1,16127
2023/12/31,20282
2023/12/30,17682
2023/12/29,17525
2023/12/28,14255
2023/12/27,14012
2023/12/26,15762
2023/12/25,16020
2023/12/24,17499
2023/12/23,14126
2023/12/22,13351
2023/12/21,12864
2023/12/20,12906
2023/12/19,14022
2023/12/18,17063
2023/12/17,17903
2023/12/16,20079
2023/12/15,15329
2023/12/14,16475
2023/12/13,14405
2023/12/12,16001
2023/12/11,15681
2023/12/10,17859
2023/12/9,15142
2023/12/8,12212
2023/12/7,11778
2023/12/6,11507
2023/12/5,12738
2023/12/4,14011
2023/12/3,16019
2023/12/2,12990
2023/12/1,12477
2023/11/30,11829
2023/11/29,11381
2023/11/28,12970
2023/11/27,14878
2023/11/26,17338
2023/11/25,17212
2023/11/24,11775
2023/11/23,11985
2023/11/22,10698
2023/11/21,9314
2023/11/20,11439
2023/11/19,14869
2023/11/18,13989
2023/11/17,10096
2023/11/16,8718
2023/11/15,9576
2023/11/14,10493
2023/11/13,12646
2023/11/12,15563
2023/11/11,16199
2023/11/10,11920
2023/11/9,11418
2023/11/8,10324
2023/11/7,11713
2023/11/6,13370
2023/11/5,16461
2023/11/4,16848
2023/11/3,12095
2023/11/2,10337
2023/11/1,10823
2023/10/31,11015
2023/10/30,12104
2023/10/29,14129
2023/10/28,14893
2023/10/27,10459
2023/10/26,10066
2023/10/25,10770
2023/10/24,11312
2023/10/23,11446
2023/10/22,13448
2023/10/21,12922
2023/10/20,10767
2023/10/19,9236
2023/10/18,9421
2023/10/17,9800
2023/10/16,11193
2023/10/15,12739
2023/10/14,11692
2023/10/13,8688
2023/10/12,7597
2023/10/11,6846
2023/10/10,8010
2023/10/9,8419
2023/10/8,8365
2023/10/7,7338
2023/10/6,9956
2023/10/5,10359
2023/10/4,10990
2023/10/3,11608
2023/10/2,11460
2023/10/1,11973
2023/9/30,11992
2023/9/29,10982
2023/9/28,8587
2023/9/27,7243
2023/9/26,7442
2023/9/25,8428
2023/9/24,10789
2023/9/23,9946
2023/9/22,7793
2023/9/21,7202
2023/9/20,7382
2023/9/19,7895
2023/9/18,9041
2023/9/17,10120
2023/9/16,8770
2023/9/15,7769
2023/9/14,7208
2023/9/13,7293
2023/9/12,8432
2023/9/11,9028
2023/9/10,10692
2023/9/9,10366
2023/9/8,8145
2023/9/7,7339
2023/9/6,7983
2023/9/5,7938
2023/9/4,8900
2023/9/3,10770
2023/9/2,10146
2023/9/1,8529
2023/8/31,9889
2023/8/30,9722
2023/8/29,10133
2023/8/28,10553
2023/8/27,11230
2023/8/26,11192
2023/8/25,10344
2023/8/24,10914
2023/8/23,10978
2023/8/22,10623
2023/8/21,11819
2023/8/20,12150
2023/8/19,12096
2023/8/18,11852
2023/8/17,12959
2023/8/16,12949
2023/8/15,14091
2023/8/14,14033
2023/8/13,14089
2023/8/12,13879
2023/8/11,12808
2023/8/10,12626
2023/8/9,11441
2023/8/8,13045
2023/8/7,12750
2023/8/6,13147
2023/8/5,13136
2023/8/4,13575
2023/8/3,14042
2023/8/2,13839
2023/8/1,13759
2023/7/31,14877
2023/7/30,14134
2023/7/29,14103
2023/7/28,12918
2023/7/27,10373
2023/7/26,11962
2023/7/25,11818
2023/7/24,11722
2023/7/23,11974
2023/7/22,10907
2023/7/21,11685
2023/7/20,11510
2023/7/19,13057
2023/7/18,13492
2023/7/17,12812
2023/7/16,13245
2023/7/15,12914
2023/7/14,11698
2023/7/13,11804
2023/7/12,12309
2023/7/11,13548
2023/7/10,12836
2023/7/9,13036
2023/7/8,13099
2023/7/7,12798
2023/7/6,12815
2023/7/5,13053
2023/7/4,12943
2023/7/3,13455
2023/7/2,13073
2023/7/1,14143
2023/6/30,12997
2023/6/29,13131
2023/6/28,12350
2023/6/27,11972
2023/6/26,11701
2023/6/25,11654
2023/6/24,12722
2023/6/23,13848
2023/6/22,13114
2023/6/21,12837
2023/6/20,11473
2023/6/19,11890
2023/6/18,12872
2023/6/17,12792
2023/6/16,11760
2023/6/15,10505
2023/6/14,10418
2023/6/13,11790
2023/6/12,12595
2023/6/11,12933
2023/6/10,12565
2023/6/9,11115
2023/6/8,10037
2023/6/7,10257
2023/6/6,11505
2023/6/5,10895
2023/6/4,12997
2023/6/3,11850
2023/6/2,9710
2023/6/1,10299
2023/5/31,8791
2023/5/30,8988
2023/5/29,9526
2023/5/28,10454
2023/5/27,10630
2023/5/26,7777
2023/5/25,8357
2023/5/24,6954
2023/5/23,8757
2023/5/22,8648
2023/5/21,10033
2023/5/20,9563
2023/5/19,8407
2023/5/18,8159
2023/5/17,8256
2023/5/16,8500
2023/5/15,9696
2023/5/14,10234
2023/5/13,10138
2023/5/12,9230
2023/5/11,8995
2023/5/10,8672
2023/5/9,8643
2023/5/8,8935
2023/5/7,10345
2023/5/6,10061
2023/5/5,9047
2023/5/4,9669
2023/5/3,10709
2023/5/2,11634
2023/5/1,11903
2023/4/30,12139
2023/4/29,10898
2023/4/28,8228
2023/4/27,8385
2023/4/26,8945
2023/4/25,8932
2023/4/24,9993
2023/4/23,10443
2023/4/22,12228
2023/4/21,11886
2023/4/20,10519
2023/4/19,8122
2023/4/18,8328
2023/4/17,9514
2023/4/16,9620
2023/4/15,10309
2023/4/14,8785
2023/4/13,7050
2023/4/12,8394
2023/4/11,8846
2023/4/10,10309
2023/4/9,10456
2023/4/8,8589
2023/4/7,8939
2023/4/6,9802
2023/4/5,12514
2023/4/4,9388
2023/4/3,11774
2023/4/2,10220
2023/4/1,8981
2023/3/31,7351
2023/3/30,6675
2023/3/29,8225
2023/3/28,8465
2023/3/27,9542
2023/3/26,9580
2023/3/25,8629
2023/3/24,7064
2023/3/23,6971
2023/3/22,7150
2023/3/21,8570
2023/3/20,8287
2023/3/19,9323
2023/3/18,7446
2023/3/17,8385
2023/3/16,7751
2023/3/15,7544
2023/3/14,9059
2023/3/13,9651
2023/3/12,11025
2023/3/11,8828
2023/3/10,5655
2023/3/9,7884
2023/3/8,7903
2023/3/7,8982
2023/3/6,8946
2023/3/5,11470
2023/3/4,9119
2023/3/3,9367
2023/3/2,9081
2023/3/1,9013
2023/2/28,9234
2023/2/27,9493
2023/2/26,12471
2023/2/25,13652
2023/2/24,9029
2023/2/23,7692
2023/2/22,9397
2023/2/21,9594
2023/2/20,9583
2023/2/19,11483
2023/2/18,9093
2023/2/17,9119
2023/2/16,7904
2023/2/15,8492
2023/2/14,9434
2023/2/13,10054
2023/2/12,10600
2023/2/11,9043
2023/2/10,10098
2023/2/9,9106
2023/2/8,9393
2023/2/7,8836
2023/2/6,9969
2023/2/5,11299
2023/2/4,10060
2023/2/3,9975
2023/2/2,10036
2023/2/1,10180
2023/1/31,10274
2023/1/30,11082
2023/1/29,11198
2023/1/28,9908
2023/1/27,12397
2023/1/26,11468
2023/1/25,11302
2023/1/24,11906
2023/1/23,10625
2023/1/22,12905
2023/1/21,4580
2023/1/20,10797
2023/1/19,10497
2023/1/18,12240
2023/1/17,10214
2023/1/16,7196
2023/1/15,10758
2023/1/14,9726
2023/1/13,11118
2023/1/12,10861
2023/1/11,11722
2023/1/10,10638
2023/1/9,10748
2023/1/8,10652
2023/1/7,9613
2023/1/6,11268
2023/1/5,10501
2023/1/4,11261
2023/1/3,12989
2023/1/2,11857
2023/1/1,12242
2022/12/31,12019
2022/12/30,11903
2022/12/29,12311
2022/12/28,12412
2022/12/27,13292
2022/12/26,12041
2022/12/25,13123
2022/12/24,13066
2022/12/23,13121
2022/12/22,12729
2022/12/21,12066
2022/12/20,11845
2022/12/19,11790
2022/12/18,11932
2022/12/17,11906
2022/12/16,11237
2022/12/15,11246
2022/12/14,11149
2022/12/13,11425
2022/12/12,11268
2022/12/11,11453
2022/12/10,11477
2022/12/9,10093
2022/12/8,8110
2022/12/7,8895
2022/12/6,7491
2022/12/5,11795
2022/12/4,11965
2022/12/3,10099
2022/12/2,11317
2022/12/1,10413
2022/11/30,10623
2022/11/29,10998
2022/11/28,9636
2022/11/27,11129
2022/11/26,14063
2022/11/25,11308
2022/11/24,10846
2022/11/23,11544
2022/11/22,10756
2022/11/21,11899
2022/11/20,11627
2022/11/19,10346
2022/11/18,9780
2022/11/17,9380
2022/11/16,10380
2022/11/15,11840
2022/11/14,12287
2022/11/13,11924
2022/11/12,11560
2022/11/11,11467
2022/11/10,9886
2022/11/9,10248
2022/11/8,12445
2022/11/7,11539
2022/11/6,7789
2022/11/5,11841
2022/11/4,12991
2022/11/3,13056
2022/11/2,11816
2022/11/1,11909
2022/10/31,7825
2022/10/30,11153
2022/10/29,10020
2022/10/28,9928
2022/10/27,10881
2022/10/26,11344
2022/10/25,10453
2022/10/24,12237
2022/10/23,12917
2022/10/22,11058
2022/10/21,9209
2022/10/20,8935
2022/10/19,8327
2022/10/18,9384
2022/10/17,10423
2022/10/16,11105
2022/10/15,10594
2022/10/14,9521
2022/10/13,8891
2022/10/12,9308
2022/10/11,9284
2022/10/10,9103
2022/10/9,9110
2022/10/8,9121
2022/10/7,9473
2022/10/6,11591
2022/10/5,11222
2022/10/4,11254
2022/10/3,10007
2022/10/2,6338
2022/10/1,7532
2022/9/30,6065
2022/9/29,6516
2022/9/28,7011
2022/9/27,8447
2022/9/26,8638
2022/9/25,8514
2022/9/24,6980
2022/9/23,6693
2022/9/22,7206
2022/9/21,7056
2022/9/20,7446
2022/9/19,7853
2022/9/18,7684
2022/9/17,6056
2022/9/16,7401
2022/9/15,8105
2022/9/14,8859
2022/9/13,10278
2022/9/12,12470
2022/9/11,10709
2022/9/10,9644
2022/9/9,9371
2022/9/8,9143
2022/9/7,10426
2022/9/6,10120
2022/9/5,11586
2022/9/4,11020
2022/9/3,8707
2022/9/2,10590
2022/9/1,9731
2022/8/31,7657
2022/8/30,10554
2022/8/29,11188
2022/8/28,11565
2022/8/27,10784
2022/8/26,10536
2022/8/25,10006
2022/8/24,11075
2022/8/23,11027
2022/8/22,11089
2022/8/21,10093
2022/8/20,10376
2022/8/19,11535
2022/8/18,10913
2022/8/17,10455
2022/8/16,10270
2022/8/15,10679
2022/8/14,10729
2022/8/13,10497
2022/8/12,10969
2022/8/11,11878
2022/8/10,11649
2022/8/9,12612
2022/8/8,12314
2022/8/7,11797
2022/8/6,10968
2022/8/5,12125
2022/8/4,10582
2022/8/3,12461
2022/8/2,12764
2022/8/1,13015
2022/7/31,13044
2022/7/30,13321
2022/7/29,13311
2022/7/28,11041
2022/7/27,11663
2022/7/26,10757
2022/7/25,11889
2022/7/24,12998
2022/7/23,13200
2022/7/22,16984
2022/7/21,13106
2022/7/20,13210
2022/7/19,12462
2022/7/18,10328
2022/7/17,11311
2022/7/16,11230
2022/7/15,11160
2022/7/14,10949
2022/7/13,11012
2022/7/12,11192
2022/7/11,11200
2022/7/10,12460
2022/7/9,12635
2022/7/8,11210
2022/7/7,11406
2022/7/6,11447
2022/7/5,12251
2022/7/4,12629
2022/7/3,12373
2022/7/2,12734
2022/7/1,11207
2022/6/30,11504
2022/6/29,11354
2022/6/28,11329
2022/6/27,12393
2022/6/26,12035
2022/6/25,12502
2022/6/24,11407
2022/6/23,11164
2022/6/22,11233
2022/6/21,11056
2022/6/20,11263
2022/6/19,11374
2022/6/18,11212
2022/6/17,11100
2022/6/16,11059
2022/6/15,11153
2022/6/14,11226
2022/6/13,11171
2022/6/12,11252
2022/6/11,11145
2022/6/10,11231
2022/6/9,10252
2022/6/8,10218
2022/6/7,11011
2022/6/6,11086
2022/6/5,11194
2022/6/4,11333
2022/6/3,11194
2022/6/2,10454
2022/6/1,11142
2022/5/31,11216
2022/5/30,11250
2022/5/29,11206
2022/5/28,11144
2022/5/27,10151
2022/5/26,10861
2022/5/25,11238
2022/5/24,10984
2022/5/23,11523
2022/5/22,12399
2022/5/21,11169
2022/5/20,11138
2022/5/19,11089
2022/5/18,11113
2022/5/17,11162
2022/5/16,11150
2022/5/15,12243
2022/5/14,11494
2022/5/13,11088
2022/5/12,11124
2022/5/11,11106
2022/5/10,11442
2022/5/9,12272
2022/5/8,12768
2022/5/7,11154
2022/5/6,12178
2022/5/5,13192
2022/5/4,13523
2022/5/3,12718
2022/5/2,13511
2022/5/1,12834
2022/4/30,12225
2022/4/29,9952
2022/4/28,10008
2022/4/27,10123
2022/4/26,10434
2022/4/25,10919
2022/4/24,11004
2022/4/23,11113
2022/4/22,10775
2022/4/21,11069
2022/4/20,11198
2022/4/19,12208
2022/4/18,12594
2022/4/17,12890
2022/4/16,12768
2022/4/15,11321
2022/4/14,11209
2022/4/13,11188
2022/4/12,11057
2022/4/11,11040
2022/4/10,11162
2022/4/9,11191
2022/4/8,10044
2022/4/7,10016
2022/4/6,10048
2022/4/5,10431
2022/4/4,10181
2022/4/3,10005
2022/4/2,9622
2022/4/1,9857
2022/3/31,9693
2022/3/30,10064
2022/3/29,10217
2022/3/28,11162
2022/3/27,11159
2022/3/26,11188
2022/3/25,9962
2022/3/24,9981
2022/3/23,10259
2022/3/22,10601
2022/3/21,11174
2022/3/20,11054
2022/3/19,10820
2022/3/18,9858
2022/3/17,10193
2022/3/16,10176
2022/3/15,10142
2022/3/14,10482
2022/3/13,10646
2022/3/12,11200
2022/3/11,9468
2022/3/10,9651
2022/3/9,9205
2022/3/8,9617
2022/3/7,9935
2022/3/6,10162
2022/3/5,9988
2022/3/4,8906
2022/3/3,8786
2022/3/2,8861
2022/3/1,9343
2022/2/28,9761
2022/2/27,9808
2022/2/26,9878
2022/2/25,9829
2022/2/24,9877
2022/2/23,10052
2022/2/22,10106
2022/2/21,10224
2022/2/20,9987
2022/2/19,9796
2022/2/18,9079
2022/2/17,8888
2022/2/16,8937
2022/2/15,8955
2022/2/14,8926
2022/2/13,10330
2022/2/12,10233
2022/2/11,10356
2022/2/10,11160
2022/2/9,11292
2022/2/8,9872
2022/2/7,9523
2022/2/6,9753
2022/2/5,9876
2022/2/4,11068
2022/2/3,11052
2022/2/2,10873
2022/2/1,10207
2022/1/31,10354
2022/1/30,11044
2022/1/29,10904
2022/1/28,11305
2022/1/27,12102
2022/1/26,11265
2022/1/25,10035
2022/1/24,9834
2022/1/23,9771
2022/1/22,9371
2022/1/21,8927
2022/1/20,8821
2022/1/19,8799
2022/1/18,8936
2022/1/17,9213
2022/1/16,8488
2022/1/15,8427
2022/1/14,8374
2022/1/13,8363
2022/1/12,8482
2022/1/11,8368
2022/1/10,8428
2022/1/9,8341
2022/1/8,8518
2022/1/7,8956
2022/1/6,9056
2022/1/5,8760
2022/1/4,9085
2022/1/3,9361
2022/1/2,10227
2022/1/1,10156
2021/12/31,8902
2021/12/30,8830
2021/12/29,8919
2021/12/28,8793
2021/12/27,8970
2021/12/26,9285
2021/12/25,8665
2021/12/24,8531
2021/12/23,8350
2021/12/22,8474
2021/12/21,8835
2021/12/20,8939
2021/12/19,8847
2021/12/18,8165
2021/12/17,8077
2021/12/16,7369
2021/12/15,7495
2021/12/14,7685
2021/12/13,8558
2021/12/12,8367
2021/12/11,8016
2021/12/10,6880
2021/12/9,7694
2021/12/8,7455
2021/12/7,8000
2021/12/6,8483
2021/12/5,8420
2021/12/4,8102
2021/12/3,7239
2021/12/2,7220
2021/12/1,7913
2021/11/30,8290
2021/11/29,8807
2021/11/28,8797
2021/11/27,8558
2021/11/26,7250
2021/11/25,8692
2021/11/24,8368
2021/11/23,9635
2021/11/22,9899
2021/11/21,9615
2021/11/20,9495
2021/11/19,8363
2021/11/18,7859
2021/11/17,8694
2021/11/16,8785
2021/11/15,9680
2021/11/14,10107
2021/11/13,8780
2021/11/12,8114
2021/11/11,8254
2021/11/10,8792
2021/11/9,8913
2021/11/8,9768
2021/11/7,9985
2021/11/6,10317
2021/11/5,8918
2021/11/4,9515
2021/11/3,9389
2021/11/2,9825
2021/11/1,10563
2021/10/31,10320
2021/10/30,9968
2021/10/29,8555
2021/10/28,7393
2021/10/27,6869
2021/10/26,7692
2021/10/25,8353
2021/10/24,8444
2021/10/23,7969
2021/10/22,6419
2021/10/21,6907
2021/10/20,7569
2021/10/19,8425
2021/10/18,8781
2021/10/17,10215
2021/10/16,9123
2021/10/15,8146
2021/10/14,8342
2021/10/13,7652
2021/10/12,8525
2021/10/11,9055
2021/10/10,9163
2021/10/9,9380
2021/10/8,9408
2021/10/7,9500
2021/10/6,9216
2021/10/5,9085
2021/10/4,9811
2021/10/3,9607
2021/10/2,8996
2021/10/1,9289
2021/9/30,7585
2021/9/29,8051
2021/9/28,8401
2021/9/27,8350
2021/9/26,8700
2021/9/25,8326
2021/9/24,8791
2021/9/23,10102
2021/9/22,10125
2021/9/21,9986
2021/9/20,9982
2021/9/19,9585
2021/9/18,8268
2021/9/17,8149
2021/9/16,8889
2021/9/15,8994
2021/9/14,8861
2021/9/13,9837
2021/9/12,9956
2021/9/11,9815
2021/9/10,8824
2021/9/9,8863
2021/9/8,8016
2021/9/7,0
2021/9/6,0
2021/9/5,0
2021/9/4,0
2021/9/3,0
2021/9/2,8557
2021/9/1,8839
2021/8/31,9374
2021/8/30,10135
2021/8/29,10367
2021/8/28,10218
2021/8/27,10341
2021/8/26,11000
2021/8/25,10870
2021/8/24,11084
2021/8/23,12296
2021/8/22,11438
2021/8/21,11344
2021/8/20,11477
2021/8/19,11384
2021/8/18,11842
2021/8/17,11656
2021/8/16,12169
2021/8/15,11942
2021/8/14,11642
2021/8/13,11716
2021/8/12,11823
2021/8/11,12211
2021/8/10,12310
2021/8/9,12295
2021/8/8,12241
2021/8/7,11932
2021/8/6,11808
2021/8/5,11867
2021/8/4,11928
2021/8/3,12055
2021/8/2,12698
2021/8/1,12521
2021/7/31,11911
2021/7/30,11653
2021/7/29,11920
2021/7/28,12204
2021/7/27,12037
2021/7/26,12324
2021/7/25,12191
2021/7/24,11660
2021/7/23,11475
2021/7/22,11363
2021/7/21,10945
2021/7/20,10835
2021/7/19,11509
2021/7/18,11305
2021/7/17,10831
2021/7/16,10772
2021/7/15,11022
2021/7/14,11287
2021/7/13,11397
2021/7/12,11790
2021/7/11,11768
2021/7/10,11598
2021/7/9,11852
2021/7/8,11740
2021/7/7,11334
2021/7/6,11238
2021/7/5,11756
2021/7/4,11796
2021/7/3,11622
2021/7/2,11071
2021/7/1,10742
2021/6/30,10409
2021/6/29,10388
2021/6/28,11722
2021/6/27,11075
2021/6/26,10961
2021/6/25,8883
2021/6/24,9159
2021/6/23,9691
2021/6/22,10022
2021/6/21,10350
2021/6/20,10261
2021/6/19,9773
2021/6/18,8853
2021/6/17,9150
2021/6/16,9551
2021/6/15,12615
2021/6/14,12613
2021/6/13,11764
2021/6/12,11434
2021/6/11,8922
2021/6/10,8586
2021/6/9,9034
2021/6/8,9379
2021/6/7,10442
2021/6/6,10084
2021/6/5,9700
2021/6/4,7980
2021/6/3,8158
2021/6/2,8684
2021/6/1,8953
2021/5/31,9771
2021/5/30,9772
2021/5/29,9455
2021/5/28,7194
2021/5/27,7430
2021/5/26,7854
2021/5/25,8609
2021/5/24,10092
2021/5/23,10138
2021/5/22,9418
2021/5/21,7003
2021/5/20,7414
2021/5/19,7985
2021/5/18,8962
2021/5/17,10770
2021/5/16,10754
2021/5/15,10554
2021/5/14,8524
2021/5/13,9185
2021/5/12,8642
2021/5/11,7453
2021/5/10,8976
2021/5/9,8897
2021/5/8,7466
2021/5/7,8399
2021/5/6,10268
2021/5/5,11081
2021/5/4,11795
2021/5/3,11600
2021/5/2,11602
2021/5/1,10277
2021/4/30,7874
2021/4/29,9107
2021/4/28,8151
2021/4/27,7886
2021/4/26,8649
2021/4/25,10049
2021/4/24,9858
2021/4/23,8060
2021/4/22,7233
2021/4/21,7266
2021/4/20,8261
2021/4/19,9466
2021/4/18,9804
2021/4/17,9521
2021/4/16,7556
2021/4/15,7509
2021/4/14,7837
2021/4/13,8197
2021/4/12,9958
2021/4/11,9778
2021/4/10,9697
2021/4/9,9370
2021/4/8,10555
2021/4/7,11829
2021/4/6,15404
2021/4/5,17874
2021/4/4,17936
2021/4/3,12674
2021/4/2,8645
2021/4/1,7617
2021/3/31,8089
2021/3/30,8623
2021/3/29,10921
2021/3/28,10963
2021/3/27,10596
2021/3/26,7825
2021/3/25,7539
2021/3/24,8048
2021/3/23,8692
2021/3/22,10002
2021/3/21,10273
2021/3/20,9686
2021/3/19,7542
2021/3/18,7922
2021/3/17,8589
2021/3/16,9567
2021/3/15,11626
2021/3/14,11450
2021/3/13,11021
2021/3/12,8361
2021/3/11,8261
2021/3/10,8447
2021/3/9,8938
2021/3/8,10459
2021/3/7,10875
2021/3/6,10569
2021/3/5,10453
2021/3/4,10291
2021/3/3,11029
2021/3/2,11563
2021/3/1,13205
2021/2/28,13600
2021/2/27,14241
2021/2/26,11296
2021/2/25,9412
2021/2/24,9966
2021/2/23,9784
2021/2/22,9656
2021/2/21,10259
2021/2/20,11506
2021/2/19,14138
2021/2/18,14866
2021/2/17,16119
2021/2/16,16236
2021/2/15,16206
2021/2/14,16884
2021/2/13,16672
2021/2/12,15891
2021/2/11,14887
2021/2/10,10834
2021/2/9,10616
2021/2/8,10647
2021/2/7,10878
2021/2/6,11197
2021/2/5,12633
2021/2/4,12786
2021/2/3,13947
2021/2/2,14742
2021/2/1,8520
2021/1/31,6987
2021/1/30,7078
2021/1/29,7851
2021/1/28,6606
2021/1/27,6501
2021/1/26,6370
2021/1/25,6475
2021/1/24,6637
2021/1/23,6671
2021/1/22,8484
2021/1/21,6654
2021/1/20,6759
2021/1/19,6847
2021/1/18,6688
2021/1/17,6736
2021/1/16,6545
2021/1/15,6557
2021/1/14,5627
2021/1/13,5664
2021/1/12,5585
2021/1/11,6551
2021/1/10,6737
2021/1/9,6213
2021/1/8,6456
2021/1/7,6600
2021/1/6,6734
2021/1/5,6406
2021/1/4,6571
2021/1/3,6063
2021/1/2,6598
2021/1/1,6236
2020/12/31,8008
2020/12/30,7128
2020/12/29,6958
2020/12/28,7422
2020/12/27,8981
2020/12/26,8690
2020/12/25,6971
2020/12/24,6147
2020/12/23,6292
2020/12/22,6817
2020/12/21,7609
2020/12/20,8543
2020/12/19,8620
2020/12/18,7382
2020/12/17,6733
2020/12/16,7035
2020/12/15,7706
2020/12/14,8327
2020/12/13,10422
2020/12/12,9762
2020/12/11,7654
2020/12/10,6339
2020/12/9,6668
2020/12/8,6913
2020/12/7,8547
2020/12/6,9425
2020/12/5,9511
2020/12/4,7462
2020/12/3,7950
2020/12/2,8831
2020/12/1,11528
2020/11/30,14503
2020/11/29,9960
2020/11/28,9242
2020/11/27,9584
2020/11/26,12592
2020/11/25,14641
2020/11/24,11396
2020/11/23,13474
2020/11/22,8809
2020/11/21,9530
2020/11/20,6145
2020/11/19,6669
2020/11/18,6865
2020/11/17,7059
2020/11/16,7903
2020/11/15,10028
2020/11/14,9463
2020/11/13,7486
2020/11/12,6400
2020/11/11,7478
2020/11/10,7671
2020/11/9,9044
2020/11/8,10359
2020/11/7,11154
2020/11/6,10078
2020/11/5,13277
2020/11/4,13505
2020/11/3,16198
2020/11/2,14960
2020/11/1,17821
2020/10/31,18694
2020/10/30,10483
2020/10/29,7245
2020/10/28,6808
2020/10/27,7652
2020/10/26,8458
2020/10/25,8537
2020/10/24,8865
2020/10/23,7174
2020/10/22,6793
2020/10/21,7234
2020/10/20,7249
2020/10/19,7609
2020/10/18,8784
2020/10/17,9033
2020/10/16,7055
2020/10/15,6476
2020/10/14,6780
2020/10/13,6889
2020/10/12,8043
2020/10/11,9304
2020/10/10,8373
2020/10/9,8599
2020/10/8,11380
2020/10/7,13662
2020/10/6,13747
2020/10/5,14139
2020/10/4,14150
2020/10/3,14228
2020/10/2,13830
2020/10/1,11452
2020/9/30,8733
2020/9/29,7541
2020/9/28,7933
2020/9/27,9386
2020/9/26,10064
2020/9/25,8800
2020/9/24,7604
2020/9/23,8282
2020/9/22,8196
2020/9/21,10336
2020/9/20,12222
2020/9/19,11292
2020/9/18,9132
2020/9/17,7136
2020/9/16,6763
2020/9/15,8995
2020/9/14,10543
2020/9/13,11570
2020/9/12,10245
2020/9/11,8057
2020/9/10,7569
2020/9/9,8191
2020/9/8,8876
2020/9/7,8514
2020/9/6,8729
2020/9/5,9254
2020/9/4,8318
2020/9/3,8818
2020/9/2,8249
2020/9/1,8458
2020/8/31,10238
2020/8/30,10801
2020/8/29,11618
2020/8/28,14335
2020/8/27,15742
2020/8/26,8340
2020/8/25,8171
2020/8/24,8599
2020/8/23,9299
2020/8/22,8973
2020/8/21,8754
2020/8/20,9370
2020/8/19,8841
2020/8/18,8823
2020/8/17,8891
2020/8/16,8903
2020/8/15,9273
2020/8/14,9374
2020/8/13,9602
2020/8/12,8113
2020/8/11,9465
2020/8/10,9399
2020/8/9,8698
2020/8/8,8946
2020/8/7,9138
2020/8/6,9380
2020/8/5,10380
2020/8/4,9489
2020/8/3,11264
2020/8/2,10942
2020/8/1,11574
2020/7/31,11218
2020/7/30,10507
2020/7/29,10842
2020/7/28,10926
2020/7/27,11532
2020/7/26,11791
2020/7/25,11757
2020/7/24,12837
2020/7/23,14943
2020/7/22,16300
2020/7/21,17944
2020/7/20,18636
2020/7/19,18097
2020/7/18,16231
2020/7/17,16399
2020/7/16,12785
2020/7/15,11894
2020/7/14,12520
2020/7/13,13121
2020/7/12,12788
2020/7/11,13018
2020/7/10,12689
2020/7/9,13107
2020/7/8,12354
2020/7/7,13104
2020/7/6,13152
2020/7/5,13084
2020/7/4,13080
2020/7/3,11112
2020/7/2,10101
2020/7/1,9084
2020/6/30,9608
2020/6/29,8058
2020/6/28,9447
2020/6/27,11263
2020/6/26,12957
2020/6/25,13480
2020/6/24,10688
2020/6/23,9158
2020/6/22,9999
2020/6/21,11138
2020/6/20,10194
2020/6/19,5425
2020/6/18,7510
2020/6/17,7295
2020/6/16,7819
2020/6/15,8721
2020/6/14,8959
2020/6/13,8212
2020/6/12,6203
2020/6/11,6589
2020/6/10,8222
2020/6/9,7346
2020/6/8,9036
2020/6/7,11732
2020/6/6,10651
2020/6/5,9479
2020/6/4,9877
2020/6/3,10935
2020/6/2,12866
2020/6/1,14562
2020/5/31,16255
2020/5/30,15423
2020/5/29,11432
2020/5/28,7964
2020/5/27,7328
2020/5/26,7602
2020/5/25,9705
2020/5/24,12534
2020/5/23,11801
2020/5/22,8117
2020/5/21,7666
2020/5/20,8284
2020/5/19,8587
2020/5/18,7942
2020/5/17,9838
2020/5/16,10030
2020/5/15,8619
2020/5/14,7313
2020/5/13,8439
2020/5/12,9355
2020/5/11,7996
2020/5/10,9721
2020/5/9,9703
2020/5/8,9839
2020/5/7,10334
2020/5/6,9687
2020/5/5,10650
2020/5/4,11017
2020/5/3,10335
2020/5/2,9851
2020/5/1,9974
2020/4/30,6801
2020/4/29,6888
2020/4/28,7820
2020/4/27,7954
2020/4/26,8207
2020/4/25,9081
2020/4/24,8815
2020/4/23,8504
2020/4/22,8918
2020/4/21,8960
2020/4/20,9961
2020/4/19,9998
2020/4/18,10098
2020/4/17,9803
2020/4/16,8725
2020/4/15,8519
2020/4/14,8924
2020/4/13,10115
2020/4/12,8965
2020/4/11,9815
2020/4/10,9565
2020/4/9,12850
2020/4/8,13449
2020/4/7,14116
2020/4/6,15955
2020/4/5,14996
2020/4/4,10305
2020/4/3,14071
2020/4/2,9095
2020/4/1,8230
2020/3/31,7709
2020/3/30,7435
2020/3/29,7658
2020/3/28,6986
2020/3/27,6699
2020/3/26,6699
2020/3/25,7567
2020/3/24,7425
2020/3/23,7183
2020/3/22,7204
2020/3/21,6772
2020/3/20,6918
2020/3/19,7576
2020/3/18,7607
2020/3/17,7625
2020/3/16,8101
2020/3/15,8091
2020/3/14,7578
2020/3/13,7524
2020/3/12,7587
2020/3/11,8346
2020/3/10,8516
2020/3/9,8514
2020/3/8,8197
2020/3/7,8670
2020/3/6,8703
2020/3/5,8098
2020/3/4,8726
2020/3/3,8683
2020/3/2,8289
2020/3/1,8385
2020/2/29,7839
2020/2/28,8843
2020/2/27,8568
2020/2/26,8398
2020/2/25,8506
2020/2/24,9125
2020/2/23,9001
2020/2/22,10986
2020/2/21,11465
2020/2/20,10725
2020/2/19,9426
2020/2/18,9177
2020/2/17,8734
2020/2/16,9359
2020/2/15,9361
2020/2/14,8855
2020/2/13,6967
2020/2/12,6943
2020/2/11,7177
2020/2/10,6910
2020/2/9,6834
2020/2/8,6969
2020/2/7,6954
2020/2/6,6709
2020/2/5,7241
2020/2/4,7071
2020/2/3,6765
2020/2/2,7305
2020/2/1,6826
2020/1/31,7120
2020/1/30,8668
2020/1/29,8344
2020/1/28,8775
2020/1/27,8677
2020/1/26,8939
2020/1/25,10253
2020/1/24,10074
2020/1/23,9680
2020/1/22,9933
2020/1/21,9285
2020/1/20,9480
2020/1/19,10354
2020/1/18,8994
2020/1/17,10276
2020/1/16,10299
2020/1/15,10138
2020/1/14,9784
2020/1/13,10844
2020/1/12,10853
2020/1/11,10596
2020/1/10,9500
2020/1/9,8740
2020/1/8,8675
2020/1/7,8482
2020/1/6,7987
2020/1/5,9007
2020/1/4,9007
2020/1/3,8584
2020/1/2,9242
2020/1/1,10246
