日期,华为,小米,VIVO,OPPO,魅族,应用宝,百度,360
2017/12/1,0,0,0,0,0,0,0,0
2017/12/2,0,0,0,0,0,0,0,0
2017/12/3,0,0,0,0,0,0,0,0
2017/12/4,0,0,0,0,0,0,0,0
2017/12/5,0,0,0,0,0,0,0,0
2017/12/6,0,0,0,0,0,0,0,0
2017/12/7,0,0,0,0,0,0,0,0
2017/12/8,0,0,0,0,0,0,0,0
2017/12/9,0,0,0,0,0,0,0,0
2017/12/10,0,0,0,0,0,0,0,0
2017/12/11,0,0,0,0,0,0,0,0
2017/12/12,0,0,0,0,0,0,0,0
2017/12/13,0,0,0,0,0,0,0,0
2017/12/14,0,0,0,0,0,0,0,0
2017/12/15,0,0,0,0,0,0,0,0
2017/12/16,0,0,0,0,0,0,0,0
2017/12/17,0,0,0,0,0,0,0,0
2017/12/18,0,0,0,0,0,0,0,0
2017/12/19,0,0,0,0,0,0,0,0
2017/12/20,0,0,0,0,0,0,0,0
2017/12/21,0,0,0,0,0,0,0,0
2017/12/22,0,0,0,0,0,0,0,0
2017/12/23,0,0,0,0,0,0,0,0
2017/12/24,0,0,0,0,0,0,0,0
2017/12/25,0,0,0,0,0,0,0,0
2017/12/26,0,0,0,0,0,0,0,0
2017/12/27,0,0,0,0,0,0,0,0
2017/12/28,0,0,0,0,0,0,0,0
2017/12/29,0,0,0,0,0,0,0,0
2017/12/30,0,0,0,0,0,0,0,0
2017/12/31,0,0,0,0,0,0,0,0
2018/1/1,0,0,0,0,0,0,0,0
2018/1/2,0,0,0,0,0,0,0,0
2018/1/3,0,0,0,0,0,0,0,0
2018/1/4,0,0,0,0,0,0,0,0
2018/1/5,0,0,0,0,0,0,0,0
2018/1/6,0,0,0,0,0,0,0,0
2018/1/7,0,0,0,0,0,0,0,0
2018/1/8,0,0,0,0,0,0,0,0
2018/1/9,0,0,0,0,0,0,0,0
2018/1/10,0,0,0,0,0,0,0,0
2018/1/11,0,0,0,0,0,0,0,0
2018/1/12,0,0,0,0,0,0,0,0
2018/1/13,0,0,0,0,0,0,0,0
2018/1/14,0,0,0,0,0,0,0,0
2018/1/15,0,0,0,0,0,0,0,0
2018/1/16,0,0,0,0,0,0,0,0
2018/1/17,0,0,0,0,0,0,0,0
2018/1/18,0,0,0,0,0,0,0,0
2018/1/19,0,0,0,0,0,0,0,0
2018/1/20,0,0,0,0,0,0,0,0
2018/1/21,0,0,0,0,0,0,0,0
2018/1/22,0,0,0,0,0,0,0,0
2018/1/23,0,0,0,0,0,0,0,0
2018/1/24,0,0,0,0,0,0,0,0
2018/1/25,0,0,0,0,0,0,0,0
2018/1/26,0,0,0,0,0,0,0,0
2018/1/27,0,0,0,0,0,0,0,0
2018/1/28,0,0,0,0,0,0,0,0
2018/1/29,0,0,0,0,0,0,0,0
2018/1/30,0,0,0,0,0,0,0,0
2018/1/31,0,0,0,0,0,0,0,0
2018/2/1,0,0,0,0,0,0,0,0
2018/2/2,0,0,0,0,0,0,0,0
2018/2/3,0,0,0,0,0,0,0,0
2018/2/4,0,0,0,0,0,0,0,0
2018/2/5,0,0,0,0,0,0,0,0
2018/2/6,0,0,0,0,0,0,0,0
2018/2/7,0,0,0,0,0,0,0,0
2018/2/8,0,0,0,0,0,0,0,0
2018/2/9,0,0,0,0,0,0,0,0
2018/2/10,0,0,0,0,0,0,0,0
2018/2/11,0,0,0,0,0,0,0,0
2018/2/12,0,0,0,0,0,0,0,0
2018/2/13,0,0,0,0,0,0,0,0
2018/2/14,0,0,0,0,0,0,0,0
2018/2/15,0,0,0,0,0,0,0,0
2018/2/16,0,0,0,0,0,0,0,0
2018/2/17,0,0,0,0,0,0,0,0
2018/2/18,0,0,0,0,0,0,0,0
2018/2/19,0,0,0,0,0,0,0,0
2018/2/20,0,0,0,0,0,0,0,0
2018/2/21,0,0,0,0,0,0,0,0
2018/2/22,0,0,0,0,0,0,0,0
2018/2/23,0,0,0,0,0,0,0,0
2018/2/24,0,0,0,0,0,0,0,0
2018/2/25,0,0,0,0,0,0,0,0
2018/2/26,0,0,0,0,0,0,0,0
2018/2/27,0,0,0,0,0,0,0,0
2018/2/28,0,0,0,0,0,0,0,0
2018/3/1,0,0,0,0,0,0,0,0
2018/3/2,0,0,0,0,0,0,0,0
2018/3/3,0,0,0,0,0,0,0,0
2018/3/4,0,0,0,0,0,0,0,0
2018/3/5,0,0,0,0,0,0,0,0
2018/3/6,0,0,0,0,0,0,0,0
2018/3/7,0,0,0,0,0,0,0,0
2018/3/8,0,0,0,0,0,0,0,0
2018/3/9,0,0,0,0,0,0,0,0
2018/3/10,0,0,0,0,0,0,0,0
2018/3/11,0,0,0,0,0,0,0,0
2018/3/12,0,0,0,0,0,0,0,0
2018/3/13,0,0,0,0,0,0,0,0
2018/3/14,0,0,0,0,0,0,0,0
2018/3/15,0,0,0,0,0,0,0,0
2018/3/16,0,0,0,0,0,0,0,0
2018/3/17,0,0,0,0,0,0,0,0
2018/3/18,0,0,0,0,0,0,0,0
2018/3/19,0,0,0,0,0,0,0,0
2018/3/20,0,0,0,0,0,0,0,0
2018/3/21,0,0,0,0,0,0,0,0
2018/3/22,0,0,0,0,0,0,0,0
2018/3/23,0,0,0,0,0,0,0,0
2018/3/24,0,0,0,0,0,0,0,0
2018/3/25,0,0,0,0,0,0,0,0
2018/3/26,0,0,0,0,0,0,0,0
2018/3/27,0,0,0,0,0,0,0,0
2018/3/28,0,0,0,0,0,0,0,0
2018/3/29,0,0,0,0,0,0,0,0
2018/3/30,0,0,46672,300000,0,0,50,64934
2018/3/31,0,0,38832,531000,0,0,0,4085
2018/4/1,0,0,628016,117000,0,0,8501,25198
2018/4/2,0,0,1682416,82000,0,0,17345,60482
2018/4/3,0,0,959876,320000,0,0,18606,25531
2018/4/4,0,0,1411104,340000,0,0,223864,57042
2018/4/5,0,0,1248482,460000,0,0,0,118966
2018/4/6,0,0,1510200,700000,0,0,117914,102657
2018/4/7,0,0,1050099,600000,0,0,205433,52328
2018/4/8,0,0,1001844,590000,0,0,188333,46802
2018/4/9,0,0,694551,200000,0,0,145785,41719
2018/4/10,0,0,754194,330000,0,0,83392,37534
2018/4/11,0,0,657618,0,0,0,78337,39189
2018/4/12,0,0,745311,0,0,0,70730,35128
2018/4/13,0,0,930963,0,0,0,66833,39990
2018/4/14,0,0,1476720,0,0,0,69962,116610
2018/4/15,0,0,1110147,0,0,0,123316,93145
2018/4/16,0,0,470277,0,0,0,222203,34372
2018/4/17,0,0,550227,0,0,0,149307,33463
2018/4/18,0,0,544260,0,0,0,62853,34815
2018/4/19,0,0,457311,0,0,0,118027,31871
2018/4/20,0,0,725745,0,0,0,0,33162
2018/4/21,0,0,1402827,0,0,0,66219,98416
2018/4/22,0,0,890674,0,0,0,0,86446
2018/4/23,0,0,236352,0,0,0,237614,35674
2018/4/24,0,0,373446,0,0,0,137795,28157
2018/4/25,0,0,363042,0,0,0,50164,45171
2018/4/26,0,0,368302,0,0,0,49229,27667
2018/4/27,0,0,568148,0,0,0,49645,27428
2018/4/28,0,0,302788,0,0,0,108185,51328
2018/4/29,0,0,1119296,0,0,0,0,105603
2018/4/30,0,0,1096584,0,0,0,115079,91640
2018/5/1,0,0,734772,0,0,0,230817,88068
2018/5/2,0,0,296496,0,0,0,179771,25247
2018/5/3,0,0,346562,0,0,0,0,23031
2018/5/4,0,0,0,0,0,0,0,0
2018/5/5,0,0,643362,0,0,0,189556,125670
2018/5/6,0,0,316352,0,0,0,69732,64913
2018/5/7,0,0,56924,0,0,0,141786,8615
2018/5/8,0,0,186995,0,0,0,154316,29120
2018/5/9,0,0,115392,0,0,0,34150,23091
2018/5/10,0,0,140757,0,0,0,34058,21197
2018/5/11,0,0,210366,0,0,0,0,25127
2018/5/12,0,0,297046,0,0,0,34681,82735
2018/5/13,0,0,332981,0,0,0,0,80408
2018/5/14,0,0,62029,0,0,0,0,19673
2018/5/15,0,0,137310,0,0,0,0,23842
2018/5/16,0,0,42040,0,0,0,30119,18688
2018/5/17,0,0,75515,0,0,0,27677,23157
2018/5/18,0,0,199915,0,0,0,59792,17000
2018/5/19,0,0,82254,0,0,0,0,65044
2018/5/20,0,0,368785,0,0,0,53390,68333
2018/5/21,0,0,127445,0,0,0,121732,45620
2018/5/22,0,0,229117,0,0,0,0,23095
2018/5/23,0,0,0,0,0,0,4304354,0
2018/5/24,0,0,66469,0,0,0,25459,0
2018/5/25,0,0,0,0,0,0,0,0
2018/5/26,0,0,0,0,0,0,0,0
2018/5/27,0,0,0,0,0,0,41312,0
2018/5/28,0,0,0,0,0,0,132652,0
2018/5/29,0,0,0,0,0,0,0,0
2018/5/30,0,0,0,0,0,0,0,0
2018/5/31,0,0,0,0,0,0,212507,0
2018/6/1,0,0,1488425,0,0,0,26494,384688
2018/6/2,0,0,238121,0,0,0,35658,88902
2018/6/3,0,0,258522,0,0,0,65980,46339
2018/6/4,0,0,105698,0,0,0,0,11332
2018/6/5,0,0,57965,0,0,0,69135,20803
2018/6/6,0,0,133973,0,0,0,0,25791
2018/6/7,0,0,95682,18580000,0,0,155211,35229
2018/6/8,0,0,212651,150000,0,0,36888,14993
2018/6/9,0,0,295065,200000,0,0,35051,66605
2018/6/10,0,0,157500,330000,0,0,0,57488
2018/6/11,0,0,104320,260000,0,0,94239,21329
2018/6/12,0,0,76344,170000,0,0,64211,0
2018/6/13,0,0,100399,60000,0,0,22486,33317
2018/6/14,0,0,77592,120000,0,0,0,23018
2018/6/15,0,0,118352,140000,0,0,94796,26188
2018/6/16,0,0,328602,190000,0,0,50532,72256
2018/6/17,0,0,271709,0,0,0,64216,60826
2018/6/18,0,0,344495,700000,0,0,109756,40321
2018/6/19,0,0,85507,320000,0,0,0,32605
2018/6/20,0,0,73537,270000,0,0,0,38454
2018/6/21,0,0,136218,130000,0,0,0,13040
2018/6/22,0,0,170428,0,0,0,0,27635
2018/6/23,0,0,213900,180000,0,0,53775,62049
2018/6/24,0,0,194172,270000,0,0,56935,47068
2018/6/25,0,0,112072,220000,0,0,83077,13192
2018/6/26,0,0,112585,260000,0,0,160027,22897
2018/6/27,0,0,162089,0,0,0,56582,27006
2018/6/28,0,0,201743,160000,0,0,69554,30774
2018/6/29,0,0,132060,180000,0,0,43465,41015
2018/6/30,0,0,193026,220000,0,0,49203,34648
2018/7/1,0,0,295141,270000,0,0,0,33957
2018/7/2,0,0,131686,250000,0,0,69096,52901
2018/7/3,0,0,186615,200000,0,0,0,25919
2018/7/4,0,0,237560,200000,0,0,112005,47568
2018/7/5,0,0,142490,430000,0,0,0,9245
2018/7/6,0,0,215184,0,0,0,46136,36148
2018/7/7,0,0,272694,370000,0,0,88056,44933
2018/7/8,0,0,188769,220000,0,0,0,43481
2018/7/9,0,0,170280,220000,0,0,53610,35097
2018/7/10,0,0,159523,380000,0,0,0,20579
2018/7/11,0,0,210828,130000,0,0,167318,28332
2018/7/12,0,0,202488,60000,0,0,0,38640
2018/7/13,0,0,145549,210000,0,0,39876,33891
2018/7/14,0,0,220608,190000,0,0,41278,39978
2018/7/15,0,0,212955,200000,0,0,40505,37717
2018/7/16,0,0,176916,200000,0,0,42484,33718
2018/7/17,0,0,161011,190000,0,0,40595,14240
2018/7/18,0,0,190976,200000,0,0,35319,20834
2018/7/19,0,0,181439,190000,0,0,30561,41852
2018/7/20,0,0,152942,190000,0,0,0,29096
2018/7/21,0,0,125300,170000,0,0,31975,32243
2018/7/22,0,0,205891,180000,0,0,34940,16113
2018/7/23,0,0,175732,180000,0,0,35613,36384
2018/7/24,0,0,109043,140000,0,0,35355,23203
2018/7/25,0,0,171867,130000,0,0,0,42031
2018/7/26,0,0,175883,170000,0,0,34542,16155
2018/7/27,0,0,119437,260000,0,0,0,23718
2018/7/28,0,0,204124,50000,0,0,71892,37277
2018/7/29,0,0,178333,180000,0,0,25289,31546
2018/7/30,0,0,185339,190000,0,0,39793,28684
2018/7/31,0,0,138111,180000,0,0,64780,32367
2018/8/1,0,0,168565,160000,0,0,0,44018
2018/8/2,0,0,210818,180000,0,44,0,4367
2018/8/3,0,0,135012,190000,0,56,0,30487
2018/8/4,0,0,245757,190000,0,44,89200,51774
2018/8/5,0,0,192483,200000,0,12,33251,29825
2018/8/6,0,0,143143,190000,0,42,32739,25584
2018/8/7,0,0,204490,180000,0,26,31043,26652
2018/8/8,0,0,155835,180000,0,22,0,25723
2018/8/9,0,0,159324,180000,0,10,0,21680
2018/8/10,0,0,220735,200000,0,20,0,16682
2018/8/11,0,0,158716,170000,0,30,29270,49198
2018/8/12,0,0,199491,180000,0,34,49334,24153
2018/8/13,0,0,0,0,0,0,0,0
2018/8/14,0,0,0,0,0,0,0,0
2018/8/15,0,0,0,0,0,0,0,0
2018/8/16,0,0,0,0,0,0,0,0
2018/8/17,0,0,0,0,0,0,0,0
2018/8/18,0,0,0,0,0,0,0,0
2018/8/19,0,0,0,0,0,0,0,0
2018/8/20,0,0,0,0,0,0,0,0
2018/8/21,0,0,0,0,0,0,0,0
2018/8/22,0,0,0,0,0,0,0,0
2018/8/23,0,0,0,0,0,0,0,0
2018/8/24,0,0,0,0,0,0,0,0
2018/8/25,0,0,0,0,0,0,0,0
2018/8/26,0,0,0,0,0,0,0,0
2018/8/27,0,0,0,2400000,0,218,349912,380237
2018/8/28,0,0,0,0,0,0,0,0
2018/8/29,0,0,0,0,0,0,0,0
2018/8/30,0,0,0,0,0,0,0,0
2018/8/31,0,0,0,0,0,0,0,0
2018/9/1,0,0,0,0,0,0,0,0
2018/9/2,0,0,0,0,0,0,0,0
2018/9/3,0,0,0,0,0,0,0,0
2018/9/4,0,0,0,0,0,108,0,0
2018/9/5,0,0,0,0,0,0,0,0
2018/9/6,0,0,0,0,0,0,0,0
2018/9/7,0,0,0,0,0,0,0,0
2018/9/8,0,0,0,0,0,0,0,0
2018/9/9,0,0,0,0,0,0,0,0
2018/9/10,0,0,0,0,0,0,8353328,0
2018/9/11,0,0,0,0,0,0,0,0
2018/9/12,0,0,0,0,0,0,0,0
2018/9/13,0,0,0,0,0,0,0,0
2018/9/14,0,0,0,0,0,0,0,0
2018/9/15,0,0,0,0,0,0,0,0
2018/9/16,0,0,0,0,0,0,0,0
2018/9/17,0,0,0,0,0,0,0,0
2018/9/18,0,0,0,0,0,0,0,0
2018/9/19,0,0,0,0,0,0,0,0
2018/9/20,0,0,0,0,0,0,0,0
2018/9/21,0,0,0,0,0,0,0,0
2018/9/22,0,0,0,0,0,0,0,0
2018/9/23,0,0,0,0,0,0,0,0
2018/9/24,0,0,0,0,0,0,0,0
2018/9/25,0,0,0,0,0,0,0,0
2018/9/26,0,0,0,0,0,0,0,0
2018/9/27,0,0,0,0,0,0,0,0
2018/9/28,0,0,0,0,0,0,0,0
2018/9/29,0,0,0,0,0,0,0,0
2018/9/30,0,0,0,0,0,0,0,0
2018/10/1,0,0,0,0,0,0,0,0
2018/10/2,0,0,0,0,0,0,0,0
2018/10/3,0,0,0,0,0,0,0,0
2018/10/4,0,0,0,0,0,0,0,0
2018/10/5,0,0,0,0,0,0,0,0
2018/10/6,0,0,2234929,0,0,0,0,0
2018/10/7,0,0,0,0,0,172,0,0
2018/10/8,0,0,0,0,0,0,405240,0
2018/10/9,0,0,0,0,0,0,0,0
2018/10/10,0,0,0,0,0,0,0,0
2018/10/11,0,0,0,0,0,0,0,0
2018/10/12,0,0,0,0,0,0,0,0
2018/10/13,0,0,0,0,0,0,0,0
2018/10/14,0,0,0,0,0,0,0,0
2018/10/15,0,0,0,0,0,0,0,0
2018/10/16,0,0,0,0,0,0,0,0
2018/10/17,0,0,0,0,0,0,0,0
2018/10/18,0,0,0,0,0,0,0,0
2018/10/19,0,0,0,0,0,0,0,0
2018/10/20,0,0,0,0,0,0,0,0
2018/10/21,0,0,0,0,0,0,0,0
2018/10/22,0,0,0,0,0,0,0,0
2018/10/23,0,0,0,0,0,0,0,0
2018/10/24,0,0,0,0,0,0,0,0
2018/10/25,0,0,0,0,0,0,0,0
2018/10/26,0,0,0,0,0,0,0,0
2018/10/27,0,0,0,0,0,0,0,0
2018/10/28,0,0,0,0,0,0,0,0
2018/10/29,0,0,0,0,0,0,0,0
2018/10/30,0,0,0,0,0,0,0,0
2018/10/31,0,0,0,0,0,0,0,7047050
2018/11/1,0,0,0,0,0,0,0,0
2018/11/2,0,0,0,0,0,0,0,0
2018/11/3,0,0,0,0,0,0,0,0
2018/11/4,0,0,0,0,0,0,0,0
2018/11/5,0,0,0,0,0,0,0,0
2018/11/6,0,0,55089294,51480000,0,234,9230000,7161827
2018/11/7,0,0,0,0,0,0,0,0
2018/11/8,0,0,0,0,0,0,0,0
2018/11/9,0,0,2908951,0,0,0,0,0
2018/11/10,0,0,0,0,0,0,0,0
2018/11/11,0,0,0,0,0,0,0,0
2018/11/12,0,0,0,0,0,0,0,0
2018/11/13,0,0,0,0,0,0,571432,0
2018/11/14,0,0,0,0,0,0,0,0
2018/11/15,0,0,0,0,0,55,0,0
2018/11/16,0,0,0,0,0,0,0,0
2018/11/17,0,0,0,0,0,0,0,0
2018/11/18,0,0,0,0,0,0,0,0
2018/11/19,0,0,0,0,0,0,0,0
2018/11/20,0,0,0,0,0,0,0,0
2018/11/21,0,0,1006533,0,0,0,0,0
2018/11/22,0,0,0,0,0,0,0,0
2018/11/23,0,0,0,0,0,0,0,0
2018/11/24,0,0,0,0,0,0,0,0
2018/11/25,0,0,360943,55380000,0,0,0,0
2018/11/26,0,0,0,0,0,0,0,0
2018/11/27,0,0,0,0,0,0,0,0
2018/11/28,0,0,0,0,0,0,0,0
2018/11/29,0,0,0,0,0,0,0,0
2018/11/30,0,0,0,0,0,0,0,0
2018/12/1,0,0,0,0,0,0,0,0
2018/12/2,0,0,0,0,0,0,0,0
2018/12/3,0,0,0,0,0,0,0,0
2018/12/4,0,0,0,5120000,0,0,0,0
2018/12/5,0,0,0,0,0,99,0,0
2018/12/6,0,0,0,0,0,0,0,0
2018/12/7,0,0,0,0,0,0,0,0
2018/12/8,0,0,0,0,0,0,0,0
2018/12/9,0,0,0,0,0,27,0,0
2018/12/10,0,0,0,0,0,0,0,0
2018/12/11,0,0,0,0,0,0,0,0
2018/12/12,0,0,0,0,0,0,240000,0
2018/12/13,0,0,0,0,0,0,0,0
2018/12/14,0,0,0,0,0,0,0,0
2018/12/15,0,0,0,0,0,0,0,0
2018/12/16,0,0,0,0,0,0,0,0
2018/12/17,0,0,0,1120000,0,0,0,0
2018/12/18,0,0,0,0,0,0,0,0
2018/12/19,0,0,0,0,0,0,0,0
2018/12/20,0,0,0,0,0,0,0,0
2018/12/21,0,0,0,0,0,0,0,0
2018/12/22,0,0,0,0,0,0,0,0
2018/12/23,0,0,0,0,0,0,0,0
2018/12/24,0,0,0,0,0,0,0,0
2018/12/25,0,0,0,0,0,0,180000,0
2018/12/26,0,0,0,0,0,0,0,0
2018/12/27,0,0,0,0,0,0,0,0
2018/12/28,0,0,0,0,0,0,0,0
2018/12/29,0,0,0,0,0,0,0,0
2018/12/30,0,0,0,0,0,0,0,0
2018/12/31,0,0,0,0,0,0,0,0
2019/1/1,0,0,0,0,0,0,0,0
2019/1/2,0,0,0,0,0,0,0,0
2019/1/3,0,0,0,0,0,187,0,0
2019/1/4,0,0,0,0,0,0,0,0
2019/1/5,0,0,0,0,0,0,0,0
2019/1/6,0,0,0,0,0,0,0,0
2019/1/7,0,0,0,3900000,0,0,0,0
2019/1/8,0,0,0,0,0,0,0,0
2019/1/9,0,0,0,0,0,0,0,0
2019/1/10,0,0,0,0,0,0,0,0
2019/1/11,0,0,0,0,0,0,0,0
2019/1/12,0,0,0,0,0,0,0,0
2019/1/13,0,0,0,0,0,0,0,0
2019/1/14,0,0,0,0,0,0,0,780038
2019/1/15,0,0,0,0,0,0,0,0
2019/1/16,0,0,0,0,0,0,0,0
2019/1/17,0,0,0,0,0,0,0,0
2019/1/18,0,0,0,0,0,92,0,0
2019/1/19,0,0,0,0,0,0,0,0
2019/1/20,0,0,0,0,0,0,0,0
2019/1/21,0,0,0,0,0,0,0,0
2019/1/22,0,0,0,0,0,0,0,0
2019/1/23,0,0,0,0,0,0,0,0
2019/1/24,0,0,0,0,0,0,0,0
2019/1/25,0,0,61964162,63440000,0,30,9930000,8003363
2019/1/26,0,0,137358,160000,0,2,0,3848
2019/1/27,0,0,175271,0,0,2,0,0
2019/1/28,0,0,131136,320000,0,4,170000,0
2019/1/29,0,0,0,150000,0,8,0,0
2019/1/30,0,0,313690,160000,0,1,0,0
2019/1/31,0,0,236212,720000,0,1,0,0
2019/2/1,0,0,92594,1310000,0,4,0,0
2019/2/2,0,0,0,510000,0,2,0,0
2019/2/3,0,0,430039,0,0,2,0,0
2019/2/4,0,0,176284,490000,0,0,0,0
2019/2/5,0,0,263270,270000,0,3,0,0
2019/2/6,0,0,229656,260000,0,1,0,0
2019/2/7,0,0,232222,190000,0,5,0,0
2019/2/8,0,0,257232,80000,0,2,0,0
2019/2/9,0,0,189155,430000,0,1,0,0
2019/2/10,0,0,188559,0,0,2,0,0
2019/2/11,0,0,179513,200000,0,3,0,0
2019/2/12,0,0,165943,180000,0,0,0,0
2019/2/13,0,0,197529,150000,0,2,0,11391
2019/2/14,0,0,102336,160000,0,6,0,14150
2019/2/15,0,0,147971,290000,0,0,0,19560
2019/2/16,0,0,121931,0,0,2,0,9102
2019/2/17,0,0,193173,140000,0,1,0,8491
2019/2/18,0,0,121368,130000,0,0,0,20444
2019/2/19,0,0,119141,130000,0,1,0,3972
2019/2/20,0,0,153788,130000,0,4,0,17885
2019/2/21,0,0,88897,100000,0,8,0,1320
2019/2/22,0,0,95300,80000,0,0,0,6919
2019/2/23,0,0,68379,210000,0,1,0,7856
2019/2/24,0,0,191180,0,0,3,0,41227
2019/2/25,0,0,46387,0,0,10,0,0
2019/2/26,0,0,63105,210000,0,1,0,2595
2019/2/27,0,0,60804,50000,0,4,0,3099
2019/2/28,0,0,62521,1070000,0,1,260000,4026
2019/3/1,0,0,89518,550000,0,1,0,6045
2019/3/2,0,0,200077,290000,0,362,0,8916
2019/3/3,0,0,111731,260000,0,1622,0,44715
2019/3/4,0,0,55416,110000,0,1452,0,5153
2019/3/5,0,0,33663,60000,0,851,0,3295
2019/3/6,0,0,74287,70000,0,711,0,0
2019/3/7,0,0,32019,70000,0,580,0,7590
2019/3/8,0,0,101037,0,0,476,0,9227
2019/3/9,0,0,182787,100000,0,316,0,13603
2019/3/10,0,0,117037,360000,0,387,0,56926
2019/3/11,0,0,64193,80000,0,390,0,2988
2019/3/12,0,0,28205,30000,0,301,0,3444
2019/3/13,0,0,63401,80000,0,244,0,3517
2019/3/14,0,0,20199,60000,0,210,0,6159
2019/3/15,0,0,106023,100000,0,288,160000,2171
2019/3/16,0,0,147304,170000,0,171,0,3758
2019/3/17,0,0,173224,160000,0,260,0,23389
2019/3/18,0,0,45187,90000,0,278,0,18949
2019/3/19,0,0,44277,60000,0,222,0,4397
2019/3/20,0,0,62013,60000,0,180,50000,1364
2019/3/21,0,0,40051,1040000,0,215,10000,3980
2019/3/22,0,0,40615,550000,0,814,10000,6746
2019/3/23,0,0,209364,310000,0,1130,0,11954
2019/3/24,0,0,159516,220000,0,842,0,23130
2019/3/25,0,0,63863,100000,0,598,0,18368
2019/3/26,0,0,45325,60000,0,458,0,4885
2019/3/27,0,0,0,40000,0,453,0,0
2019/3/28,0,0,89156,0,0,370,0,8556
2019/3/29,0,0,16088,100000,0,325,0,3067
2019/3/30,0,0,237101,110000,0,324,0,12563
2019/3/31,0,0,165613,180000,0,387,0,10588
2019/4/1,0,0,52335,180000,0,438,0,17511
2019/4/2,0,0,65379,80000,0,315,100000,2337
2019/4/3,0,0,35212,60000,0,271,0,2777
2019/4/4,0,0,87773,60000,0,243,0,2676
2019/4/5,0,0,229469,110000,0,256,0,12420
2019/4/6,0,0,197476,210000,0,275,0,19271
2019/4/7,0,0,164404,0,0,221,0,40808
2019/4/8,0,0,28410,0,0,285,80000,10618
2019/4/9,0,0,59962,0,0,204,0,5278
2019/4/10,0,0,50297,0,0,196,0,0
2019/4/11,0,0,89275,0,0,228,10000,5946
2019/4/12,0,0,53390,0,0,215,0,6337
2019/4/13,0,0,197165,0,0,193,0,21531
2019/4/14,0,0,213563,0,0,254,0,35572
2019/4/15,0,0,0,0,0,268,0,30383
2019/4/16,0,0,144828,2680000,0,173,0,1114
2019/4/17,0,0,71481,50000,0,170,0,4528
2019/4/18,0,0,68743,30000,0,142,0,4602
2019/4/19,0,0,5015,50000,0,0,150000,0
2019/4/20,0,0,0,110000,0,0,0,24158
2019/4/21,0,0,0,180000,0,0,0,22754
2019/4/22,0,0,52660,200000,0,0,0,33116
2019/4/23,0,0,0,0,0,0,70000,2206
2019/4/24,0,0,595743,0,0,0,0,0
2019/4/25,0,0,55403,120000,0,546,0,11209
2019/4/26,0,0,69877,70000,0,874,10000,2636
2019/4/27,0,0,100435,90000,0,282,0,8385
2019/4/28,0,0,170787,250000,0,0,0,31568
2019/4/29,0,0,62008,0,0,605,0,15370
2019/4/30,0,0,68445,90000,0,195,0,4837
2019/5/1,0,0,119804,0,0,0,0,0
2019/5/2,0,0,249559,140000,0,546,0,83897
2019/5/3,0,0,220710,540000,0,0,0,31651
2019/5/4,0,0,195013,0,0,505,0,0
2019/5/5,0,0,149465,210000,0,236,130000,55706
2019/5/6,0,0,62791,160000,0,203,0,5518
2019/5/7,0,0,56197,80000,0,0,0,5653
2019/5/8,0,0,52746,70000,0,358,0,5410
2019/5/9,0,0,71257,100000,0,122,0,4503
2019/5/10,0,0,0,30000,0,167,0,10815
2019/5/11,0,0,177660,310000,0,147,0,20125
2019/5/12,0,0,210801,180000,0,201,0,35294
2019/5/13,0,0,164120,0,0,171,0,47857
2019/5/14,0,0,0,100000,0,168,0,4532
2019/5/15,0,0,135764,50000,0,163,20000,5093
2019/5/16,0,0,66798,1220000,0,149,0,9657
2019/5/17,0,0,76267,780000,0,147,0,12655
2019/5/18,0,0,123505,350000,0,174,0,11309
2019/5/19,0,0,232358,260000,0,161,0,45998
2019/5/20,0,0,0,0,0,0,0,0
2019/5/21,0,0,0,0,0,0,0,0
2019/5/22,0,0,324962,250000,0,387,0,30078
2019/5/23,0,0,68730,30000,0,78,0,4886
2019/5/24,0,0,68428,40000,0,85,0,7826
2019/5/25,0,0,106903,100000,0,96,0,4496
2019/5/26,0,0,217352,180000,0,100,0,27368
2019/5/27,0,0,183291,190000,0,146,0,31069
2019/5/28,0,0,67024,130000,0,117,0,11898
2019/5/29,0,0,63151,20000,0,113,0,3696
2019/5/30,0,0,66350,60000,0,67,0,6432
2019/5/31,0,0,75293,500000,0,88,0,2845
2019/6/1,0,0,120674,1240000,0,112,0,8415
2019/6/2,0,0,208821,540000,0,153,0,26122
2019/6/3,0,0,162872,120000,0,136,10000,26471
2019/6/4,0,0,61860,70000,0,98,0,2303
2019/6/5,0,0,67092,80000,0,91,0,7688
2019/6/6,0,0,76296,120000,0,86,0,9333
2019/6/7,0,0,129656,200000,0,95,0,42035
2019/6/8,0,0,273998,50000,0,112,0,29717
2019/6/9,0,0,199635,230000,0,93,0,20699
2019/6/10,0,0,152303,170000,0,100,0,23509
2019/6/11,0,0,66759,130000,0,95,0,7610
2019/6/12,0,0,66262,10000,0,135,0,1801
2019/6/13,0,0,83258,60000,0,95,0,4624
2019/6/14,0,0,70714,70000,0,73,0,6225
2019/6/15,0,0,99327,80000,0,58,0,21598
2019/6/16,0,0,184582,150000,0,74,0,0
2019/6/17,0,0,152148,0,0,54,0,0
2019/6/18,0,0,69720,0,0,97,0,0
2019/6/19,0,0,71467,0,0,55,0,0
2019/6/20,0,0,74792,0,0,37,0,0
2019/6/21,0,0,82334,0,0,39,0,0
2019/6/22,0,0,111117,0,0,65,0,0
2019/6/23,0,0,193682,0,0,77,0,0
2019/6/24,0,0,158107,0,0,57,0,0
2019/6/25,0,0,81428,0,0,48,0,0
2019/6/26,0,0,91116,0,0,27,0,0
2019/6/27,0,0,100147,0,0,25,0,0
2019/6/28,0,0,127354,0,0,41,0,0
2019/6/29,0,0,154459,0,0,35,0,0
2019/6/30,0,0,202902,0,0,51,0,0
2019/7/1,0,0,184771,0,0,56,0,0
2019/7/2,0,0,142704,0,0,37,0,0
2019/7/3,0,0,143191,0,0,34,0,0
2019/7/4,0,0,150132,0,0,32,0,0
2019/7/5,0,0,179346,0,0,38,0,0
2019/7/6,0,0,166931,0,0,32,0,0
2019/7/7,0,0,183960,0,0,53,0,0
2019/7/8,0,0,168849,0,0,37,0,0
2019/7/9,0,0,149428,0,0,36,0,0
2019/7/10,0,0,144950,0,0,36,0,0
2019/7/11,0,0,143471,0,0,38,0,0
2019/7/12,0,0,147155,0,0,39,0,0
2019/7/13,0,0,156003,0,0,38,0,0
2019/7/14,0,0,164513,0,0,30,0,0
2019/7/15,0,0,161279,0,0,39,0,0
2019/7/16,0,0,170993,0,0,41,0,0
2019/7/17,0,0,148111,0,0,54,0,0
2019/7/18,0,0,137967,0,0,118,0,0
2019/7/19,0,0,175427,0,0,116,0,0
2019/7/20,0,0,153280,0,0,91,0,0
2019/7/21,0,0,153136,0,0,86,0,0
2019/7/22,0,0,148919,0,0,78,0,0
2019/7/23,0,0,135735,0,0,90,0,0
2019/7/24,0,0,134808,0,0,82,0,0
2019/7/25,0,0,140940,0,0,112,0,0
2019/7/26,0,0,139105,0,0,466,0,0
2019/7/27,0,0,148139,0,0,367,0,0
2019/7/28,0,0,151180,0,0,412,0,0
2019/7/29,0,0,151974,0,0,317,0,0
2019/7/30,0,0,137541,0,0,300,0,0
2019/7/31,0,0,161718,0,0,270,0,0
2019/8/1,0,0,148061,0,0,249,0,0
2019/8/2,0,0,149237,0,0,255,0,0
2019/8/3,0,0,148364,0,0,191,0,0
2019/8/4,0,0,144195,0,0,183,0,0
2019/8/5,0,0,147690,0,0,187,0,0
2019/8/6,0,0,137771,0,0,193,0,0
2019/8/7,0,0,141748,0,0,241,0,0
2019/8/8,0,0,134222,0,0,171,0,0
2019/8/9,0,0,169815,0,0,383,0,0
2019/8/10,0,0,150787,0,0,1745,0,0
2019/8/11,0,0,154362,0,0,990,0,0
2019/8/12,0,0,164769,0,0,808,0,0
2019/8/13,0,0,145328,0,0,605,0,0
2019/8/14,0,0,167774,0,0,489,0,0
2019/8/15,0,0,144734,0,0,568,0,0
2019/8/16,0,0,150228,0,0,437,0,0
2019/8/17,0,0,140590,0,0,403,0,0
2019/8/18,0,0,132205,0,0,434,0,0
2019/8/19,0,0,141943,0,0,336,0,0
2019/8/20,0,0,130852,0,0,326,0,0
2019/8/21,0,0,125391,0,0,338,0,0
2019/8/22,0,0,126583,0,0,331,0,0
2019/8/23,0,0,126314,0,0,291,0,0
2019/8/24,0,0,131940,0,0,260,0,0
2019/8/25,0,0,139312,0,0,241,0,0
2019/8/26,0,0,133468,0,0,249,0,0
2019/8/27,0,0,121165,0,0,336,0,0
2019/8/28,0,0,121525,0,0,172,0,0
2019/8/29,0,0,116399,0,0,218,0,0
2019/8/30,0,0,129687,0,0,157,0,0
2019/8/31,0,0,134668,0,0,634,0,0
2019/9/1,0,0,140450,0,0,1600,0,0
2019/9/2,0,0,106143,0,0,967,0,0
2019/9/3,0,0,50096,0,0,517,0,0
2019/9/4,0,0,45703,0,0,458,0,0
2019/9/5,0,0,57162,0,0,271,0,0
2019/9/6,0,0,47023,0,0,271,0,0
2019/9/7,0,0,79079,0,0,286,0,0
2019/9/8,0,0,166381,0,0,408,0,0
2019/9/9,0,0,139719,0,0,337,0,0
2019/9/10,0,0,55667,0,0,223,0,0
2019/9/11,0,0,54784,0,0,233,0,0
2019/9/12,0,0,49803,0,0,223,0,0
2019/9/13,0,0,100291,0,0,213,0,0
2019/9/14,0,0,291451,0,0,349,0,0
2019/9/15,0,0,171812,0,0,243,0,0
2019/9/16,0,0,126618,0,0,250,0,0
2019/9/17,0,0,47769,0,0,162,0,0
2019/9/18,0,0,45764,0,0,152,0,0
2019/9/19,0,0,42615,0,0,159,0,0
2019/9/20,0,0,46685,0,0,150,0,0
2019/9/21,0,0,75647,0,0,140,0,0
2019/9/22,0,0,150755,0,0,176,0,0
2019/9/23,0,0,121248,0,0,161,0,0
2019/9/24,0,0,42920,0,0,112,0,0
2019/9/25,0,0,44556,0,0,104,0,0
2019/9/26,0,0,36609,0,0,121,0,0
2019/9/27,0,0,19288,0,0,107,0,0
2019/9/28,0,0,71030,0,0,167,0,0
2019/9/29,0,0,134724,0,0,184,0,0
2019/9/30,0,0,58368,0,0,107,0,0
2019/10/1,0,0,110122,0,0,151,0,0
2019/10/2,0,0,222238,0,0,239,0,0
2019/10/3,0,0,199252,0,0,200,0,0
2019/10/4,0,0,186369,0,0,212,0,0
2019/10/5,0,0,164440,0,0,141,0,0
2019/10/6,0,0,151041,0,0,111,0,0
2019/10/7,0,0,137213,0,0,147,0,0
2019/10/8,0,0,106203,0,0,109,0,0
2019/10/9,0,0,42988,0,0,121,0,0
2019/10/10,0,0,39409,0,0,87,0,0
2019/10/11,0,0,38777,0,0,68,0,0
2019/10/12,0,0,43314,0,0,100,0,0
2019/10/13,0,0,67995,0,0,80,0,0
2019/10/14,0,0,112229,0,0,99,0,0
2019/10/15,0,0,17503,0,0,82,0,0
2019/10/16,0,0,37805,0,0,77,0,0
2019/10/17,0,0,37582,0,0,93,0,0
2019/10/18,0,0,10248,0,0,96,0,0
2019/10/19,0,0,70884,0,0,92,0,0
2019/10/20,0,0,142362,0,0,94,0,0
2019/10/21,0,0,113555,0,0,100,0,0
2019/10/22,0,0,39438,0,0,84,0,0
2019/10/23,0,0,34430,0,0,84,0,0
2019/10/24,0,0,38210,0,0,88,0,0
2019/10/25,0,0,45252,0,0,96,0,0
2019/10/26,0,0,74497,0,0,619,0,0
2019/10/27,0,0,143941,0,0,989,0,0
2019/10/28,0,0,109326,0,0,635,0,0
2019/10/29,0,0,36806,0,0,397,0,0
2019/10/30,0,0,35748,0,0,266,0,0
2019/10/31,0,0,36553,0,0,262,0,0
2019/11/1,0,0,43329,0,0,300,0,0
2019/11/2,0,0,96343,0,0,266,0,0
2019/11/3,0,0,172800,0,0,371,0,0
2019/11/4,0,0,132423,0,0,356,0,0
2019/11/5,0,0,50383,0,0,220,0,0
2019/11/6,0,0,50590,117470011,0,198,15910000,11127054
2019/11/7,0,0,47929,94332,0,201,0,2138
2019/11/8,0,0,47411,86654,0,203,0,2492
2019/11/9,0,0,78509,102324,0,174,0,14256
2019/11/10,0,0,151819,147751,0,246,0,9209
2019/11/11,0,0,123347,207965,0,237,0,6749
2019/11/12,0,0,43346,117391,0,168,0,1980
2019/11/13,0,0,46921,58135,0,155,0,2520
2019/11/14,0,0,47042,51186,0,164,0,1867
2019/11/15,0,0,55508,50041,0,127,0,2020
2019/11/16,0,0,81604,72276,0,144,0,5255
2019/11/17,0,0,153703,124395,0,202,0,11902
2019/11/18,0,0,125595,132427,0,194,0,6900
2019/11/19,0,0,52209,69018,0,152,0,2253
2019/11/20,0,0,52617,35952,0,56,0,1964
2019/11/21,0,0,45544,35865,0,4,0,0
2019/11/22,0,0,47518,37427,0,15,0,0
2019/11/23,0,0,76321,55221,0,10,0,0
2019/11/24,0,0,148850,105674,0,0,0,0
2019/11/25,0,0,116921,112890,0,12,3957,0
2019/11/26,0,0,43071,59515,0,14,296043,22524
2019/11/27,0,0,41652,31658,0,12,244546,1779
2019/11/28,0,0,41072,34925,0,0,475454,3540
2019/11/29,0,0,44846,45745,0,11,330000,0
2019/11/30,0,0,85338,60248,0,0,270000,0
2019/12/1,0,0,162982,139374,0,0,320000,0
2019/12/2,0,0,125575,236648,0,0,500000,31238
2019/12/3,0,0,44861,56540,0,0,150000,1974
2019/12/4,0,0,42839,14024,0,0,290000,1217
2019/12/5,0,0,40994,37396,0,0,260000,1566
2019/12/6,0,50468038,39362,42554,0,0,320000,1339
2019/12/7,0,25264,76545,61603,0,0,280000,2320
2019/12/8,0,42690,139780,107523,0,0,246478,0
2019/12/9,0,36838,106499,107529,0,0,223522,9354
2019/12/10,0,17280,37158,56474,0,0,230000,950
2019/12/11,0,15098,39388,31513,0,0,260000,689
2019/12/12,0,13318,38241,647949,0,0,200000,1772
2019/12/13,0,135516,45335,695821,0,0,130000,4063
2019/12/14,0,169858,82799,408812,0,0,0,1664
2019/12/15,0,106484,158767,304502,0,0,0,7748
2019/12/16,0,122306,121607,159471,0,0,0,7887
2019/12/17,0,78698,47456,91211,0,0,0,2179
2019/12/18,0,46192,48175,97180,0,0,0,1916
2019/12/19,0,30278,49864,45861,0,0,60000,1810
2019/12/20,0,23922,45797,48957,0,0,50000,2206
2019/12/21,0,0,85033,137597,0,0,170000,2776
2019/12/22,0,77294,151994,158218,0,0,220000,9450
2019/12/23,0,42400,123495,139123,0,0,300000,6103
2019/12/24,0,24902,50157,76872,0,0,280000,2373
2019/12/25,0,22450,47454,48240,0,0,400000,2347
2019/12/26,0,24112,892,51490,0,0,430000,1652
2019/12/27,0,25208,51372,51220,0,0,510000,2829
2019/12/28,0,31694,80785,68706,0,0,170000,2339
2019/12/29,0,46006,152062,148094,0,0,0,5304
2019/12/30,0,46284,132068,142513,0,0,960000,6753
2019/12/31,0,31312,60991,77475,0,0,240000,1991
2020/1/1,0,39570,93826,84438,0,0,670000,6685
2020/1/2,0,38732,149197,112375,0,0,220000,2729
2020/1/3,0,21432,67553,85640,0,0,610000,2854
2020/1/4,0,25206,91636,174950,0,0,210000,2499
2020/1/5,0,38120,151752,0,0,0,320000,10213
2020/1/6,0,36312,128886,110399,0,0,380000,755
2020/1/7,0,24438,74088,74431,0,0,460000,2919
2020/1/8,0,26562,87642,70160,0,0,440000,6965
2020/1/9,0,30658,105215,752169,0,0,410000,8582
2020/1/10,0,81430,124657,906651,0,0,630000,12153
2020/1/11,0,64768,145345,408373,0,0,450000,11225
2020/1/12,0,65102,169605,206021,0,0,340000,0
2020/1/13,0,0,156041,148416,0,0,180000,6916
2020/1/14,0,110222,139174,138155,0,0,320000,4417
2020/1/15,0,46266,146271,148645,0,0,220000,4866
2020/1/16,0,52006,177415,92382,0,0,0,3493
2020/1/17,0,49654,157889,84495,0,0,0,5035
2020/1/18,0,51396,160780,188333,0,0,0,5391
2020/1/19,0,48618,159843,102918,0,0,0,6878
2020/1/20,0,53140,160215,73579,0,0,0,9355
2020/1/21,0,65354,161989,371741,0,0,0,4682
2020/1/22,0,52968,163161,165884,0,0,0,2908
2020/1/23,0,60616,166472,163596,0,0,0,4885
2020/1/24,0,63876,171729,196661,0,0,0,9038
2020/1/25,0,76218,211118,207225,0,0,0,7929
2020/1/26,0,79690,222390,215908,0,0,0,9479
2020/1/27,0,76190,196225,223960,0,0,0,3512
2020/1/28,0,76572,167067,190608,0,0,2150000,4300
2020/1/29,0,77034,156264,174932,0,0,940000,3402
2020/1/30,0,75398,141480,167309,0,0,1430000,2317
2020/1/31,0,70648,140081,155993,0,0,0,2523
2020/2/1,0,58096,143978,156445,0,0,0,2127
2020/2/2,0,50364,134361,149381,0,0,0,2098
2020/2/3,0,48446,136710,137082,0,0,1107988,0
2020/2/4,0,45152,131708,131288,0,0,0,5515
2020/2/5,0,43422,132694,129283,0,0,0,3126
2020/2/6,0,41642,129355,121372,0,0,0,2725
2020/2/7,0,43706,133744,128811,0,0,0,2783
2020/2/8,0,39718,126560,129045,0,0,0,0
2020/2/9,0,38174,135918,120441,0,0,0,0
2020/2/10,0,36274,127086,124760,0,0,0,10050
2020/2/11,0,36254,115023,119933,0,0,0,2988
2020/2/12,0,35300,120507,117633,0,0,0,3378
2020/2/13,0,33154,125514,119856,0,0,0,2083
2020/2/14,0,36058,121868,124194,0,0,0,2448
2020/2/15,0,34720,126711,124377,0,0,0,1932
2020/2/16,0,35152,117942,124289,0,0,0,2983
2020/2/17,0,35736,132015,120265,0,0,0,2172
2020/2/18,0,32556,113509,111125,0,0,0,3145
2020/2/19,0,30330,118933,117373,0,0,0,2601
2020/2/20,0,31618,115025,120915,0,0,0,6549
2020/2/21,0,31600,123095,131567,0,0,0,2955
2020/2/22,0,32584,153167,125536,0,0,0,2654
2020/2/23,0,34140,147582,129463,0,0,0,0
2020/2/24,0,36168,147862,127202,0,0,0,5492
2020/2/25,0,35826,133408,126628,0,0,0,3014
2020/2/26,0,31586,142511,120682,0,0,0,3706
2020/2/27,0,32680,128134,120018,0,0,0,3281
2020/2/28,0,33230,142343,121288,0,0,0,3154
2020/2/29,0,33352,144923,119370,0,0,0,4277
2020/3/1,0,34562,145525,119515,0,0,0,4192
2020/3/2,0,34640,132298,120542,0,0,0,7536
2020/3/3,0,32230,130767,120041,0,0,0,9746
2020/3/4,0,31908,127206,115507,0,0,0,6579
2020/3/5,0,31654,135945,107609,0,0,0,6380
2020/3/6,0,34218,129753,108153,0,0,0,20860
2020/3/7,0,34462,138783,115535,0,0,0,0
2020/3/8,0,34072,130263,112560,0,0,0,36542
2020/3/9,0,34990,131618,112427,0,0,0,24825
2020/3/10,0,34434,128324,116132,0,0,0,0
2020/3/11,0,32342,126895,118106,0,0,0,49466
2020/3/12,0,32702,126003,108164,0,0,0,20301
2020/3/13,0,32846,124324,111115,0,0,0,2064
2020/3/14,0,34118,131597,111292,0,0,0,0
2020/3/15,0,35436,135130,116915,0,0,0,0
2020/3/16,0,35288,129131,119619,0,0,0,31093
2020/3/17,0,44710,125701,116981,0,0,0,0
2020/3/18,0,44396,124439,125289,0,0,0,9254
2020/3/19,0,34330,127991,178755,0,0,0,5933
2020/3/20,0,35036,148032,67034,0,0,0,0
2020/3/21,0,33694,129711,119574,0,0,0,0
2020/3/22,0,35544,149755,121804,0,0,0,0
2020/3/23,0,34828,134046,121678,0,0,0,0
2020/3/24,0,32752,120865,114448,0,0,0,43934
2020/3/25,0,31962,118085,110010,0,0,0,12821
2020/3/26,0,31996,123712,124690,0,0,0,0
2020/3/27,0,32464,136743,146620,0,0,0,10810
2020/3/28,0,34846,126032,134436,0,0,0,15664
2020/3/29,0,34958,0,118068,0,0,0,2441
2020/3/30,0,34084,0,128191,0,0,0,3466
2020/3/31,0,32132,121922,118157,0,0,0,0
2020/4/1,0,33616,133328,114938,0,0,0,11065
2020/4/2,0,0,133154,706444,0,0,0,10676
2020/4/3,0,81360,140316,946740,0,0,0,12114
2020/4/4,0,122112,144497,638756,0,0,0,0
2020/4/5,0,79901,314987,410123,0,0,0,0
2020/4/6,0,72632,151518,175988,0,0,0,23010
2020/4/7,0,63647,147651,161476,0,0,0,0
2020/4/8,0,40230,145824,140169,0,0,0,12962
2020/4/9,0,30801,120912,627164,0,0,0,3649
2020/4/10,0,118348,0,1961424,0,0,0,0
2020/4/11,0,138806,0,1513417,0,0,0,0
2020/4/12,0,79429,0,199380,0,0,0,0
2020/4/13,0,48079,0,0,0,0,0,0
2020/4/14,0,41421,622439,345519,0,0,0,70613
2020/4/15,0,33753,131686,177137,0,0,0,15320
2020/4/16,0,30550,117983,17280,0,0,0,4102
2020/4/17,0,28155,118329,175524,0,0,0,7992
2020/4/18,0,24733,116878,172593,0,0,0,1842
2020/4/19,0,26237,133943,157488,0,0,0,8783
2020/4/20,0,25543,126542,235415,0,0,0,0
2020/4/21,0,22844,104498,65760,0,0,0,8592
2020/4/22,0,20526,102233,96421,0,0,0,14696
2020/4/23,0,19505,98237,107203,0,0,0,15108
2020/4/24,0,18513,100265,122523,0,0,0,19597
2020/4/25,0,19211,104251,96756,0,0,0,7854
2020/4/26,0,20074,124569,86196,0,0,0,9577
2020/4/27,0,17336,95740,117324,0,0,0,16442
2020/4/28,0,15678,103293,101118,0,0,0,32370
2020/4/29,0,15313,98225,101150,0,0,0,8301
2020/4/30,0,16638,111973,106499,0,0,0,6560
2020/5/1,0,20177,126906,125086,0,0,0,5596
2020/5/2,0,26073,175267,170587,0,0,0,10118
2020/5/3,0,23641,160352,208552,0,0,0,4465
2020/5/4,0,21294,143344,181833,0,0,400000,3355
2020/5/5,0,21410,138477,156019,0,0,660000,2852
2020/5/6,0,20325,117819,136992,0,0,660000,2965
2020/5/7,0,16450,108002,112571,0,0,460000,2815
2020/5/8,0,17223,98469,100209,0,0,670000,6512
2020/5/9,0,17668,100488,111748,0,0,700000,2681
2020/5/10,0,19514,108918,124356,0,0,490000,4314
2020/5/11,0,21699,133569,134466,0,0,700000,4317
2020/5/12,0,13792,86754,118513,0,0,720000,2935
2020/5/13,0,12504,86217,87358,0,0,660000,2783
2020/5/14,0,11870,91359,83093,0,0,470000,1750
2020/5/15,0,12073,85833,87375,0,0,550000,0
2020/5/16,0,14450,96221,101130,0,0,470000,0
2020/5/17,0,19941,145520,134575,0,0,450000,0
2020/5/18,0,17769,133073,143204,0,0,440000,0
2020/5/19,0,12458,82803,102568,0,0,300000,0
2020/5/20,0,11437,76964,76374,0,0,280000,0
2020/5/21,0,9792,80538,75006,0,0,410000,2367
2020/5/22,0,10932,84101,79561,0,0,390000,2485
2020/5/23,0,13115,105877,97075,0,0,420000,2305
2020/5/24,0,19631,163105,140529,0,0,360000,3451
2020/5/25,0,19149,140008,254653,0,0,500000,3901
2020/5/26,0,10214,81332,0,0,0,180000,2201
2020/5/27,0,9136,86178,64861,0,0,240000,1647
2020/5/28,0,9275,76751,594383,0,0,380000,1831
2020/5/29,0,11182,115219,768796,0,0,430000,3771
2020/5/30,0,54640,106359,439776,0,0,260000,4554
2020/5/31,0,164851,173903,266390,0,0,280000,6036
2020/6/1,0,70245,159943,165511,0,0,410000,7078
2020/6/2,0,33739,88687,110885,0,0,630000,3391
2020/6/3,0,17923,68592,88015,0,0,240000,1801
2020/6/4,0,15475,65629,63206,0,0,610000,1699
2020/6/5,0,15122,68697,23002,0,0,230000,2161
2020/6/6,0,18677,84426,94534,0,0,390000,1379
2020/6/7,0,27153,142577,126009,0,0,250000,3068
2020/6/8,0,22778,118103,142922,0,0,0,2804
2020/6/9,0,12098,59104,99309,0,0,540705,988
2020/6/10,0,10436,59318,64377,0,0,0,1410
2020/6/11,0,10901,55848,66247,0,0,0,998
2020/6/12,0,10206,56806,104536,0,0,951142,1482
2020/6/13,0,12949,74482,79760,0,0,0,1522
2020/6/14,0,21572,144804,143227,0,0,0,3252
2020/6/15,0,19382,121963,165554,0,0,0,3646
2020/6/16,0,9516,55970,99318,0,0,1238153,1462
2020/6/17,0,9130,54545,64250,0,0,980000,1351
2020/6/18,0,8937,55880,60827,0,0,456924,1476
2020/6/19,0,8926,61918,70832,0,0,0,1833
2020/6/20,0,11778,74117,73528,0,0,813076,2019
2020/6/21,0,18384,142647,128445,0,0,0,3192
2020/6/22,0,16517,116141,189434,0,0,0,0
2020/6/23,0,9368,61113,85717,0,0,775984,6561
2020/6/24,0,9562,61896,45506,0,0,0,1469
2020/6/25,0,13654,88244,85081,0,0,584016,1889
2020/6/26,0,22662,169030,141294,0,0,0,3851
2020/6/27,0,18811,129336,186401,0,0,0,3310
2020/6/28,0,15820,107034,159399,0,0,1040000,2353
2020/6/29,0,9653,63287,91082,0,0,0,1553
2020/6/30,0,9030,85413,39024,0,0,0,1471
2020/7/1,0,9448,65404,76972,0,0,0,1793
2020/7/2,0,10107,70012,129652,0,0,0,2214
2020/7/3,0,12787,80022,73731,0,0,0,1875
2020/7/4,0,14052,88229,180710,0,0,624196,2806
2020/7/5,0,20359,162420,101533,0,0,0,4353
2020/7/6,0,19219,132797,106831,0,0,0,4719
2020/7/7,0,14099,101043,80808,0,0,0,1500
2020/7/8,0,13366,96885,10385,0,0,0,1745
2020/7/9,0,12875,93030,89292,0,0,0,1598
2020/7/10,0,14159,99967,90475,0,0,0,1845
2020/7/11,0,14565,103795,102122,0,0,0,1761
2020/7/12,0,18191,144757,0,0,0,0,2347
2020/7/13,0,17176,135714,257371,0,0,0,2297
2020/7/14,0,14222,104930,102929,0,0,0,2703
2020/7/15,0,12791,113986,102421,0,0,2840000,1843
2020/7/16,0,17602,115757,456360,0,0,0,1755
2020/7/17,0,97250,139934,950806,0,0,0,8330
2020/7/18,0,112104,146710,410346,0,0,0,4988
2020/7/19,0,55128,160962,240867,0,0,1590000,8746
2020/7/20,0,43446,202957,203422,0,0,0,4110
2020/7/21,0,28711,162942,125777,0,0,0,0
2020/7/22,0,23284,140212,118943,0,0,62030000,6043
2020/7/23,0,22725,129515,117384,0,0,0,0
2020/7/24,0,20664,126235,47778,0,0,0,0
2020/7/25,0,21371,119484,129699,0,0,0,8640
2020/7/26,0,19528,155878,139878,0,0,0,0
2020/7/27,0,20986,159953,155482,0,0,0,0
2020/7/28,0,18344,118137,110493,0,0,0,0
2020/7/29,0,16532,115451,110590,0,0,0,0
2020/7/30,0,17919,110287,97675,0,0,0,0
2020/7/31,0,18479,111537,126206,0,0,60970000,0
2020/8/1,0,19223,111887,112579,0,0,0,0
2020/8/2,0,20058,129046,122898,0,0,0,0
2020/8/3,0,19279,164294,136688,0,0,0,0
2020/8/4,0,17828,148931,103626,0,0,0,0
2020/8/5,0,16401,115040,104020,0,0,0,0
2020/8/6,0,15472,113510,232454,0,0,1552,41654
2020/8/7,0,16337,116216,112068,0,0,0,0
2020/8/8,0,16221,141398,147211,0,0,0,0
2020/8/9,0,15789,144806,164849,0,0,9360000,0
2020/8/10,0,15828,142957,144148,0,0,0,0
2020/8/11,0,15271,135680,144166,0,0,0,0
2020/8/12,0,14633,133128,138529,0,0,0,0
2020/8/13,0,15687,137768,137520,0,0,0,0
2020/8/14,0,16151,118208,159557,0,0,0,0
2020/8/15,0,15224,122575,155720,0,0,0,0
2020/8/16,0,15629,116596,164337,0,0,0,0
2020/8/17,0,15693,120429,162337,0,0,0,0
2020/8/18,0,15468,112016,164079,0,0,0,0
2020/8/19,0,15612,114657,156234,0,0,0,0
2020/8/20,0,14879,113150,162784,0,0,0,52041
2020/8/21,0,17488,117671,157642,0,0,0,1845
2020/8/22,0,16120,109555,153827,0,0,3322305,3095
2020/8/23,0,15733,111629,157833,0,0,0,2182
2020/8/24,0,15089,115883,148078,0,0,410787,2280
2020/8/25,0,14557,112685,138597,0,0,146908,1647
2020/8/26,0,13878,107255,144393,0,0,340000,3183
2020/8/27,0,14140,105156,131873,0,0,330000,1703
2020/8/28,0,0,115778,163378,0,0,0,3505
2020/8/29,0,15090,147044,166635,0,0,580000,2985
2020/8/30,0,29302,111539,152783,0,0,0,2133
2020/8/31,0,13538,97953,135383,0,0,0,3072
2020/9/1,0,0,75737,105533,0,0,810000,1601
2020/9/2,0,24861,43210,69377,0,0,0,0
2020/9/3,0,0,37397,113846,0,0,0,3895
2020/9/4,0,5969,28823,104933,0,11091,0,1470
2020/9/5,0,8114,40706,148488,0,0,840000,2832
2020/9/6,0,14307,78871,135627,0,17,0,4778
2020/9/7,0,12888,70084,88264,0,0,0,3116
2020/9/8,0,5955,28297,72680,0,0,0,2552
2020/9/9,0,6335,29417,64735,0,0,0,1839
2020/9/10,0,6302,27533,71547,0,0,0,1414
2020/9/11,0,7163,29415,79360,0,36,0,978
2020/9/12,0,9661,45168,146473,0,0,0,1362
2020/9/13,0,17274,95351,123444,0,15,0,3879
2020/9/14,0,13356,74601,74081,0,0,0,4064
2020/9/15,0,5797,26720,62262,0,0,0,901
2020/9/16,0,5485,3660,61818,0,23,0,1022
2020/9/17,0,0,30031,61654,0,0,0,866
2020/9/18,0,0,26671,80358,0,12,0,1126
2020/9/19,0,0,41767,145431,0,0,0,2162
2020/9/20,0,0,96980,110563,0,0,0,5752
2020/9/21,0,0,96730,58546,0,0,0,1468
2020/9/22,0,49476,36263,42449,0,23,0,1740
2020/9/23,0,4447,32721,52135,0,0,0,622
2020/9/24,0,4677,32268,52254,0,0,0,874
2020/9/25,0,6154,37860,64687,0,0,0,3324
2020/9/26,0,8311,47832,100952,0,0,0,2775
2020/9/27,0,15611,84839,55199,0,0,0,5379
2020/9/28,0,5940,34964,44441,0,0,0,1547
2020/9/29,0,5416,32860,44755,0,0,4389051,991
2020/9/30,0,5431,34956,86899,0,0,0,872
2020/10/1,0,12313,70839,171572,0,0,290000,2264
2020/10/2,0,22647,157194,148051,0,0,0,6727
2020/10/3,0,0,142182,130876,0,0,0,4756
2020/10/4,0,16654,117191,110797,0,0,0,5035
2020/10/5,0,14397,100572,104128,0,0,0,4927
2020/10/6,0,12841,89627,87438,0,0,0,4931
2020/10/7,0,12007,85891,82013,0,0,0,3289
2020/10/8,0,10947,79614,70871,0,0,0,4462
2020/10/9,0,27105,66825,35644,0,0,0,3913
2020/10/10,0,4435,28124,43846,0,0,0,937
2020/10/11,0,5949,58057,66481,0,0,0,1133
2020/10/12,0,13222,62372,32668,0,0,0,2818
2020/10/13,0,4420,24363,26656,0,0,0,1489
2020/10/14,0,4330,24845,34327,0,0,0,1979
2020/10/15,0,4285,26147,30373,0,0,0,1933
2020/10/16,0,4632,37219,218576,0,0,0,1238
2020/10/17,0,7182,44128,1021898,0,0,0,902
2020/10/18,0,13278,84145,250960,0,0,0,1406
2020/10/19,0,10576,67918,106685,0,0,0,1866
2020/10/20,0,4165,30391,61660,0,0,0,726
2020/10/21,0,4066,28447,53172,0,0,0,1290
2020/10/22,0,4062,25615,56316,0,131,0,657
2020/10/23,0,4911,51699,71126,0,0,0,699
2020/10/24,0,7192,37388,111774,0,0,0,538
2020/10/25,0,13516,88027,110011,0,0,0,3082
2020/10/26,0,10321,72375,58600,0,0,0,3131
2020/10/27,0,4059,32402,41860,0,0,0,0
2020/10/28,0,3925,27289,42610,0,18,3430000,1179
2020/10/29,0,3847,30367,42308,0,0,0,1283
2020/10/30,0,0,32247,223250,0,0,0,1842
2020/10/31,0,66952,53335,784473,0,0,0,1457
2020/11/1,0,0,80532,203674,0,0,0,3881
2020/11/2,0,0,62351,84126,0,0,0,1642
2020/11/3,0,187131,26215,52384,0,0,0,448
2020/11/4,0,9318,28368,44149,0,0,0,366
2020/11/5,0,8149,32684,46841,0,0,0,380
2020/11/6,0,7145,37415,67665,0,0,0,920
2020/11/7,0,0,45386,99254,0,0,0,1212
2020/11/8,0,18751,76389,98234,0,0,0,2609
2020/11/9,0,26121,62019,48355,0,0,0,2280
2020/11/10,0,7201,23141,34679,0,0,2260000,695
2020/11/11,0,6658,22921,37482,0,0,0,499
2020/11/12,0,5561,4753,36911,0,0,0,481
2020/11/13,0,6494,22497,59298,0,0,3310000,412
2020/11/14,0,9096,14453,91889,0,0,0,693
2020/11/15,0,0,34455,83017,0,0,0,1178
2020/11/16,0,29600,56161,40821,0,0,0,1131
2020/11/17,0,0,20807,33768,0,0,0,468
2020/11/18,0,0,945,32151,0,0,0,275
2020/11/19,0,0,5566,36905,0,0,0,354
2020/11/20,0,0,2556,46847,0,0,0,993
2020/11/21,0,0,34166,90078,0,0,400000,735
2020/11/22,0,0,40591,89692,0,0,0,2321
2020/11/23,0,0,67395,38935,0,0,0,1086
2020/11/24,0,66405,36150,30542,0,0,0,168
2020/11/25,0,0,26697,22641,0,0,0,194
2020/11/26,0,0,32672,43325,0,0,0,269
2020/11/27,0,0,26888,46526,0,0,0,274
2020/11/28,0,0,13692,81736,0,0,0,352
2020/11/29,0,0,46435,35194,0,0,0,1920
2020/11/30,0,0,71927,34800,0,0,0,1694
2020/12/1,0,0,30683,31328,0,0,0,452
2020/12/2,0,0,82159,92902,0,0,0,378
2020/12/3,0,0,116891,44818,0,0,0,385
2020/12/4,0,0,108573,45629,0,1376,1142362,1389
2020/12/5,0,0,38938,79991,0,0,0,810
2020/12/6,0,0,95236,73404,0,0,0,1878
2020/12/7,0,0,195265,47715,0,0,0,1150
2020/12/8,0,0,91962,29354,0,0,0,350
2020/12/9,0,0,50717,30127,0,125,0,437
2020/12/10,0,0,64861,29027,0,0,71255,490
2020/12/11,0,133943,44777,50932,0,0,0,456
2020/12/12,0,10295,30341,91401,0,0,0,676
2020/12/13,0,20205,51711,82112,0,0,0,1000
2020/12/14,0,10874,90101,36560,0,0,0,1698
2020/12/15,0,5353,38338,336617,0,131,0,314
2020/12/16,0,5134,35274,27885,0,0,378745,336
2020/12/17,0,9908,37483,28451,0,0,0,394
2020/12/18,0,5325,33511,38568,0,0,180000,408
2020/12/19,0,7734,18185,84179,0,137,0,459
2020/12/20,0,15506,39145,71553,0,0,30000,661
2020/12/21,0,11362,71239,33931,0,0,100000,524
2020/12/22,0,4572,33673,26805,0,0,90000,234
2020/12/23,0,4325,31757,25923,0,107,0,335
2020/12/24,0,4423,30129,26121,0,0,0,223
2020/12/25,0,5110,5004,38936,0,0,80000,308
2020/12/26,0,7203,12977,67707,0,0,0,306
2020/12/27,0,13294,35370,713313,0,0,0,573
2020/12/28,0,10838,64678,164477,0,0,0,598
2020/12/29,0,5035,33254,64085,0,0,560000,187
2020/12/30,0,5504,33167,52503,0,0,0,330
2020/12/31,0,5428,3234,70120,0,0,0,231
2021/1/1,0,11010,20114,114858,0,0,0,405
2021/1/2,0,17358,20148,106796,0,0,0,683
2021/1/3,0,14322,63254,77973,0,0,0,982
2021/1/4,0,9969,44243,39291,0,0,10000,589
2021/1/5,0,5877,25889,32882,0,0,0,155
2021/1/6,0,4975,28306,30062,0,0,0,183
2021/1/7,0,5851,5229,36369,0,0,300000,260
2021/1/8,0,6218,18501,35737,0,0,100000,580
2021/1/9,0,8283,79136,88711,0,0,70000,394
2021/1/10,0,13650,42947,83509,0,0,0,531
2021/1/11,0,11839,101377,41246,0,0,0,1242
2021/1/12,0,6315,61478,23886,0,0,180000,292
2021/1/13,0,6467,59501,33159,0,0,0,555
2021/1/14,0,6817,5785,43663,0,0,0,340
2021/1/15,0,40238,19600,197778,0,0,460000,354
2021/1/16,0,54226,90900,562047,0,0,0,440
2021/1/17,0,61201,38254,213578,0,0,290000,775
2021/1/18,0,63745,118963,78709,0,0,0,594
2021/1/19,0,27561,74075,59632,0,0,0,755
2021/1/20,0,16585,1483,72727,0,0,94666,631
2021/1/21,0,16634,10725,81007,0,0,0,432
2021/1/22,0,18530,13168,73655,0,0,0,856
2021/1/23,0,19460,16767,126627,0,0,0,695
2021/1/24,0,21376,12109,71539,0,0,0,665
2021/1/25,0,19820,114286,92117,0,0,0,572
2021/1/26,0,17933,102768,63265,0,0,0,609
2021/1/27,0,16455,3698,99648,0,0,0,650
2021/1/28,0,15338,4117,77340,0,0,0,733
2021/1/29,0,16634,6589,93975,0,0,0,1447
2021/1/30,0,16561,111332,64708,0,0,0,975
2021/1/31,0,16988,117653,104817,0,0,0,744
2021/2/1,0,17415,114471,127417,0,0,0,1614
2021/2/2,0,18406,92227,208234,0,0,0,876
2021/2/3,0,16776,50852,85508,0,0,0,362
2021/2/4,0,17356,138507,86338,0,0,0,861
2021/2/5,0,17747,6031,96991,0,0,0,1974
2021/2/6,0,16821,141956,88210,0,0,0,1550
2021/2/7,0,16112,143418,155137,0,0,300000,1527
2021/2/8,0,17930,145018,112824,0,0,0,944
2021/2/9,0,17372,140379,47167,0,0,370000,1702
2021/2/10,0,17033,1842,138175,0,0,0,664
2021/2/11,0,18135,143711,71919,0,0,0,495
2021/2/12,0,24333,27303,154967,0,0,0,1807
2021/2/13,0,20922,158693,83106,0,0,810000,1102
2021/2/14,0,19064,161920,156127,0,0,0,818
2021/2/15,0,17154,156221,203256,0,0,0,790
2021/2/16,0,17648,143265,139688,0,0,0,400
2021/2/17,0,16261,130043,70875,0,0,0,430
2021/2/18,0,15026,119456,79359,0,0,0,443
2021/2/19,0,14746,113850,194187,0,0,1390000,1419
2021/2/20,0,14201,107275,76807,0,0,0,1698
2021/2/21,0,13423,103698,64114,0,0,0,760
2021/2/22,0,12660,100859,183634,0,0,220000,381
2021/2/23,0,11587,94976,76569,0,0,390000,429
2021/2/24,0,14384,131197,77468,0,0,0,1300
2021/2/25,0,12856,94077,104561,0,0,530000,1208
2021/2/26,0,13269,96942,58301,0,0,0,926
2021/2/27,0,14285,89858,71003,0,0,330000,845
2021/2/28,0,14898,89305,66739,0,0,160000,679
2021/3/1,0,12008,72287,50371,0,0,0,726
2021/3/2,0,6430,32185,25773,0,0,0,555
2021/3/3,0,5753,29333,30753,0,0,0,554
2021/3/4,0,5651,8792,26071,0,0,690000,681
2021/3/5,0,5606,34599,53389,0,0,0,677
2021/3/6,0,9213,7393,56669,0,0,260000,446
2021/3/7,0,17503,35465,124270,0,0,0,458
2021/3/8,0,14494,61699,4892,0,0,0,337
2021/3/9,0,6828,33262,14090,0,0,320000,173
2021/3/10,0,6294,25806,34856,0,0,30000,0
2021/3/11,0,6091,24778,30849,0,0,0,338
2021/3/12,0,6101,1544,67117,0,0,0,443
2021/3/13,0,10036,17222,54378,0,0,0,0
2021/3/14,0,18337,40823,120850,0,0,0,1282
2021/3/15,0,13427,63797,25632,0,0,0,396
2021/3/16,0,0,26598,22980,0,0,0,0
2021/3/17,0,11650,24032,20353,0,0,30000,2120
2021/3/18,0,5789,23420,37112,0,0,160000,251
2021/3/19,0,6587,22460,32271,0,0,0,682
2021/3/20,0,9023,14038,104377,0,0,0,273
2021/3/21,0,17914,37600,57604,0,0,0,396
2021/3/22,0,0,58239,31987,0,0,0,364
2021/3/23,0,19746,20992,12771,0,0,0,141
2021/3/24,0,5023,19391,21854,0,0,178,170
2021/3/25,0,58349,1384,22319,0,0,0,190
2021/3/26,0,82468,7297,64477,0,0,0,3895
2021/3/27,0,44361,12063,546469,0,0,10000,3468
2021/3/28,0,0,40680,291656,0,0,0,2768
2021/3/29,0,70844,76358,72475,0,0,0,1753
2021/3/30,0,0,28854,43361,0,0,0,496
2021/3/31,0,21017,23272,32756,0,0,0,838
2021/4/1,0,0,27454,50595,0,0,0,455
2021/4/2,0,16081,26578,32577,0,0,0,998
2021/4/3,0,0,18838,150722,0,0,0,3042
2021/4/4,0,0,48173,112203,0,0,0,2783
2021/4/5,0,0,78734,79615,0,0,0,1375
2021/4/6,0,0,57526,62695,0,0,444,1373
2021/4/7,0,0,20616,42463,0,0,0,2471
2021/4/8,0,276215,21272,38717,0,0,0,450
2021/4/9,0,0,35315,40674,0,0,0,638
2021/4/10,0,38274,35343,87509,0,0,0,808
2021/4/11,0,0,34260,59119,0,0,0,568
2021/4/12,0,0,57021,46133,0,0,0,741
2021/4/13,0,41471,20603,19662,0,0,0,312
2021/4/14,0,0,2483,32341,0,0,0,88
2021/4/15,0,14762,4677,25602,0,0,0,0
2021/4/16,0,0,26309,47404,0,0,0,0
2021/4/17,0,0,14156,89238,0,0,0,0
2021/4/18,0,16847,31664,58154,0,0,0,0
2021/4/19,0,31838,54168,34144,0,0,0,0
2021/4/20,0,0,20262,24568,0,0,0,0
2021/4/21,0,0,21729,31599,0,0,0,0
2021/4/22,0,0,20783,17257,0,0,444,84
2021/4/23,0,0,20524,28246,0,0,0,468
2021/4/24,0,0,11855,93656,0,0,0,916
2021/4/25,0,0,23145,27297,0,0,0,541
2021/4/26,0,0,22093,17073,0,0,0,180
2021/4/27,0,57049,19499,20727,0,0,0,185
2021/4/28,0,0,19352,18471,0,0,0,179
2021/4/29,0,0,19367,32316,0,0,0,207
2021/4/30,0,0,2760,28812,0,0,0,277
2021/5/1,0,0,18691,92880,0,0,0,375
2021/5/2,0,0,41097,68626,0,0,0,657
2021/5/3,0,0,76394,118370,0,0,0,983
2021/5/4,0,0,70527,53699,0,0,0,663
2021/5/5,0,0,60625,81063,0,0,0,390
2021/5/6,0,132319,43990,23355,0,0,0,291
2021/5/7,0,7161,18808,22549,0,0,0,96
2021/5/8,0,6416,18871,7835,0,0,0,167
2021/5/9,0,0,38033,69749,0,0,0,313
2021/5/10,0,21459,50872,20699,0,0,0,380
2021/5/11,0,0,93868,17818,0,0,0,229
2021/5/12,0,0,42210,10749,0,0,0,168
2021/5/13,0,16362,147720,28052,0,0,0,186
2021/5/14,0,0,104127,107943,0,0,0,237
2021/5/15,0,0,158898,504877,0,0,0,240
2021/5/16,0,0,203887,229862,0,0,0,557
2021/5/17,0,230693,279067,77605,0,0,0,512
2021/5/18,0,16175,194955,49548,0,0,0,171
2021/5/19,0,10425,104703,36251,0,0,0,175
2021/5/20,0,8103,74029,30709,0,0,0,183
2021/5/21,0,7384,26282,22349,0,0,0,324
2021/5/22,0,9500,71784,91640,0,0,0,363
2021/5/23,0,16851,70182,82838,0,0,0,610
2021/5/24,0,15345,378794,33971,0,0,0,520
2021/5/25,0,8636,111583,21818,0,0,0,189
2021/5/26,0,7111,405495,28243,0,0,0,169
2021/5/27,0,11292,154302,39052,0,0,444,348
2021/5/28,0,6042,287131,20322,0,0,0,740
2021/5/29,0,8498,154489,89558,0,0,0,300
2021/5/30,0,16642,238505,82909,0,0,0,502
2021/5/31,0,15576,299671,22657,0,0,0,474
2021/6/1,0,7785,44535,38315,0,0,0,286
2021/6/2,0,7992,67200,34148,0,0,0,221
2021/6/3,0,5903,158093,24355,0,0,0,152
2021/6/4,0,5982,188210,18194,0,0,0,260
2021/6/5,0,8700,119624,95812,0,0,0,264
2021/6/6,0,16405,266718,72108,0,0,0,471
2021/6/7,0,14388,312431,33543,0,0,0,413
2021/6/8,0,7772,176800,14876,0,0,0,175
2021/6/9,0,7853,241154,30106,0,0,0,184
2021/6/10,0,8106,128167,34734,0,0,0,506
2021/6/11,0,8458,171652,16472,0,0,0,404
2021/6/12,0,9936,135151,76449,0,0,0,251
2021/6/13,0,17921,141598,98416,0,0,0,717
2021/6/14,0,18407,277846,74505,0,0,0,499
2021/6/15,0,15625,738764,18808,0,0,0,426
2021/6/16,0,7794,304583,23016,0,0,0,232
2021/6/17,0,7977,269884,37243,0,0,0,282
2021/6/18,0,45307,78706,50871,0,0,0,539
2021/6/19,0,54288,159470,474039,0,0,0,478
2021/6/20,0,53783,227604,277035,0,0,0,656
2021/6/21,0,48122,256164,96638,0,0,0,588
2021/6/22,0,31173,376601,56007,0,0,0,474
2021/6/23,0,15270,337679,51707,0,0,0,609
2021/6/24,0,11877,266277,51513,0,0,0,373
2021/6/25,0,11333,219319,70185,0,0,444,580
2021/6/26,0,13530,178932,416527,0,0,0,426
2021/6/27,0,18876,311927,235279,0,0,444,653
2021/6/28,0,16994,259219,98583,0,0,0,517
2021/6/29,0,12661,208778,66700,0,0,0,464
2021/6/30,0,13017,46791,64733,0,0,444,453
2021/7/1,0,15419,113200,76985,0,0,0,342
2021/7/2,0,15809,275217,78876,0,0,0,685
2021/7/3,0,16633,312127,91183,0,0,0,577
2021/7/4,0,0,426383,91957,0,0,0,1015
2021/7/5,0,39091,385208,69139,0,0,0,565
2021/7/6,0,18075,303927,65726,0,0,0,319
2021/7/7,0,16531,240729,71172,0,0,444,340
2021/7/8,0,15947,121114,73502,0,0,0,348
2021/7/9,0,16932,210189,70630,0,0,444,637
2021/7/10,0,16606,454998,83513,0,0,0,485
2021/7/11,0,0,334561,72608,0,0,0,486
2021/7/12,0,16963,404624,51281,0,0,0,379
2021/7/13,0,33573,473055,80405,0,0,0,390
2021/7/14,0,16631,374799,69869,0,0,0,378
2021/7/15,0,16662,301785,66293,0,0,444,348
2021/7/16,0,15964,186583,66648,0,0,0,410
2021/7/17,0,16939,191910,76430,0,0,0,563
2021/7/18,0,17611,131586,75130,0,0,0,514
2021/7/19,0,19247,461363,63982,0,0,0,492
2021/7/20,0,19365,601438,65798,0,0,0,566
2021/7/21,0,17096,397003,66019,0,0,0,427
2021/7/22,0,14771,463323,63263,0,0,0,73
2021/7/23,0,15233,194068,67204,0,0,0,0
2021/7/24,0,14329,133540,62891,0,0,0,943
2021/7/25,0,15193,328367,67109,0,0,0,380
2021/7/26,0,16256,196973,63510,0,0,0,392
2021/7/27,0,16918,318182,58963,0,0,0,492
2021/7/28,0,16492,188686,63435,0,0,0,0
2021/7/29,0,15085,64901,65926,0,0,0,0
2021/7/30,0,15152,256935,61247,0,0,0,0
2021/7/31,0,15621,380785,66255,0,0,0,0
2021/8/1,0,17927,445584,69947,0,0,0,0
2021/8/2,0,16820,316415,64305,0,0,0,2807
2021/8/3,0,15972,318421,63657,0,0,0,0
2021/8/4,0,15835,378761,63235,0,0,0,0
2021/8/5,0,15843,189074,100204,0,0,444,1830
2021/8/6,0,0,193668,77184,0,0,0,0
2021/8/7,0,113986,265693,487653,0,0,0,1223
2021/8/8,0,48246,537189,242809,0,0,0,0
2021/8/9,0,68293,333594,121342,0,0,0,0
2021/8/10,0,56106,405528,130813,0,0,0,0
2021/8/11,0,22033,343983,81443,0,0,0,0
2021/8/12,0,19457,409538,113621,0,0,0,0
2021/8/13,0,19790,403260,71960,0,0,0,0
2021/8/14,0,18549,346060,93890,0,0,0,0
2021/8/15,0,18727,801941,88718,0,0,0,4599
2021/8/16,0,22820,450798,76163,0,0,0,0
2021/8/17,0,27307,514840,83801,0,0,0,1113
2021/8/18,0,20693,508575,60753,0,0,0,0
2021/8/19,0,16649,256436,94383,0,0,0,0
2021/8/20,0,45856,209129,258444,0,0,0,1673
2021/8/21,0,46598,322459,495010,0,0,0,0
2021/8/22,0,48058,259247,159869,0,0,0,0
2021/8/23,0,56969,553370,175487,0,0,0,0
2021/8/24,0,58943,64854,119571,0,0,0,1988
2021/8/25,0,24550,244429,101311,0,0,0,595
2021/8/26,0,17101,305523,96442,0,0,0,0
2021/8/27,0,44669,299641,86927,0,0,0,0
2021/8/28,0,49984,237466,480585,0,0,0,0
2021/8/29,0,46966,464090,174301,0,0,0,2539
2021/8/30,0,51137,463125,118899,0,0,0,859
2021/8/31,0,41268,255523,90572,0,0,0,0
2021/9/1,0,15870,112900,88251,0,0,0,0
2021/9/2,0,13720,250639,62508,0,0,0,0
2021/9/3,0,35682,126816,180991,0,0,0,2084
2021/9/4,0,33053,477673,462514,0,0,0,326
2021/9/5,0,37989,292972,188840,0,0,0,0
2021/9/6,0,44794,275477,95274,0,0,0,0
2021/9/7,0,33554,315771,52364,0,0,0,0
2021/9/8,0,16863,366860,44596,0,0,0,0
2021/9/9,0,9182,56749,49182,0,0,0,1386
2021/9/10,0,9043,76101,62313,0,0,0,732
2021/9/11,0,13980,143799,106331,0,0,0,0
2021/9/12,0,24417,298379,95314,0,0,0,0
2021/9/13,0,27215,417447,43345,0,0,0,0
2021/9/14,0,20057,183970,32338,0,0,0,0
2021/9/15,0,10852,121530,29943,0,0,0,0
2021/9/16,0,6833,182663,28627,0,0,444,0
2021/9/17,0,6910,124966,34606,0,0,0,0
2021/9/18,0,7221,139300,51719,0,0,0,1784
2021/9/19,0,47848,136923,111136,0,0,0,0
2021/9/20,0,80071,314735,509798,0,0,0,0
2021/9/21,0,73659,340231,197421,0,0,0,0
2021/9/22,0,47914,670532,91061,0,0,0,0
2021/9/23,0,18505,339395,66538,0,0,0,0
2021/9/24,0,8291,374395,130169,0,0,0,0
2021/9/25,0,9036,162014,73752,0,0,0,0
2021/9/26,0,13747,294582,46826,0,0,0,0
2021/9/27,0,8965,21535,39758,0,0,0,0
2021/9/28,0,7459,148171,33025,0,0,0,0
2021/9/29,0,5330,15744,29525,0,0,0,0
2021/9/30,0,5674,78332,56012,0,0,0,0
2021/10/1,0,11940,145482,163294,0,0,0,4997
2021/10/2,0,20600,235937,108067,0,0,0,0
2021/10/3,0,18063,495750,93394,0,0,0,0
2021/10/4,0,17495,433658,80021,0,0,0,0
2021/10/5,0,0,602516,128310,0,0,0,0
2021/10/6,0,19294,449085,58920,0,0,0,0
2021/10/7,0,16482,462112,55360,0,0,0,0
2021/10/8,0,30599,407762,25658,0,0,0,0
2021/10/9,0,5881,210045,28986,0,0,0,0
2021/10/10,0,6580,129262,46474,0,0,0,0
2021/10/11,0,9276,178044,16808,0,0,0,4531
2021/10/12,0,5047,199292,16800,0,0,0,139
2021/10/13,0,64113,121291,29752,0,0,0,160
2021/10/14,0,54797,192797,404822,0,0,0,165
2021/10/15,0,17216,34197,171408,0,0,0,1362
2021/10/16,0,23734,70412,113522,0,0,0,1186
2021/10/17,0,27872,246089,136244,0,0,0,0
2021/10/18,0,20849,216019,49483,0,0,0,0
2021/10/19,0,7107,275080,31315,0,0,0,0
2021/10/20,0,5806,95623,20509,0,0,0,0
2021/10/21,0,5231,12986,22822,0,0,0,0
2021/10/22,0,4588,27928,21349,0,0,0,0
2021/10/23,0,8062,92236,56210,0,0,0,4041
2021/10/24,0,14909,157586,84193,0,0,0,0
2021/10/25,0,12241,98271,18402,0,0,0,0
2021/10/26,0,5167,367163,23476,0,0,0,0
2021/10/27,0,4820,128934,15308,0,0,0,1427
2021/10/28,0,4852,23243,26382,0,0,0,0
2021/10/29,0,6934,31556,48748,0,0,0,0
2021/10/30,0,10691,58008,61133,0,0,0,0
2021/10/31,0,17284,82354,83056,0,0,0,0
2021/11/1,0,12868,309295,20704,0,0,0,3956
2021/11/2,0,5501,170929,22768,0,0,0,609
2021/11/3,0,4971,186870,25369,0,0,0,199
2021/11/4,0,4699,195316,20367,0,0,0,257
2021/11/5,0,27260,53701,108709,0,0,0,0
2021/11/6,0,26212,108675,350599,0,0,0,0
2021/11/7,0,36496,166628,164221,0,0,0,0
2021/11/8,0,35241,208631,66855,0,0,0,0
2021/11/9,0,21791,324439,46930,0,0,0,0
2021/11/10,0,13003,90279,31637,0,0,0,3126
2021/11/11,0,7735,28703,59050,0,0,0,492
2021/11/12,0,26384,32970,35126,0,0,0,0
2021/11/13,0,49108,61964,417444,0,0,0,0
2021/11/14,0,44869,173360,150941,0,0,0,0
2021/11/15,0,45213,267535,65894,0,0,0,2180
2021/11/16,0,26549,284797,42446,0,0,0,0
2021/11/17,0,11277,15994,39673,0,0,0,0
2021/11/18,0,7057,61370,47685,0,0,0,0
2021/11/19,0,6543,101879,51853,0,0,0,0
2021/11/20,0,9019,142992,83342,0,0,0,0
2021/11/21,0,16214,184294,73284,0,0,0,0
2021/11/22,0,13568,320842,27543,0,0,0,0
2021/11/23,0,6323,174057,20938,0,0,0,2097
2021/11/24,0,5258,77394,20381,0,0,0,0
2021/11/25,0,4645,89337,20272,0,0,0,0
2021/11/26,0,4615,89962,32533,0,0,0,572
2021/11/27,0,0,149917,64743,0,0,0,0
2021/11/28,0,14059,179388,69572,0,0,0,0
2021/11/29,0,17866,225929,9649,0,0,0,0
2021/11/30,0,4530,214693,19831,0,0,0,0
2021/12/1,0,4510,127424,17335,0,0,0,1879
2021/12/2,0,4045,123568,12155,0,0,0,0
2021/12/3,0,4339,90496,24612,0,0,0,256
2021/12/4,0,6949,90139,62617,0,0,0,0
2021/12/5,0,12934,212315,64411,0,0,0,0
2021/12/6,0,10421,183131,30541,0,0,0,0
2021/12/7,0,5180,190681,0,0,0,0,1331
2021/12/8,0,4798,199308,16061,0,0,0,0
2021/12/9,0,2821,74005,9531,0,0,0,233
2021/12/10,0,30241,93485,31561,0,0,0,256
2021/12/11,0,43003,29212,372662,0,0,0,0
2021/12/12,0,42098,148953,94730,0,0,0,757
2021/12/13,0,38926,148953,36120,0,0,0,553
2021/12/14,0,25521,212362,59416,0,0,0,99
2021/12/15,0,14588,37673,43868,0,0,0,0
2021/12/16,0,10325,12931,31604,0,0,0,0
2021/12/17,0,6672,63804,20029,0,0,0,0
2021/12/18,0,8525,36556,53842,0,0,0,0
2021/12/19,0,14768,143236,38319,0,0,0,0
2021/12/20,0,12470,182353,25194,0,0,0,0
2021/12/21,0,7031,171988,11433,0,0,0,1732
2021/12/22,0,5680,189281,11339,0,0,0,315
2021/12/23,0,4902,175114,15377,0,0,0,472
2021/12/24,0,5433,90944,11759,0,0,0,0
2021/12/25,0,0,90141,46137,0,0,0,0
2021/12/26,0,13445,134992,25529,0,0,0,1286
2021/12/27,0,19031,173402,14411,0,0,0,686
2021/12/28,0,5994,15097,15990,0,0,0,0
2021/12/29,0,5146,193620,9293,0,0,0,0
2021/12/30,0,5276,113602,16444,0,0,0,488
2021/12/31,0,18929,110738,25716,0,0,0,0
2022/1/1,0,23692,81731,340510,0,0,0,0
2022/1/2,0,29225,272580,24937,0,0,0,948
2022/1/3,0,0,239298,39790,0,0,0,298
2022/1/4,0,49906,355926,48771,0,0,0,216
2022/1/5,0,16520,266225,34035,0,0,0,104
2022/1/6,0,11462,117461,34074,0,0,0,0
2022/1/7,0,10761,143849,22090,0,0,0,0
2022/1/8,0,0,152736,31403,0,0,0,468
2022/1/9,0,15061,202223,47132,0,0,0,292
2022/1/10,0,26447,223734,19075,0,0,0,270
2022/1/11,0,11708,202754,19850,0,0,0,160
2022/1/12,0,11115,1290,31844,0,0,0,184
2022/1/13,0,11211,94572,20774,0,0,444,211
2022/1/14,0,12169,108938,83223,0,0,0,299
2022/1/15,0,13961,180772,296440,0,0,39819950,346
2022/1/16,0,17032,179759,84230,0,0,0,346
2022/1/17,0,16635,131116,81468,0,0,0,286
2022/1/18,0,15257,221658,50553,0,0,0,282
2022/1/19,0,13048,269677,72101,0,0,0,311
2022/1/20,0,13074,180318,54992,0,0,0,484
2022/1/21,0,32463,293658,144845,0,0,0,1004
2022/1/22,0,31940,249282,370015,0,0,0,598
2022/1/23,0,35564,352749,118157,0,0,0,874
2022/1/24,0,32200,468786,89636,0,0,0,231
2022/1/25,0,30777,340176,80078,0,0,0,408
2022/1/26,0,21560,290533,92402,0,0,0,600
2022/1/27,0,19938,111004,143566,0,0,0,225
2022/1/28,0,18620,54865,73941,0,0,0,285
2022/1/29,0,18787,229616,75240,0,0,0,600
2022/1/30,0,19116,447885,73481,0,0,0,389
2022/1/31,0,23815,498534,81630,0,0,0,377
2022/2/1,0,27592,396045,92559,0,0,0,826
2022/2/2,0,29567,374643,87713,0,0,0,640
2022/2/3,0,27428,427870,90988,0,0,0,189
2022/2/4,0,25620,538380,86717,0,0,0,417
2022/2/5,0,24376,627128,80052,0,0,0,210
2022/2/6,0,23822,525885,71207,0,0,0,337
2022/2/7,0,23419,491705,69770,0,0,0,477
2022/2/8,0,21386,414446,68570,0,0,0,308
2022/2/9,0,18316,335913,60624,0,0,0,284
2022/2/10,0,18601,469763,60383,0,0,0,392
2022/2/11,0,20892,336194,57609,0,0,0,454
2022/2/12,0,17984,475200,58266,0,0,0,116
2022/2/13,0,16011,365100,68992,0,0,0,349
2022/2/14,0,15332,355486,38051,0,0,0,251
2022/2/15,0,13779,332981,51215,0,0,0,318
2022/2/16,0,13205,237671,43597,0,0,0,273
2022/2/17,0,10813,265625,96470,0,0,0,248
2022/2/18,0,10349,174672,22127,0,0,0,303
2022/2/19,0,10823,320964,74174,0,0,0,318
2022/2/20,0,15134,171401,50762,0,0,0,244
2022/2/21,0,14119,293193,27769,0,0,0,205
2022/2/22,0,7915,376496,28351,0,0,0,165
2022/2/23,0,7301,266260,27152,0,0,0,357
2022/2/24,0,7670,136418,25355,0,0,0,1386
2022/2/25,0,6785,134044,36011,0,0,0,583
2022/2/26,0,9205,202521,60745,0,0,0,0
2022/2/27,0,8412,123729,46319,0,0,0,0
2022/2/28,0,19402,142469,21188,0,0,0,0
2022/3/1,0,7324,74858,19134,0,0,0,0
2022/3/2,0,6163,87664,18887,0,0,0,0
2022/3/3,0,6113,96344,19054,0,0,0,0
2022/3/4,0,6660,80872,36467,0,0,0,0
2022/3/5,0,10434,109250,64420,0,0,0,0
2022/3/6,0,18016,204550,48746,0,0,0,532
2022/3/7,0,15540,216096,18091,0,0,0,687
2022/3/8,0,7737,369592,21296,0,0,0,753
2022/3/9,0,6181,191386,19005,0,0,0,403
2022/3/10,0,5470,85221,19687,0,0,0,918
2022/3/11,0,6343,19749,31730,0,0,0,678
2022/3/12,0,9185,90904,70784,0,0,0,620
2022/3/13,0,15498,76125,93629,0,0,0,1086
2022/3/14,0,12653,398927,0,0,0,0,1087
2022/3/15,0,7276,313390,25145,0,0,0,618
2022/3/16,0,7368,205327,46172,0,0,0,484
2022/3/17,0,7800,146061,2855,0,0,0,752
2022/3/18,0,8960,258044,33902,0,0,0,1384
2022/3/19,0,10594,176181,60452,0,0,0,557
2022/3/20,0,16710,174039,50092,0,0,0,1124
2022/3/21,0,13938,244015,26805,0,0,0,575
2022/3/22,0,8450,441608,24845,0,0,0,0
2022/3/23,0,8832,267540,27919,0,0,0,0
2022/3/24,0,8174,156633,22264,0,0,0,0
2022/3/25,0,35883,83550,49819,0,0,0,0
2022/3/26,0,39129,102327,429466,0,0,0,0
2022/3/27,0,38996,113462,131842,0,0,0,0
2022/3/28,0,37007,298878,68981,0,0,0,1471
2022/3/29,0,30126,323032,50449,0,0,0,605
2022/3/30,0,17566,228592,50050,0,0,0,687
2022/3/31,0,15033,167536,52277,0,0,0,1530
2022/4/1,0,34933,120714,87132,0,0,0,1625
2022/4/2,0,32864,67428,357059,0,0,0,1670
2022/4/3,0,38368,70012,165500,0,0,0,2892
2022/4/4,0,42066,319834,143725,0,0,0,3467
2022/4/5,0,42977,269324,123776,0,0,0,1935
2022/4/6,0,38894,723600,77489,0,0,0,1395
2022/4/7,0,27865,278790,100088,0,0,0,892
2022/4/8,0,20802,34058,61752,0,0,0,831
2022/4/9,0,45870,54954,138847,0,0,0,0
2022/4/10,0,61632,221368,351522,0,0,0,0
2022/4/11,0,53727,445616,88642,0,0,0,0
2022/4/12,0,42089,165814,62369,0,0,0,0
2022/4/13,0,27495,159665,59763,0,0,0,0
2022/4/14,0,18649,183219,60750,0,0,0,0
2022/4/15,0,17945,196406,71793,0,0,0,0
2022/4/16,0,17760,239441,105112,0,0,0,0
2022/4/17,0,23915,351951,92069,0,0,0,0
2022/4/18,0,22522,396802,56046,0,0,0,0
2022/4/19,0,18449,314584,42585,0,0,0,1018
2022/4/20,0,13350,234760,45092,0,0,0,504
2022/4/21,0,10692,89950,38592,0,0,0,337
2022/4/22,0,10815,88739,53075,0,0,0,1022
2022/4/23,0,13465,146586,77605,0,0,0,1095
2022/4/24,0,18113,194775,42325,0,0,0,1185
2022/4/25,0,11692,228108,24182,0,0,0,397
2022/4/26,0,9100,312222,35267,0,0,0,924
2022/4/27,0,9719,138325,33079,0,0,0,373
2022/4/28,0,9558,271831,22585,0,0,0,594
2022/4/29,0,12101,138521,35666,0,0,0,1003
2022/4/30,0,15761,252334,159691,0,0,0,451
2022/5/1,0,26543,212838,76347,0,0,0,2440
2022/5/2,0,23217,695705,119071,0,0,0,2765
2022/5/3,0,19808,499204,57613,0,0,0,1276
2022/5/4,0,18778,797682,81005,0,0,0,0
2022/5/5,0,17420,251233,50841,0,0,0,0
2022/5/6,0,13138,122444,36755,0,0,0,0
2022/5/7,0,11075,131812,53761,0,0,0,5126
2022/5/8,0,13232,270387,56891,0,0,0,0
2022/5/9,0,16144,245915,35322,0,0,0,0
2022/5/10,0,10052,241145,34386,0,0,0,4317
2022/5/11,0,9730,31241,25653,0,0,0,1595
2022/5/12,0,0,215945,26824,0,0,0,1936
2022/5/13,0,22496,163495,27408,0,0,0,1180
2022/5/14,0,12397,177699,91702,0,0,4430000,0
2022/5/15,0,19581,395009,48916,0,0,0,0
2022/5/16,0,15599,315212,72207,0,0,0,0
2022/5/17,0,8604,269748,0,0,0,4420000,0
2022/5/18,0,7497,400536,28125,0,0,0,0
2022/5/19,0,7696,230094,24494,0,0,0,7182
2022/5/20,0,39521,108425,37263,0,0,0,0
2022/5/21,0,42540,324128,142451,0,0,0,0
2022/5/22,0,39316,157607,99247,0,0,0,0
2022/5/23,0,39333,243417,44714,0,0,0,0
2022/5/24,0,34326,30206,67828,0,0,0,11016
2022/5/25,0,0,74567,39793,0,0,0,0
2022/5/26,0,29194,21399,22858,0,0,0,2618
2022/5/27,0,10991,10789,57954,0,0,0,0
2022/5/28,0,0,31264,71690,0,0,10000,0
2022/5/29,0,0,37060,92850,0,0,0,4459
2022/5/30,0,29447,63130,56905,0,0,0,1396
2022/5/31,0,21026,21399,40642,0,0,0,0
2022/6/1,0,25817,68324,50060,0,0,0,0
2022/6/2,0,10584,28951,44417,0,0,0,0
2022/6/3,0,13295,7325,102490,0,0,0,0
2022/6/4,0,25901,53842,86302,0,0,0,10865
2022/6/5,0,22149,75750,77854,0,0,0,2626
2022/6/6,0,0,64185,29164,0,0,0,0
2022/6/7,0,12251,35818,46157,0,0,0,3546
2022/6/8,0,30300,64185,28543,0,0,0,935
2022/6/9,0,10192,23831,40523,0,0,0,0
2022/6/10,0,11313,2967,26468,0,0,0,2715
2022/6/11,0,12373,10586,78868,0,0,0,2282
2022/6/12,0,17150,25371,69517,0,0,0,0
2022/6/13,0,16033,55155,29412,0,0,0,3911
2022/6/14,0,12126,29983,23848,0,0,10000,0
2022/6/15,0,11638,23143,24709,0,0,0,0
2022/6/16,0,12337,5080,24792,0,0,0,2103
2022/6/17,0,11741,4069,37485,0,0,0,0
2022/6/18,0,13755,35150,56062,0,0,0,1151
2022/6/19,0,0,28223,59096,0,0,0,1026
2022/6/20,0,35679,22250,45894,0,0,0,0
2022/6/21,0,15072,30048,40189,0,0,0,0
2022/6/22,0,13319,28996,31060,0,0,0,2542
2022/6/23,0,12817,30589,22551,0,0,0,1610
2022/6/24,0,38370,10494,75268,0,0,0,741
2022/6/25,0,59689,42108,95349,0,0,10000,877
2022/6/26,0,0,0,117938,0,0,0,1316
2022/6/27,0,102750,66859,77750,0,0,0,0
2022/6/28,0,45994,55642,94474,0,0,0,1873
2022/6/29,0,21748,44965,65446,0,0,481,873
2022/6/30,0,16377,48405,104702,0,0,0,0
2022/7/1,0,18240,59632,81744,0,0,0,0
2022/7/2,0,18879,55826,87264,0,0,10000,0
2022/7/3,0,0,73209,97572,0,0,0,0
2022/7/4,0,41215,70357,62727,0,0,0,10589
2022/7/5,0,17432,57819,56661,0,0,0,1087
2022/7/6,0,16617,59007,221511,0,0,0,989
2022/7/7,0,17934,58895,87726,0,0,0,0
2022/7/8,0,17980,65972,79423,0,0,10000,0
2022/7/9,0,18847,75758,106712,0,0,0,3342
2022/7/10,0,20002,77671,56551,0,0,0,1995
2022/7/11,0,19441,80836,95530,0,0,160,0
2022/7/12,0,18468,69066,60222,0,0,0,0
2022/7/13,0,18244,61439,93175,0,0,0,0
2022/7/14,0,17898,52986,16169,0,0,10000,0
2022/7/15,0,19998,60564,96777,0,0,0,0
2022/7/16,0,18874,62715,34453,0,0,0,0
2022/7/17,0,0,67963,72010,0,0,0,2942
2022/7/18,0,18877,67611,84617,0,0,10000,0
2022/7/19,0,37707,66131,85836,0,0,0,0
2022/7/20,0,20322,54814,44414,0,0,0,0
2022/7/21,0,17628,53567,86865,0,0,0,0
2022/7/22,0,17795,67011,70621,0,0,10000,0
2022/7/23,0,17073,63662,52297,0,0,0,0
2022/7/24,0,0,65959,67933,0,0,2141,0
2022/7/25,0,34938,60389,94756,0,0,7859,13354
2022/7/26,0,19060,58596,51048,0,0,0,2352
2022/7/27,0,23421,53090,62916,0,0,0,0
2022/7/28,0,18244,51049,72597,0,0,0,2714
2022/7/29,0,16430,56064,66725,0,0,0,1874
2022/7/30,0,17167,59859,67371,0,0,10000,0
2022/7/31,0,0,68670,64343,0,0,0,2083
2022/8/1,0,33742,65342,60067,0,0,0,1071
2022/8/2,0,17161,57174,54631,0,0,0,0
2022/8/3,0,16604,62525,82496,0,0,10000,0
2022/8/4,0,16892,56955,54042,0,0,0,2826
2022/8/5,0,18159,60866,70213,0,0,0,3843
2022/8/6,0,16883,55955,100448,0,0,0,1579
2022/8/7,0,17480,66678,67717,0,0,0,211
2022/8/8,0,17553,57843,64941,0,0,0,1300
2022/8/9,0,16797,55890,53381,0,0,0,0
2022/8/10,0,0,54197,78275,0,0,0,3276
2022/8/11,0,39810,59657,86511,0,0,0,0
2022/8/12,0,18357,73329,42133,0,0,10000,0
2022/8/13,0,16771,83024,91707,0,0,0,0
2022/8/14,0,16422,66243,54801,0,0,0,0
2022/8/15,0,0,51149,71936,0,0,0,14687
2022/8/16,0,16445,48928,73479,0,0,0,0
2022/8/17,0,16480,47631,63592,0,0,0,0
2022/8/18,0,33320,48887,42221,0,0,10000,3855
2022/8/19,0,15853,49821,76447,0,0,0,0
2022/8/20,0,15715,48706,70645,0,0,0,0
2022/8/21,0,0,49358,59117,0,0,0,4317
2022/8/22,0,31330,57638,53936,0,0,0,759
2022/8/23,0,0,48698,84527,0,0,0,698
2022/8/24,0,31121,44924,49571,0,0,0,685
2022/8/25,0,14707,42918,64969,0,0,0,0
2022/8/26,0,16833,56392,49153,0,0,0,0
2022/8/27,0,15508,47637,56824,0,0,0,0
2022/8/28,0,15516,52658,89037,0,0,0,2853
2022/8/29,0,15128,50123,29976,0,0,0,0
2022/8/30,0,14845,41831,53892,0,0,0,1347
2022/8/31,0,14490,40652,51621,0,0,10000,0
2022/9/1,0,12569,32913,37330,0,0,0,0
2022/9/2,0,9522,29384,33395,0,0,0,1887
2022/9/3,0,10487,31956,47373,0,0,0,582
2022/9/4,0,15385,45144,51645,0,0,0,689
2022/9/5,0,13337,39899,31410,0,0,0,637
2022/9/6,0,8397,23787,35895,0,0,0,479
2022/9/7,0,7880,20884,32708,0,0,0,344
2022/9/8,0,8966,20118,30538,0,0,0,414
2022/9/9,0,9899,25738,27066,0,0,0,453
2022/9/10,0,13677,38400,65307,0,0,0,632
2022/9/11,0,22622,75751,119663,0,0,0,907
2022/9/12,0,16607,61864,13242,0,0,0,1014
2022/9/13,0,14587,46649,48034,0,0,0,682
2022/9/14,0,8995,23924,27644,0,0,0,407
2022/9/15,0,8554,20583,30410,0,0,1766,413
2022/9/16,0,7159,20345,36586,0,0,0,321
2022/9/17,0,8251,25848,65471,0,0,0,441
2022/9/18,0,23061,49236,50547,0,0,0,502
2022/9/19,0,21741,39164,23550,0,0,0,825
2022/9/20,0,8208,18441,20361,0,0,0,414
2022/9/21,0,26853368,17019,20090,0,0,0,1328
2022/9/22,0,0,17822,12858,0,0,0,1386
2022/9/23,0,0,19468,33195,0,0,0,41
2022/9/24,0,0,24358,61240,0,0,0,0
2022/9/25,0,0,48565,56650,0,0,0,0
2022/9/26,0,0,39499,0,0,0,0,0
2022/9/27,0,0,16175,32391,0,0,0,0
2022/9/28,0,0,14856,12736,0,0,0,0
2022/9/29,0,0,15024,21257,0,0,10000,0
2022/9/30,0,0,18908,77507,0,0,0,0
2022/10/1,0,0,34771,113174,0,0,0,0
2022/10/2,0,0,63414,128479,0,0,0,2132
2022/10/3,0,0,56809,133731,0,0,0,2038
2022/10/4,0,0,46589,122524,0,0,0,2197
2022/10/5,0,0,40601,154844,0,0,0,1252
2022/10/6,0,0,37171,139344,0,0,0,2030
2022/10/7,0,0,37581,85381,0,0,0,912
2022/10/8,0,0,27415,62362,0,0,0,1379
2022/10/9,0,0,19297,45983,0,0,0,392
2022/10/10,0,0,19847,41155,0,0,0,1372
2022/10/11,0,0,16709,45324,0,0,343,739
2022/10/12,0,16946,16341,19810,0,0,0,280
2022/10/13,0,11105,18995,31044,0,0,0,343
2022/10/14,0,9439,19726,23789,0,0,0,496
2022/10/15,0,37932,27368,41411,0,0,0,605
2022/10/16,0,28430,42131,59326,0,0,0,792
2022/10/17,0,7416,34364,30403,0,0,0,747
2022/10/18,0,9714,20440,32911,0,0,0,722
2022/10/19,0,17789,18106,23586,0,0,0,1025
2022/10/20,0,5853,19753,23522,0,0,0,496
2022/10/21,0,10206,18379,32317,0,0,0,590
2022/10/22,0,36761,24815,56298,0,0,0,1440
2022/10/23,0,24159,41003,63909,0,0,0,925
2022/10/24,0,13008,35647,46364,0,0,0,1304
2022/10/25,0,17138,18819,32021,0,0,0,497
2022/10/26,0,10000,17888,25655,0,0,0,506
2022/10/27,0,10417,18140,16373,0,0,10000,8
2022/10/28,0,12565,20594,26377,0,0,0,0
2022/10/29,0,34276,25967,49610,0,0,0,0
2022/10/30,0,16632,40140,50562,0,0,0,0
2022/10/31,0,14272,31587,33896,0,0,638,0
2022/11/1,0,57527,20531,20737,0,0,455,0
2022/11/2,0,59119,17202,33608,0,0,3371,0
2022/11/3,0,7182,17589,143163,0,0,0,0
2022/11/4,0,15753,24025,54397,0,0,0,67
2022/11/5,0,45007,30922,58193,0,0,0,0
2022/11/6,0,20153,48036,34757,0,0,0,160
2022/11/7,0,15304,39724,26996,0,0,0,194
2022/11/8,0,8634,24912,36616,0,0,0,18
2022/11/9,0,17092,23113,24638,0,0,0,0
2022/11/10,0,13241,24194,16801,0,0,0,0
2022/11/11,0,21174,23379,29466,0,0,0,0
2022/11/12,0,29018,29564,56372,0,0,0,0
2022/11/13,0,26673,45484,45957,0,0,0,0
2022/11/14,0,16521,36530,23432,0,0,1099,0
2022/11/15,0,11035,21180,23336,0,0,0,278
2022/11/16,0,14586,19756,23813,0,0,0,75
2022/11/17,0,9590,18245,19078,0,0,0,141
2022/11/18,0,23155,21736,44059,0,0,0,78
2022/11/19,0,33418,28295,36451,0,0,0,182
2022/11/20,0,24280,48301,56805,0,0,3005,205
2022/11/21,0,18331,41776,37320,0,0,0,253
2022/11/22,0,19090,26641,48248,0,0,1079,58
2022/11/23,0,14248,26085,19101,0,0,0,0
2022/11/24,0,20584,23010,36215,0,0,325,0
2022/11/25,0,24214,25490,36919,0,0,345,0
2022/11/26,0,24829,30349,68504,0,0,389,437
2022/11/27,0,26173,45491,32438,0,0,494,157
2022/11/28,0,13780,41562,40477,0,0,4363,328
2022/11/29,0,24076,31912,44587,0,0,0,0
2022/11/30,0,24279,30093,30640,0,0,0,496
2022/12/1,0,19582,27009,32982,0,0,0,160
2022/12/2,0,125938,31441,61541,0,0,2455,378
2022/12/3,0,26578,32939,40156,0,0,0,0
2022/12/4,0,26237,47924,56186,0,0,0,259
2022/12/5,0,23177,38458,45482,0,0,0,307
2022/12/6,0,10411,27805,45711,0,0,0,201
2022/12/7,0,23113,52297,43566,0,0,0,904
2022/12/8,0,19156,25486,28984,0,0,0,1715
2022/12/9,0,14904,25321,34094,0,0,0,165
2022/12/10,0,19394,29115,55478,0,0,0,178
2022/12/11,0,34549,41515,40853,0,0,0,197
2022/12/12,0,12499,33431,31246,0,0,0,250
2022/12/13,0,10269,23293,42539,0,0,0,190
2022/12/14,0,13290,21722,28661,0,0,0,132
2022/12/15,0,18113,22719,37096,0,0,0,220
2022/12/16,0,16532,26866,491004,0,0,0,125
2022/12/17,0,25919,31784,264497,0,0,0,293
2022/12/18,0,28413,38470,116096,0,0,0,314
2022/12/19,0,33676,32769,83096,0,0,0,337
2022/12/20,0,3820,33587,498970,0,0,10000,586
2022/12/21,0,39809,33330,216306,0,0,0,727
2022/12/22,0,26239,34429,97668,0,0,0,199
2022/12/23,0,11077,34958,92344,0,0,0,284
2022/12/24,0,32219,34523,44461,0,0,0,678
2022/12/25,0,11891,35211,47910,0,0,0,305
2022/12/26,0,15145,32903,36296,0,0,0,242
2022/12/27,0,12071,33111,46393,0,0,982,135
2022/12/28,0,30077,32045,43493,0,0,0,166
2022/12/29,0,17093,31846,67147,0,0,0,267
2022/12/30,0,29275,36479,80487,0,0,0,89
2022/12/31,0,16977,36173,91090,0,0,0,327
2023/1/1,0,25110,42375,91916,0,0,0,387
2023/1/2,0,0,39705,120350,0,0,10000,342
2023/1/3,0,16152,36296,129288,0,0,0,620
2023/1/4,0,21760,35759,137614,0,0,0,642
2023/1/5,0,4388,32571,107650,0,0,0,482
2023/1/6,0,25135,33527,89850,0,0,0,222
2023/1/7,0,34892,39092,86911,0,0,0,293
2023/1/8,0,8887,37387,64708,0,0,0,674
2023/1/9,0,30235,35224,101046,0,0,0,400
2023/1/10,0,23699,37019,75531,0,0,0,630
2023/1/11,0,15100,39091,66293,0,0,0,766
2023/1/12,0,29414,39005,66046,0,0,0,282
2023/1/13,0,31994,41174,65639,0,0,0,368
2023/1/14,0,11640,43139,55568,0,0,50,495
2023/1/15,0,26419,45872,48974,0,0,0,304
2023/1/16,0,31277,45052,71485,0,0,0,317
2023/1/17,0,20913,48244,117472,0,0,0,0
2023/1/18,0,44639,45562,169059,0,0,0,0
2023/1/19,0,28745,44229,170375,0,0,0,0
2023/1/20,0,11363,41128,143549,0,0,4916,490
2023/1/21,0,25589,46671,164558,0,0,0,389
2023/1/22,0,52370,53662,132207,0,0,1218,691
2023/1/23,0,23907,56470,126144,0,0,3866,284
2023/1/24,0,25565,59360,110134,0,0,0,284
2023/1/25,0,22054,53944,103853,0,0,0,226
2023/1/26,0,33522,50256,94605,0,0,0,223
2023/1/27,0,12804,47820,95285,0,0,0,35
2023/1/28,0,37427,45318,86755,0,0,0,0
2023/1/29,0,19777,43158,74966,0,0,0,0
2023/1/30,0,13681,41367,61302,0,0,0,0
2023/1/31,0,18867,41626,69571,0,0,0,303
2023/2/1,0,18455,40188,66861,0,0,0,216
2023/2/2,0,210647,40622,72690,0,0,0,255
2023/2/3,0,13912,45820,66633,0,0,0,449
2023/2/4,0,34635,43171,74123,0,0,0,185
2023/2/5,0,30359,44734,66160,0,0,0,613
2023/2/6,0,20350,42283,56002,0,0,0,236
2023/2/7,0,19361,30633,27291,0,0,10000,216
2023/2/8,0,7331,24900,67489,0,0,0,266
2023/2/9,0,15425,25799,54582,0,0,0,287
2023/2/10,0,16363,29861,54410,0,0,355,87
2023/2/11,0,44769,33965,73438,0,0,4225,196
2023/2/12,0,13605,49173,65310,0,0,0,212
2023/2/13,0,23048,39577,37143,0,0,0,245
2023/2/14,0,6828,0,32832,0,0,0,201
2023/2/15,0,17942,20574,30908,0,0,0,145
2023/2/16,0,9229,20522,26729,0,0,0,115
2023/2/17,0,22355,22174,43229,0,0,0,107
2023/2/18,0,22510,32306,68437,0,0,0,124
2023/2/19,0,30473,54038,62600,0,0,0,91
2023/2/20,0,9275,41663,28398,0,0,0,253
2023/2/21,0,11062,18975,27994,0,0,0,141
2023/2/22,0,15547,17062,24362,0,0,0,77
2023/2/23,0,2765,17814,30210,0,0,0,95
2023/2/24,0,0,0,0,0,0,0,0
2023/2/25,0,42718,42374,111415,0,0,0,319
2023/2/26,0,9813,44476,53286,0,0,0,0
2023/2/27,0,0,0,0,0,0,0,0
2023/2/28,0,30435,51717,54035,0,0,0,745
2023/3/1,0,0,17005,28724,0,0,0,113
2023/3/2,0,77336,17424,32421,0,0,2722,99
2023/3/3,0,20140,19016,41298,0,0,0,147
2023/3/4,0,15827,31392,69114,0,0,0,170
2023/3/5,0,28444,48802,63282,0,0,0,110
2023/3/6,0,19324,38023,24035,0,0,0,203
2023/3/7,0,10005,16814,20145,0,0,10000,159
2023/3/8,0,10206,12962,30187,0,0,0,323
2023/3/9,0,13471,13730,25648,0,0,0,327
2023/3/10,0,8430,13757,34770,0,0,0,149
2023/3/11,0,38924,22251,69198,0,0,0,43
2023/3/12,0,8966,44020,50827,0,0,0,123
2023/3/13,0,23224,38533,24702,0,0,0,121
2023/3/14,0,8555,17009,20372,0,0,3251,109
2023/3/15,0,13355,13856,19438,0,0,0,119
2023/3/16,0,13585,14178,18956,0,0,0,86
2023/3/17,0,5056,16547,32387,0,0,0,140
2023/3/18,0,22420,23722,52441,0,0,2176,0
2023/3/19,0,29918,39939,53689,0,0,0,372
2023/3/20,0,11885,32107,21086,0,0,0,374
2023/3/21,0,7732,14098,22337,0,0,0,417
2023/3/22,0,10382,12016,22587,0,0,0,111
2023/3/23,0,10637,12172,22067,0,0,0,59
2023/3/24,0,12275,13794,32953,0,0,0,12
2023/3/25,0,23028,24920,61751,0,0,0,0
2023/3/26,0,26366,46781,54325,0,0,0,461
2023/3/27,0,21321,33687,29879,0,0,0,364
2023/3/28,0,8851,13537,27242,0,0,0,285
2023/3/29,0,10681,12527,29658,0,0,2167,138
2023/3/30,0,9059,11935,129230,0,0,0,284
2023/3/31,0,20517,46664,0,0,0,0,49
2023/4/1,0,0,32609,149592,0,0,0,260
2023/4/2,0,312717,48989,113435,0,0,0,323
2023/4/3,0,27969,38701,103530,0,0,0,0
2023/4/4,0,11180,19634,170090,0,0,10000,349
2023/4/5,0,32031,26397,104772,0,0,0,142
2023/4/6,0,15782,43260,75381,0,0,0,217
2023/4/7,0,8860,19054,64025,0,0,0,12
2023/4/8,0,30858,23017,85312,0,0,0,0
2023/4/9,0,21663,40589,80620,0,0,0,0
2023/4/10,0,12199,32147,69854,0,0,0,0
2023/4/11,0,8727,15326,55162,0,0,0,0
2023/4/12,0,13383,13746,45422,0,0,0,0
2023/4/13,0,10160,13202,38100,0,0,2614,0
2023/4/14,0,11420,15934,35891,0,0,0,0
2023/4/15,0,25566,21932,63438,0,0,0,0
2023/4/16,0,49535,45007,63708,0,0,0,0
2023/4/17,0,15447,36463,35378,0,0,0,0
2023/4/18,0,12606,15920,33179,0,0,0,613
2023/4/19,0,21989,13629,29307,0,0,0,163
2023/4/20,0,39862,12411,61802,0,0,0,0
2023/4/21,0,50345,37339,232165,0,0,0,164
2023/4/22,0,45983,38849,199963,0,0,0,1772
2023/4/23,0,35787,55009,161417,0,0,0,2056
2023/4/24,0,25415,21252,85341,0,0,10000,1161
2023/4/25,0,14882,15577,49256,0,0,0,421
2023/4/26,0,18060,14084,35019,0,0,0,288
2023/4/27,0,0,14054,33668,0,0,0,186
2023/4/28,0,32565,15308,41850,0,0,0,178
2023/4/29,0,29173,30529,89783,0,0,0,225
2023/4/30,0,34963,61106,89686,0,0,0,773
2023/5/1,0,0,56426,91526,0,0,0,659
2023/5/2,0,223125,49570,80897,0,0,0,560
2023/5/3,0,34913,39186,65325,0,0,0,485
2023/5/4,0,6106,31060,48396,0,0,0,487
2023/5/5,0,13902,14666,32371,0,0,0,396
2023/5/6,0,15224,15261,37632,0,0,0,86
2023/5/7,0,24804,21285,48118,0,0,0,119
2023/5/8,0,12702,33327,26998,0,0,0,223
2023/5/9,0,13682,13797,21440,0,0,0,194
2023/5/10,0,8560,13472,22746,0,0,0,116
2023/5/11,0,16518,13693,18302,0,0,0,195
2023/5/12,0,8081,13778,27308,0,0,0,126
2023/5/13,0,16385,27553,52770,0,0,0,44
2023/5/14,0,42965,49293,48177,0,0,0,182
2023/5/15,0,12692,41810,27719,0,0,0,254
2023/5/16,0,7955,16667,20435,0,0,0,164
2023/5/17,0,14667,18410,21902,0,0,10000,81
2023/5/18,0,8642,15633,19121,0,0,0,125
2023/5/19,0,10829,16557,25455,0,0,0,127
2023/5/20,0,25097,21700,45598,0,0,0,101
2023/5/21,0,20711,43839,51968,0,0,4382,170
2023/5/22,0,30143,36437,23371,0,0,0,250
2023/5/23,0,6997,15183,18417,0,0,0,155
2023/5/24,0,9720,14312,15287,0,0,0,74
2023/5/25,0,10195,14012,22037,0,0,0,51
2023/5/26,0,16879,14736,19483,0,0,0,0
2023/5/27,0,20353,28705,55144,0,0,2659,0
2023/5/28,0,41341,55183,51071,0,0,0,0
2023/5/29,0,8929,37701,20949,0,0,572,0
2023/5/30,0,8281,14249,24022,0,0,483,217
2023/5/31,0,10866,13005,30590,0,0,1028,212
2023/6/1,0,0,28787,199441,0,0,0,94
2023/6/2,0,103341,26179,201740,0,0,0,275
2023/6/3,0,26280,28478,146911,0,0,0,170
2023/6/4,0,30758,51245,134393,0,0,0,315
2023/6/5,0,33383,45991,68241,0,0,1032,346
2023/6/6,0,20178,24213,85935,0,0,0,203
2023/6/7,0,16320,23353,57777,0,0,0,178
2023/6/8,0,21894,20665,44453,0,0,0,249
2023/6/9,0,18062,21277,51762,0,0,0,613
2023/6/10,0,37920,28014,74280,0,0,0,246
2023/6/11,0,20390,49672,67145,0,0,2928,998
2023/6/12,0,16962,43406,64221,0,0,0,807
2023/6/13,0,16605,21544,13211,0,0,0,381
2023/6/14,0,20945,19190,32779,0,0,5124,26
2023/6/15,0,15702,19349,34819,0,0,4876,0
2023/6/16,0,15986,21316,33190,0,0,0,0
2023/6/17,0,27297,30306,69505,0,0,0,0
2023/6/18,0,42734,54138,56671,0,0,3868,0
2023/6/19,0,22009,45880,37858,0,0,0,0
2023/6/20,0,21102,29084,49163,0,0,0,0
2023/6/21,0,10183,25580,74927,0,0,0,809
2023/6/22,0,57508,38902,95239,0,0,0,201
2023/6/23,0,34092,63990,70969,0,0,0,679
2023/6/24,0,20699,50705,58707,0,0,0,816
2023/6/25,0,35063,40596,26576,0,0,430,881
2023/6/26,0,21247,25744,28755,0,0,492,591
2023/6/27,0,23995,27826,43800,0,0,0,269
2023/6/28,0,20875,29385,33856,0,0,0,394
2023/6/29,0,10896,33577,47737,0,0,0,213
2023/6/30,0,52221,41114,94331,0,0,0,390
2023/7/1,0,0,44883,117543,0,0,0,812
2023/7/2,0,228785,51026,96637,0,0,0,857
2023/7/3,0,27640,48780,155344,0,0,0,876
2023/7/4,0,32531,40137,143801,0,0,10000,777
2023/7/5,0,21309,38456,83026,0,0,0,781
2023/7/6,0,27986,39976,66026,0,0,0,510
2023/7/7,0,28877,40287,49729,0,0,0,153
2023/7/8,0,26871,44038,50253,0,0,0,0
2023/7/9,0,33836,46191,64908,0,0,3953,0
2023/7/10,0,24137,46541,111726,0,0,0,0
2023/7/11,0,18106,43098,87781,0,0,0,0
2023/7/12,0,40315,41113,80656,0,0,899,0
2023/7/13,0,30705,43832,46265,0,0,0,1023
2023/7/14,0,32233,42400,81940,0,0,1224,955
2023/7/15,0,26266,44367,53139,0,0,0,1090
2023/7/16,0,30443,43801,69342,0,0,0,934
2023/7/17,0,33259,42636,107762,0,0,0,964
2023/7/18,0,27686,40622,72226,0,0,0,0
2023/7/19,0,10034,36978,68142,0,0,0,1995
2023/7/20,0,34015,35434,89204,0,0,0,288
2023/7/21,0,35150,38734,50766,0,0,0,989
2023/7/22,0,31558,39597,64290,0,0,0,1053
2023/7/23,0,31683,43119,88487,0,0,3738,925
2023/7/24,0,24700,41972,67630,0,0,548,727
2023/7/25,0,29112,39523,103361,0,0,520,898
2023/7/26,0,29620,38558,60554,0,0,422,1020
2023/7/27,0,25422,39046,43774,0,0,455,986
2023/7/28,0,21084,41422,58914,0,0,471,820
2023/7/29,0,36698,51628,87365,0,0,0,988
2023/7/30,0,56840,56523,103670,0,0,3846,365
2023/7/31,0,17535,59109,525780,0,0,0,387
2023/8/1,0,0,54496,0,0,0,0,827
2023/8/2,0,151807,53686,93011,0,0,0,0
2023/8/3,0,38054,50278,86335,0,0,0,2054
2023/8/4,0,48628,81146,75586,0,0,1249,1076
2023/8/5,0,46129,58116,122978,0,0,0,1449
2023/8/6,0,33633,58542,193042,0,0,0,0
2023/8/7,0,40627,54633,155112,0,0,0,2649
2023/8/8,0,39626,57201,183433,0,0,0,1207
2023/8/9,0,30694,53719,95241,0,0,2965,1270
2023/8/10,0,40362,49253,110730,0,0,482,1137
2023/8/11,0,28851,50092,85707,0,0,0,1252
2023/8/12,0,41756,49807,131612,0,0,0,1133
2023/8/13,0,42808,54512,81022,0,0,0,810
2023/8/14,0,31763,51365,138132,0,0,10000,1186
2023/8/15,0,37663,50723,137439,0,0,0,161
2023/8/16,0,36241,50022,73015,0,0,0,0
2023/8/17,0,30020,49336,109027,0,0,0,0
2023/8/18,0,34563,47097,83119,0,0,0,0
2023/8/19,0,27783,44878,93850,0,0,0,810
2023/8/20,0,32750,43117,45346,0,0,0,913
2023/8/21,0,31184,44169,120476,0,0,0,1036
2023/8/22,0,26033,41124,93991,0,0,3273,953
2023/8/23,0,18436,40294,74408,0,0,0,1022
2023/8/24,0,42946,37988,69434,0,0,0,898
2023/8/25,0,30210,39654,39565,0,0,395,1092
2023/8/26,0,14024,40411,86526,0,0,0,1189
2023/8/27,0,42070,43184,79779,0,0,1834,1292
2023/8/28,0,25684,42193,61558,0,0,0,1315
2023/8/29,0,35229,37261,61417,0,0,0,1667
2023/8/30,0,18387,35057,52133,0,0,1069,408
2023/8/31,0,23914,34138,83545,0,0,0,1814
2023/9/1,0,0,34855,63751,0,0,0,586
2023/9/2,0,127648,34237,88516,0,0,0,1259
2023/9/3,0,32109,37368,93137,0,0,0,1204
2023/9/4,0,14814,31494,66541,0,0,0,1277
2023/9/5,0,14747,15210,98946,0,0,0,844
2023/9/6,0,9366,15975,61674,0,0,0,486
2023/9/7,0,14551,14402,44604,0,0,0,444
2023/9/8,0,20502,16925,45443,0,0,0,434
2023/9/9,0,30537,25600,82377,0,0,0,581
2023/9/10,0,33126,45177,79331,0,0,0,1325
2023/9/11,0,10388,36194,51703,0,0,0,2004
2023/9/12,0,13531,15344,69190,0,0,2460,1187
2023/9/13,0,16190,14586,37718,0,0,0,556
2023/9/14,0,10393,14344,32735,0,0,0,464
2023/9/15,0,16204,15533,29944,0,0,0,515
2023/9/16,0,37721,23175,65328,0,0,0,555
2023/9/17,0,31917,44998,69028,0,0,0,847
2023/9/18,0,9326,33046,57591,0,0,0,0
2023/9/19,0,12489,13357,41279,0,0,0,0
2023/9/20,0,12501,16042,23063,0,0,0,3301
2023/9/21,0,8678,13480,21001,0,0,0,482
2023/9/22,0,12575,13295,22110,0,0,0,416
2023/9/23,0,34501,19722,56590,0,0,0,434
2023/9/24,0,24690,36388,60176,0,0,0,0
2023/9/25,0,12861,31669,43071,0,0,0,79
2023/9/26,0,7950,11517,72244,0,0,0,0
2023/9/27,0,10696,10479,41301,0,0,0,4055
2023/9/28,0,19799,11375,58515,0,0,0,390
2023/9/29,0,42389,27171,90838,0,0,0,579
2023/9/30,0,37267,64631,82197,0,0,7540,1401
2023/10/1,0,8007,54221,105778,0,0,0,2407
2023/10/2,0,155309,51345,88951,0,0,0,1907
2023/10/3,0,22772,37695,110291,0,0,0,1637
2023/10/4,0,31292,34642,66890,0,0,0,0
2023/10/5,0,27132,34056,38629,0,0,0,2974
2023/10/6,0,18434,31116,52079,0,0,0,1380
2023/10/7,0,11230,24410,26418,0,0,0,1354
2023/10/8,0,13478,12543,24600,0,0,0,975
2023/10/9,0,9413,11339,15163,0,0,0,571
2023/10/10,0,11153,12308,20060,0,0,0,529
2023/10/11,0,8062,12227,17444,0,0,0,496
2023/10/12,0,12920,12159,15464,0,0,0,742
2023/10/13,0,15271,16616,50647,0,0,0,205
2023/10/14,0,27479,25125,276149,0,0,0,620
2023/10/15,0,29621,48294,174772,0,0,0,1046
2023/10/16,0,11861,37070,125327,0,0,0,1532
2023/10/17,0,8108,13151,62464,0,0,0,925
2023/10/18,0,12366,13981,35284,0,0,0,431
2023/10/19,0,12993,15056,31977,0,0,0,394
2023/10/20,0,15328,15616,39917,0,0,0,510
2023/10/21,0,40364,23881,61427,0,0,0,691
2023/10/22,0,26700,42389,47251,0,0,0,0
2023/10/23,0,13754,33744,36726,0,0,0,0
2023/10/24,0,10159,12766,24849,0,0,0,4128
2023/10/25,0,14254,11735,19877,0,0,0,448
2023/10/26,0,13291,11850,20249,0,0,0,403
2023/10/27,0,12324,14173,27179,0,0,0,450
2023/10/28,0,30622,21569,48141,0,0,0,137
2023/10/29,0,39689,38827,44514,0,0,0,359
2023/10/30,0,9441,28918,20381,0,0,0,442
2023/10/31,0,12865,12456,17701,0,0,0,259
2023/11/1,0,0,12421,16792,0,0,0,126
2023/11/2,0,45370,12745,26273,0,0,0,313
2023/11/3,0,22261,17941,70573,0,0,0,145
2023/11/4,0,28723,28088,99938,0,0,0,407
2023/11/5,0,49347,46153,81225,0,0,0,548
2023/11/6,0,15654,33933,45806,0,0,0,730
2023/11/7,0,6553,14650,39978,0,0,0,475
2023/11/8,0,12615,13307,29948,0,0,0,224
2023/11/9,0,13044,12809,25364,0,0,0,200
2023/11/10,0,23872,13963,31787,0,0,0,180
2023/11/11,0,31461,21801,57211,0,0,0,182
2023/11/12,0,33938,40691,53008,0,0,0,879
2023/11/13,0,12861,31322,42329,0,0,0,848
2023/11/14,0,9455,12256,69463,0,0,0,1272
2023/11/15,0,12663,11440,23186,0,0,0,317
2023/11/16,0,10386,13282,23436,0,0,0,317
2023/11/17,0,11955,13274,68362,0,0,0,628
2023/11/18,0,41220,21893,206273,0,0,0,467
2023/11/19,0,26804,38956,44985,0,0,0,409
2023/11/20,0,8096,30366,18603,0,0,0,743
2023/11/21,0,14835,12786,20366,0,0,0,744
2023/11/22,0,12385,12209,12657,0,0,0,339
2023/11/23,0,13023,14016,75715,0,0,0,137
2023/11/24,0,22448,31963,25704,0,0,0,0
2023/11/25,0,35999,31146,42806,0,0,0,220
2023/11/26,0,27562,54467,72194,0,0,0,1020
2023/11/27,0,33421,40289,18441,0,0,0,1651
2023/11/28,0,14236,16232,30260,0,0,0,672
2023/11/29,0,10429,15219,14727,0,0,0,575
2023/11/30,0,15102,14776,32697,0,0,0,566
2023/12/1,0,0,15577,18578,0,0,0,555
2023/12/2,0,124132,29228,86643,0,0,0,328
2023/12/3,0,41352,48797,142592,0,0,0,827
2023/12/4,0,20880,36684,62679,0,0,0,1592
2023/12/5,0,13727,16911,84673,0,0,0,1454
2023/12/6,0,14285,14390,63465,0,0,0,39
2023/12/7,0,10103,14990,62330,0,0,0,326
2023/12/8,0,23000,15933,45844,0,0,0,567
2023/12/9,0,30070,24429,47573,0,0,0,280
2023/12/10,0,41838,44025,83213,0,0,0,591
2023/12/11,0,14817,38498,56356,0,0,0,1077
2023/12/12,0,14099,17412,92344,0,0,0,1132
2023/12/13,0,12270,14216,85467,0,0,0,564
2023/12/14,0,20586,15364,70336,0,0,0,544
2023/12/15,0,17459,19531,40388,0,0,0,583
2023/12/16,0,37620,29771,49095,0,0,0,719
2023/12/17,0,28648,45161,87087,0,0,0,897
2023/12/18,0,20106,31891,41050,0,0,0,2137
2023/12/19,0,9797,14670,40659,0,0,0,81
2023/12/20,0,15922,14621,19824,0,0,0,356
2023/12/21,0,13465,13709,20877,0,0,0,572
2023/12/22,0,10199,15286,33482,0,0,0,488
2023/12/23,0,39271,22908,34184,0,0,0,406
2023/12/24,0,29593,41056,65808,0,0,0,1134
2023/12/25,0,16868,31053,23789,0,0,0,1554
2023/12/26,0,14166,14318,30967,0,0,0,602
2023/12/27,0,9986,13748,13858,0,0,0,439
2023/12/28,0,16901,14355,51953,0,0,0,593
2023/12/29,0,17184,36529,82586,0,0,0,553
2023/12/30,0,36240,41283,49559,0,0,0,670
2023/12/31,0,70941,64270,104005,0,0,0,1645
2024/1/1,0,0,70428,57642,0,0,0,2116
2024/1/2,0,0,53238,54630,0,0,0,1832
2024/1/3,0,11341,24219,21867,0,0,0,941
2024/1/4,0,18639,22674,23634,0,0,0,678
2024/1/5,0,18162,22723,82485,0,0,0,666
2024/1/6,0,40847,31234,168464,0,0,0,713
2024/1/7,0,27873,57315,184970,0,0,0,1069
2024/1/8,0,31486,45323,116605,0,0,0,2284
2024/1/9,0,12170,22843,106328,0,0,0,1371
2024/1/10,0,21583,23372,58095,0,0,0,691
2024/1/11,0,17426,25115,55316,0,0,0,790
2024/1/12,0,23877,29410,80251,0,0,0,1076
2024/1/13,0,38219,44466,85990,0,0,0,1010
2024/1/14,0,49179,71812,121255,0,0,0,1520
2024/1/15,0,44960,58528,69025,0,0,0,2258
2024/1/16,0,20377,36861,88839,0,0,0,1455
2024/1/17,0,30647,35527,42993,0,0,0,873
2024/1/18,0,28755,39919,56469,0,0,0,647
2024/1/19,0,38583,45718,86837,0,0,0,754
2024/1/20,0,59583,59153,70325,0,0,0,676
2024/1/21,0,38028,78858,117182,0,0,0,1302
2024/1/22,0,61760,68582,55938,0,0,0,1373
2024/1/23,0,40555,49944,92334,0,0,0,977
2024/1/24,0,31679,51986,54536,0,0,0,841
2024/1/25,0,24370,57262,57642,0,0,0,1165
2024/1/26,0,81216,65174,100401,0,0,0,1775
2024/1/27,0,25044,74189,32394,0,0,0,708
2024/1/28,0,90511,94325,305390,0,0,0,907
2024/1/29,0,50485,85068,303698,0,0,0,0
2024/1/30,0,61961,85507,263340,0,0,0,1322
2024/1/31,0,62728,83981,142881,0,0,0,1265
2024/2/1,0,0,84796,131562,0,0,0,1703
2024/2/2,0,518473,90032,176108,0,0,0,2416
2024/2/3,0,55393,89305,102249,0,0,0,2485
2024/2/4,0,94420,90457,155838,0,0,0,2237
2024/2/5,0,29234,89049,96845,0,0,0,2059
2024/2/6,0,57653,85293,153460,0,0,0,2314
2024/2/7,0,88331,85868,102761,0,0,0,2227
2024/2/8,0,54767,83250,95416,0,0,0,1781
2024/2/9,0,72073,84087,157022,0,0,0,2030
2024/2/10,0,51496,95592,104825,0,0,0,2113
2024/2/11,0,89343,87324,168733,0,0,0,2077
2024/2/12,0,64034,87740,96876,0,0,0,1902
2024/2/13,0,49723,84008,160181,0,0,0,1909
2024/2/14,0,49487,83774,94488,0,0,0,1982
2024/2/15,0,60871,81646,89126,0,0,0,0
2024/2/16,0,70988,85070,154707,0,0,0,3161
2024/2/17,0,56750,77720,80070,0,0,0,1623
2024/2/18,0,34598,75759,138343,0,0,0,1452
2024/2/19,0,54227,75293,79108,0,0,0,1984
2024/2/20,0,52219,77920,155658,0,0,0,2491
2024/2/21,0,39749,75953,590027,0,0,0,1375
2024/2/22,0,62358,75892,421210,0,0,0,1653
2024/2/23,0,61466,95198,274464,0,0,0,2364
2024/2/24,0,58529,84682,144908,0,0,0,2314
2024/2/25,0,50482,86048,214257,0,0,0,1493
2024/2/26,0,34366,63522,106923,0,0,0,2415
2024/2/27,0,36187,40773,77064,0,0,0,1103
2024/2/28,0,18400,39526,71984,0,0,0,935
2024/2/29,0,38684,36810,46528,0,0,0,1040
2024/3/1,0,0,42012,83767,0,0,0,1226
2024/3/2,0,285873,60889,87740,0,0,0,1505
2024/3/3,0,74581,105129,142296,0,0,0,2021
2024/3/4,0,35459,79681,37487,0,0,0,2700
2024/3/5,0,21752,38397,44773,0,0,0,1915
2024/3/6,0,33823,38087,56570,0,0,0,809
2024/3/7,0,26640,36788,36997,0,0,0,854
2024/3/8,0,32618,39323,86623,0,0,0,768
2024/3/9,0,65461,73805,97388,0,0,0,966
2024/3/10,0,99222,123225,152768,0,0,0,2134
2024/3/11,0,24655,84405,35216,0,0,0,2683
2024/3/12,0,26595,38625,40329,0,0,0,0
2024/3/13,0,36395,36302,54538,0,0,0,0
2024/3/14,0,30175,35910,33492,0,0,0,0
2024/3/15,0,34738,40200,91341,0,0,0,0
2024/3/16,0,77887,75558,104778,0,0,0,0
2024/3/17,0,83531,129764,169806,0,0,0,0
2024/3/18,0,45074,96916,36046,0,0,0,0
2024/3/19,0,39819,43149,42336,0,0,0,0
2024/3/20,0,22996,40319,61410,0,0,0,0
2024/3/21,0,40318,39657,36905,0,0,0,0
2024/3/22,0,42084,42383,95919,0,0,0,0
2024/3/23,0,78334,72554,112303,0,0,0,0
2024/3/24,0,89827,132783,178365,0,0,0,0
2024/3/25,0,30918,96430,38342,0,0,0,0
2024/3/26,0,31215,43130,41569,0,0,0,0
2024/3/27,0,22730,37724,61790,0,0,0,22813
2024/3/28,0,41399,39219,38290,0,0,0,1140
2024/3/29,0,34881,46704,125455,0,0,0,0
2024/3/30,0,100902,68617,226473,0,0,0,0
2024/3/31,0,69037,124569,434924,0,0,0,0
2024/4/1,0,0,96197,280248,0,0,0,0
2024/4/2,0,262753,43955,227517,0,0,0,0
2024/4/3,0,30060,42675,451374,0,0,0,0
2024/4/4,0,164835,131652,292101,0,0,0,0
2024/4/5,0,75403,181308,359538,0,0,0,0
2024/4/6,0,78021,152487,196789,0,0,0,0
2024/4/7,0,78079,104408,190989,0,0,0,0
2024/4/8,0,25547,51795,107790,0,0,0,0
2024/4/9,0,29535,48877,86405,0,0,0,0
2024/4/10,0,45269,49703,112847,0,0,0,0
2024/4/11,0,32352,54342,66957,0,0,0,23952
2024/4/12,0,56890,64714,143226,0,0,0,0
2024/4/13,0,89389,87852,146652,0,0,0,0
2024/4/14,0,67358,147885,170347,0,0,0,0
2024/4/15,0,85886,113134,145111,0,0,0,0
2024/4/16,0,25966,52439,60763,0,0,0,0
2024/4/17,0,51769,48936,96235,0,0,0,0
2024/4/18,0,25153,47307,50066,0,0,0,0
2024/4/19,0,29382,53300,143460,0,0,0,0
2024/4/20,0,125347,88945,161317,0,0,0,0
2024/4/21,0,69699,161703,164273,0,0,0,0
2024/4/22,0,85847,115497,140610,0,0,0,0
2024/4/23,0,27369,48878,54358,0,0,0,0
2024/4/24,0,32522,43948,90122,0,0,0,0
2024/4/25,0,41061,46726,45103,0,0,0,0
2024/4/26,0,35952,50492,127912,0,0,0,0
2024/4/27,0,104630,79165,132464,0,0,0,0
2024/4/28,0,37658,117393,73511,0,0,0,0
2024/4/29,0,28162,50287,90073,0,0,0,0
2024/4/30,0,68892,50539,56022,0,0,0,0
2024/5/1,0,19999,107981,285944,0,0,0,0
2024/5/2,0,1078865,190967,160124,0,0,0,0
2024/5/3,0,91169,162721,242455,0,0,0,0
2024/5/4,0,70147,144240,129301,0,0,0,0
2024/5/5,0,125270,129373,119688,0,0,0,0
2024/5/6,0,30837,97335,110061,0,0,0,0
2024/5/7,0,49847,47514,46641,0,0,0,0
2024/5/8,0,22736,44319,78451,0,0,0,0
2024/5/9,0,29129,42233,32932,0,0,0,0
2024/5/10,0,35840,41823,43300,0,0,0,0
2024/5/11,0,33516,43294,85633,0,0,0,0
2024/5/12,0,107154,77511,114621,0,0,0,0
2024/5/13,0,29209,107982,100351,0,0,0,0
2024/5/14,0,25593,46159,36904,0,0,0,0
2024/5/15,0,39386,39595,66468,0,0,0,0
2024/5/16,0,23259,39432,30159,0,0,0,0
2024/5/17,0,41258,41148,41526,0,0,0,0
2024/5/18,0,88319,73101,176582,0,0,0,0
2024/5/19,0,62794,135178,110611,0,0,0,0
2024/5/20,0,69088,103289,93835,0,0,0,0
2024/5/21,0,23089,41081,28543,0,0,0,0
2024/5/22,0,48148,39378,79089,0,0,0,0
2024/5/23,0,18550,40195,29361,0,0,0,0
2024/5/24,0,26825,43911,45171,0,0,0,0
2024/5/25,0,107712,69760,184634,0,0,0,0
2024/5/26,0,61584,135004,109753,0,0,0,0
2024/5/27,0,46727,103009,88549,0,0,0,0
2024/5/28,0,35724,40749,30896,0,0,0,0
2024/5/29,0,23205,38955,63770,0,0,0,0
2024/5/30,0,38561,39472,32262,0,0,0,0
2024/5/31,0,27722,43856,42401,0,0,0,0
2024/6/1,0,0,77027,175457,0,0,0,0
2024/6/2,0,863821,139104,99298,0,0,0,0
2024/6/3,0,25688,102359,80692,0,0,0,0
2024/6/4,0,36030,41276,28818,0,0,0,0
2024/6/5,0,32132,42958,42407,0,0,0,0
2024/6/6,0,34364,54102,89843,0,0,0,0
2024/6/7,0,70883,61843,58314,0,0,0,0
2024/6/8,0,72756,88006,225148,0,0,0,0
2024/6/9,0,144487,155038,138370,0,0,0,0
2024/6/10,0,100070,157980,228202,0,0,0,0
2024/6/11,0,44548,137258,35427,0,0,0,0
2024/6/12,0,55327,56911,0,0,0,0,0
2024/6/13,0,30712,52418,89615,0,0,0,0
2024/6/14,0,68874,50358,48014,0,0,0,0
2024/6/15,0,53538,71572,182986,0,0,0,0
2024/6/16,0,76173,124774,105635,0,0,0,0
2024/6/17,0,72746,106934,104066,0,0,0,0
2024/6/18,0,29498,58163,42365,0,0,0,0
2024/6/19,0,38060,56564,56316,0,0,0,0
2024/6/20,0,66897,59763,100332,0,0,0,0
2024/6/21,0,47669,67928,56674,0,0,0,0
2024/6/22,0,76553,90517,184498,0,0,0,0
2024/6/23,0,77649,131204,100506,0,0,0,0
2024/6/24,0,64073,111463,69399,0,0,0,0
2024/6/25,0,71217,69961,101157,0,0,0,0
2024/6/26,0,43316,66460,55651,0,0,0,0
2024/6/27,0,56313,72674,281188,0,0,0,81624
2024/6/28,0,73814,120441,358993,0,0,0,0
2024/6/29,0,146271,124003,554402,0,0,0,0
2024/6/30,0,77409,155521,411220,0,0,0,0
2024/7/1,0,0,131865,359899,0,0,0,0
2024/7/2,0,539221,107350,351774,0,0,0,5401
2024/7/3,0,92120,106259,147677,0,0,0,0
2024/7/4,0,95354,119895,567576,0,0,0,0
2024/7/5,0,155749,131613,413168,0,0,0,0
2024/7/6,0,89174,141991,440178,0,0,0,0
2024/7/7,0,109854,151343,322907,0,0,0,0
2024/7/8,0,156005,142437,288711,0,0,0,0
2024/7/9,0,78085,123337,315810,0,0,0,0
2024/7/10,0,88330,120579,206847,0,0,0,0
2024/7/11,0,153768,125627,293750,0,0,0,0
2024/7/12,0,86032,120394,192334,0,0,0,0
2024/7/13,0,106733,128831,291827,0,0,0,0
2024/7/14,0,179092,126624,0,0,0,0,0
2024/7/15,0,77871,133905,498677,0,0,0,0
2024/7/16,0,147917,129626,236725,0,0,0,0
2024/7/17,0,82150,119349,138882,0,0,0,0
2024/7/18,0,70432,112387,211930,0,0,0,0
2024/7/19,0,146044,114275,131692,0,0,0,0
2024/7/20,0,101691,126404,141260,0,0,0,0
2024/7/21,0,82109,134681,257246,0,0,0,0
2024/7/22,0,158762,139126,145510,0,0,0,0
2024/7/23,0,96028,139523,253204,0,0,0,0
2024/7/24,0,77925,142576,146517,0,0,0,0
2024/7/25,0,169833,131658,280343,0,0,0,0
2024/7/26,0,97648,135720,156639,0,0,0,0
2024/7/27,0,78319,127520,148894,0,0,0,0
2024/7/28,0,106036,130432,248971,0,0,0,0
2024/7/29,0,162066,136304,131858,0,0,0,0
2024/7/30,0,94366,126835,222402,0,0,0,0
2024/7/31,0,71491,129592,118234,0,0,0,0
2024/8/1,0,0,121293,209374,0,0,0,0
2024/8/2,0,725179,127373,172222,0,0,0,0
2024/8/3,0,137245,161562,179738,0,0,0,0
2024/8/4,0,205989,152880,273311,0,0,0,0
2024/8/5,0,119176,135575,149156,0,0,0,0
2024/8/6,0,101224,142618,254884,0,0,0,0
2024/8/7,0,103685,127690,151897,0,0,0,0
2024/8/8,1,64718,121099,0,0,0,0,0
2024/8/9,0,0,130055,246244,0,0,0,0
2024/8/10,0,0,126160,0,0,0,0,0
2024/8/11,0,0,123564,0,0,0,0,0
2024/8/12,0,0,122976,667622,0,0,0,0
2024/8/13,0,0,119741,0,0,0,0,0
2024/8/14,0,0,122644,0,0,0,0,0
2024/8/15,0,0,117413,0,0,0,0,0
2024/8/16,0,0,128397,0,0,0,0,0
2024/8/17,0,1015795,126207,676621,0,0,0,0
2024/8/18,0,113603,123886,0,0,0,0,0
2024/8/19,0,110552,124963,0,0,0,0,0
2024/8/20,0,103911,121521,0,0,0,0,0
2024/8/21,0,103296,116584,0,0,0,0,63570
2024/8/22,0,94644,114047,656463,0,0,267,0
2024/8/23,0,90678,110401,0,0,0,0,0
2024/8/24,0,89640,116027,0,0,0,0,0
2024/8/25,0,0,113053,0,0,0,0,0
2024/8/26,0,25251650,114704,675675,0,0,0,0
2024/8/27,0,84415,106278,0,0,0,0,0
2024/8/28,0,85212,107060,221038,0,0,0,0
2024/8/29,0,0,108417,190704,0,0,0,0
2024/8/30,0,106293,116862,116290,0,0,0,0
2024/8/31,0,25287364,110805,284278,0,0,0,0
2024/9/1,0,0,107187,591689,0,0,0,0
2024/9/2,0,53886,83109,438677,0,0,0,0
2024/9/3,0,151989,52640,429432,0,0,0,0
2024/9/4,0,38434,50109,242515,0,0,0,0
2024/9/5,0,25027787,54398,218332,0,0,0,0
2024/9/6,0,57170,57293,148342,0,0,0,0
2024/9/7,0,158363,85014,293778,0,0,0,0
2024/9/8,0,0,133096,219022,0,0,0,0
2024/9/9,0,59226,102886,169597,0,0,0,0
2024/9/10,0,41461,50211,144276,0,0,0,0
2024/9/11,0,33584,48608,95579,0,0,0,0
2024/9/12,0,0,46410,190413,0,0,0,24784
2024/9/13,0,28738,78182,849859,0,0,0,5342
2024/9/14,0,25511165,63197,206002,0,0,0,0
2024/9/15,0,321433,132457,602408,0,0,0,5567
2024/9/16,0,179243,0,782181,0,0,0,0
2024/9/17,0,0,0,585111,0,0,0,0
2024/9/18,0,0,557375,381631,0,0,0,0
2024/9/19,0,314194,50298,266050,0,0,0,0
2024/9/20,0,24074081,0,196634,0,0,0,11652
2024/9/21,0,0,118308,289723,0,0,0,0
2024/9/22,0,307528,133646,547886,0,0,0,0
2024/9/23,0,227622,101842,380161,0,0,0,0
2024/9/24,0,19609878,39614,304676,0,0,0,0
2024/9/25,0,40020,39244,156432,0,0,0,0
2024/9/26,0,0,39144,0,0,0,0,0
2024/9/27,0,109821,44531,0,0,0,0,0
2024/9/28,0,19440489,75643,0,0,0,0,0
2024/9/29,0,88372,108269,0,0,0,0,0
2024/9/30,0,51674,55292,0,0,0,0,0
2024/10/1,0,0,112239,0,0,0,0,0
2024/10/2,0,986115,0,0,0,0,0,0
2024/10/3,0,126885,0,0,0,0,0,0
2024/10/4,0,0,0,0,0,0,0,0
2024/10/5,0,104205,0,0,0,0,0,0
2024/10/6,0,99582,0,0,0,0,0,0
2024/10/7,0,20265281,0,0,0,0,0,0
2024/10/8,0,67822,860909,0,0,0,0,0
2024/10/9,0,0,122195,0,0,0,0,0
2024/10/10,0,41700,33862,0,0,0,0,0
2024/10/11,0,21558,35934,0,0,0,0,0
2024/10/12,0,20244992,36108,0,0,0,0,0
2024/10/13,0,0,0,0,0,0,0,0
2024/10/14,0,20303388,166710,0,0,0,0,0
2024/10/15,0,0,37678,0,0,0,0,0
2024/10/16,0,20288103,35374,0,0,0,267,0
2024/10/17,0,30136,38209,0,0,0,0,0
2024/10/18,0,41354,41474,0,0,0,0,0
2024/10/19,0,0,78176,0,0,0,0,0
2024/10/20,0,20476355,138820,0,0,0,0,0
2024/10/21,0,0,100972,0,0,0,0,0
2024/10/22,0,0,0,0,0,0,0,0
2024/10/23,0,40566,72835,0,0,0,0,0
2024/10/24,0,20479468,36048,0,0,0,0,0
2024/10/25,0,0,36318,0,0,0,0,0
2024/10/26,0,28425,0,0,0,0,0,0
2024/10/27,0,0,0,0,0,0,0,0
2024/10/28,0,0,283275,0,0,0,0,0
2024/10/29,0,20699535,33698,0,0,0,0,0
2024/10/30,0,0,33410,0,0,0,0,0
2024/10/31,0,0,35521,0,0,0,0,40581
2024/11/1,0,19940640,43532,0,0,0,0,0
2024/11/2,0,0,79021,0,0,0,0,0
2024/11/3,0,248777,0,0,0,0,0,0
2024/11/4,0,0,0,0,0,0,0,0
2024/11/5,0,0,0,0,0,0,0,0
2024/11/6,0,0,0,0,0,0,0,0
2024/11/7,0,0,347473,0,0,0,0,0
2024/11/8,0,0,44880,0,0,0,0,7486
2024/11/9,0,0,68838,0,0,0,0,0
2024/11/10,0,19808505,123108,0,0,0,0,0
2024/11/11,0,1022,90186,0,0,0,0,10825
2024/11/12,0,0,35163,0,0,0,0,1413
2024/11/13,0,29078,34294,0,0,0,0,0
2024/11/14,0,25926,36074,0,0,0,0,13695
2024/11/15,0,19448813,93465,0,0,0,0,0
2024/11/16,0,0,91881,0,0,0,0,1380
2024/11/17,0,342169,141183,0,0,0,0,0
2024/11/18,0,0,98896,0,0,0,0,0
2024/11/19,0,19253471,37015,0,0,0,0,6873
2024/11/20,0,0,33571,0,0,0,0,0
2024/11/21,0,0,34273,0,0,0,0,8018
2024/11/22,0,114847,37849,0,0,0,0,766
2024/11/23,0,0,65270,0,0,0,0,417
2024/11/24,0,0,119233,0,0,0,0,1852
2024/11/25,0,107585,89971,0,0,0,0,1609
2024/11/26,0,0,36556,0,0,0,0,1386
2024/11/27,0,32476,35692,0,0,0,0,0
2024/11/28,0,19085086,39298,0,0,0,0,14628
2024/11/29,0,65254,39585,0,0,0,0,1018
2024/11/30,0,0,73055,0,0,0,0,0
2024/12/1,0,0,130535,0,0,0,0,0
2024/12/2,0,19240770,93523,0,0,0,0,1345
2024/12/3,0,0,36381,0,0,0,0,1031
2024/12/4,0,0,34274,0,0,0,0,463
2024/12/5,0,0,34859,0,0,0,0,581
2024/12/6,0,18829313,35342,0,0,0,0,0
2024/12/7,0,0,63325,0,0,0,0,0
2024/12/8,0,0,115468,0,0,0,0,5050
2024/12/9,0,252295,84619,0,0,0,0,1120
2024/12/10,0,0,34281,0,0,0,0,697
2024/12/11,0,72018,32084,0,0,0,0,557
2024/12/12,0,38663,33027,0,0,0,0,662
2024/12/13,0,0,38209,0,0,0,0,46
2024/12/14,0,0,65057,0,0,0,0,777
2024/12/15,0,19177869,116535,0,0,0,0,638
2024/12/16,0,0,82801,0,0,0,0,1324
2024/12/17,0,147229,39226,0,0,0,0,817
2024/12/18,0,34426,35392,0,0,0,0,447
2024/12/19,0,0,34886,0,0,0,0,549
2024/12/20,0,86276,33770,0,0,0,0,423
2024/12/21,0,0,61109,0,0,0,0,500
2024/12/22,0,38270,114437,0,0,0,0,519
2024/12/23,0,0,84741,0,0,0,0,62
2024/12/24,0,0,33191,0,0,0,0,727
2024/12/25,0,18689965,31886,0,0,0,0,248
2024/12/26,0,33417,33807,0,0,0,0,454
2024/12/27,0,0,38073,0,0,0,0,357
2024/12/28,0,0,64761,0,0,0,0,819
2024/12/29,0,0,109713,0,0,0,0,972
2024/12/30,0,0,83615,0,0,0,0,1396
2024/12/31,0,0,41643,0,0,0,0,1320
