"日期","1星","2星","3星","4星","5星"
"2020-01-01","129","20","22","28","217"
"2020-01-02","70","8","17","11","95"
"2020-01-03","84","10","11","12","121"
"2020-01-04","181","28","38","43","266"
"2020-01-05","153","13","27","25","195"
"2020-01-06","131","11","14","18","127"
"2020-01-07","93","16","16","16","148"
"2020-01-08","120","9","12","13","144"
"2020-01-09","1949","241","293","191","901"
"2020-01-10","1243","153","199","119","555"
"2020-01-11","711","88","111","67","382"
"2020-01-12","530","51","70","40","322"
"2020-01-13","493","43","69","34","279"
"2020-01-14","350","40","52","32","243"
"2020-01-15","347","29","51","39","253"
"2020-01-16","464","50","76","42","297"
"2020-01-17","493","74","74","50","288"
"2020-01-18","396","51","62","41","270"
"2020-01-19","442","41","59","51","376"
"2020-01-20","300","23","48","36","240"
"2020-01-21","458","38","61","53","335"
"2020-01-22","373","35","72","44","273"
"2020-01-23","370","36","57","50","334"
"2020-01-24","1498","172","208","148","599"
"2020-01-25","338","35","46","36","237"
"2020-01-26","400","42","57","45","273"
"2020-01-27","501","48","47","44","301"
"2020-01-28","382","39","58","38","265"
"2020-01-29","387","50","55","39","263"
"2020-01-30","470","43","58","53","305"
"2020-01-31","222","36","61","56","282"
"2020-02-01","141","20","21","11","108"
"2020-02-02","789","79","89","92","448"
"2020-02-03","360","40","51","37","270"
"2020-02-04","431","38","58","54","325"
"2020-02-05","402","41","55","51","303"
"2020-02-06","527","30","78","69","328"
"2020-02-07","362","39","44","35","285"
"2020-02-08","442","31","56","39","344"
"2020-02-09","504","41","62","68","361"
"2020-02-10","431","36","59","58","415"
"2020-02-11","654","58","102","95","714"
"2020-02-12","660","58","85","70","726"
"2020-02-13","693","53","96","87","726"
"2020-02-14","735","51","101","73","699"
"2020-02-15","651","49","73","71","551"
"2020-02-16","680","42","72","54","684"
"2020-02-17","777","71","91","92","804"
"2020-02-18","666","58","95","62","633"
"2020-02-19","693","60","83","82","717"
"2020-02-20","713","55","95","73","642"
"2020-02-21","820","64","117","92","701"
"2020-02-22","674","48","74","65","586"
"2020-02-23","827","62","89","101","571"
"2020-02-24","727","56","101","75","612"
"2020-02-25","735","65","90","76","679"
"2020-02-26","674","57","78","87","626"
"2020-02-27","769","48","88","80","691"
"2020-02-28","705","67","104","78","675"
"2020-02-29","668","43","86","56","514"
"2020-03-01","728","55","88","79","604"
"2020-03-02","687","63","77","75","676"
"2020-03-03","624","59","75","65","647"
"2020-03-04","757","61","79","69","606"
"2020-03-05","636","53","63","84","609"
"2020-03-06","680","60","84","67","615"
"2020-03-07","648","51","85","59","580"
"2020-03-08","694","53","76","71","549"
"2020-03-09","924","70","95","81","683"
"2020-03-10","537","52","70","69","537"
"2020-03-11","937","71","132","106","813"
"2020-03-12","637","59","78","62","545"
"2020-03-13","771","62","96","88","653"
"2020-03-14","664","57","86","71","536"
"2020-03-15","537","46","53","54","454"
"2020-03-16","947","76","116","89","882"
"2020-03-17","720","55","93","87","670"
"2020-03-18","695","61","100","73","630"
"2020-03-19","684","47","84","86","616"
"2020-03-20","567","48","73","77","563"
"2020-03-21","629","55","85","52","491"
"2020-03-22","639","45","92","70","493"
"2020-03-23","624","41","78","73","571"
"2020-03-24","687","54","97","84","591"
"2020-03-25","694","52","98","83","629"
"2020-03-26","752","68","105","72","563"
"2020-03-27","610","46","76","60","473"
"2020-03-28","575","42","73","62","452"
"2020-03-29","587","39","83","66","471"
"2020-03-30","682","44","85","89","644"
"2020-03-31","18120","1563","1943","1207","5439"
"2020-04-01","3186","334","414","291","1331"
"2020-04-02","1018","84","124","108","691"
"2020-04-03","875","81","134","101","637"
"2020-04-04","-15","0","-1","0","-2"
"2020-04-05","599","44","74","58","470"
"2020-04-06","550","45","89","63","490"
"2020-04-07","553","39","57","67","562"
"2020-04-08","556","43","92","67","473"
"2020-04-09","543","54","78","60","553"
"2020-04-10","574","38","73","78","526"
"2020-04-11","570","51","66","48","457"
"2020-04-12","559","49","68","48","501"
"2020-04-13","574","38","63","71","454"
"2020-04-14","549","35","66","50","510"
"2020-04-15","558","45","56","70","472"
"2020-04-16","533","46","90","61","529"
"2020-04-17","479","34","66","52","462"
"2020-04-18","332","40","57","57","513"
"2020-04-19","464","47","70","55","477"
"2020-04-20","452","39","52","59","428"
"2020-04-21","457","41","61","60","445"
"2020-04-22","410","27","58","43","437"
"2020-04-23","20","18","35","42","265"
"2020-04-24","358","29","45","37","365"
"2020-04-25","383","37","54","51","412"
"2020-04-26","517","46","45","51","438"
"2020-04-27","317","24","36","47","359"
"2020-04-28","316","20","36","33","334"
"2020-04-29","484","41","69","47","568"
"2020-04-30","1210","97","142","114","873"
"2020-05-01","0","0","0","0","0"
"2020-05-02","439220","39711","67370","68420","477252"
"2020-05-03","810","59","100","85","711"
"2020-05-04","0","0","0","0","0"
"2020-05-05","440847","39827","67578","68601","478695"
"2020-05-06","497","44","60","76","589"
"2020-05-07","589","57","76","60","694"
"2020-05-08","423","22","39","42","418"
"2020-05-09","381","31","42","32","342"
"2020-05-10","438","34","43","33","417"
"2020-05-11","321","24","36","28","264"
"2020-05-12","267","25","31","21","256"
"2020-05-13","453","25","43","31","304"
"2020-05-14","400","19","47","22","279"
"2020-05-15","414","21","39","28","355"
"2020-05-16","404","37","61","36","403"
"2020-05-17","432","31","57","33","354"
"2020-05-18","326","17","33","23","299"
"2020-05-19","251","12","34","31","228"
"2020-05-20","93","5","10","14","73"
"2020-05-21","0","0","0","0","0"
"2020-05-22","-1","0","0","0","0"
"2020-05-23","0","0","0","0","0"
"2020-05-24","-7","0","0","0","-1"
"2020-05-25","265","21","33","17","208"
"2020-05-26","341","28","32","36","245"
"2020-05-27","218","11","32","21","210"
"2020-05-28","271","15","18","22","239"
"2020-05-29","349","14","32","36","288"
"2020-05-30","346","25","40","36","346"
"2020-05-31","426","23","52","38","422"
"2020-06-01","166","13","10","16","245"
"2020-06-02","72","5","10","9","62"
"2020-06-03","0","0","0","0","-1"
"2020-06-04","-94","-4","-6","-3","-28"
"2020-06-05","148","11","25","19","171"
"2020-06-06","316","28","42","38","386"
"2020-06-07","334","21","34","56","339"
"2020-06-08","189","18","19","14","180"
"2020-06-09","165","23","26","28","191"
"2020-06-10","174","13","17","20","160"
"2020-06-11","140","10","15","18","174"
"2020-06-12","185","12","25","23","240"
"2020-06-13","324","15","43","39","358"
"2020-06-14","312","17","46","47","335"
"2020-06-15","163","14","26","15","180"
"2020-06-16","126","6","17","19","180"
"2020-06-17","191","30","29","30","287"
"2020-06-18","294","32","77","64","507"
"2020-06-19","266","24","62","69","442"
"2020-06-20","343","47","64","74","566"
"2020-06-21","361","41","45","53","504"
"2020-06-22","246","20","33","35","298"
"2020-06-23","294","27","30","36","316"
"2020-06-24","259","13","47","43","385"
"2020-06-25","405","32","69","74","555"
"2020-06-26","366","31","46","54","449"
"2020-06-27","285","38","42","45","369"
"2020-06-28","193","15","27","27","254"
"2020-06-29","236","17","29","41","233"
"2020-06-30","323","34","45","31","339"
"2020-07-01","187","18","32","25","255"
"2020-07-02","252","30","34","42","346"
"2020-07-03","245","25","38","36","325"
"2020-07-04","332","21","45","59","456"
"2020-07-05","364","29","41","45","410"
"2020-07-06","290","23","31","32","314"
"2020-07-07","404","35","32","47","324"
"2020-07-08","69","5","5","9","86"
"2020-07-09","0","0","0","0","0"
"2020-07-10","4158","470","614","500","2885"
"2020-07-11","557","73","90","77","587"
"2020-07-12","602","58","72","75","534"
"2020-07-13","374","30","50","51","444"
"2020-07-14","1368","139","183","130","782"
"2020-07-15","572","50","93","65","527"
"2020-07-16","455","27","56","60","465"
"2020-07-17","491","44","68","60","463"
"2020-07-18","563","42","67","65","520"
"2020-07-19","458","32","44","51","405"
"2020-07-20","431","36","49","52","429"
"2020-07-21","464","47","56","60","417"
"2020-07-22","561","45","72","73","499"
"2020-07-23","413","33","55","52","381"
"2020-07-24","445","27","70","48","401"
"2020-07-25","490","26","66","52","504"
"2020-07-26","457","42","46","45","436"
"2020-07-27","341","27","65","45","400"
"2020-07-28","574","52","54","46","535"
"2020-07-29","453","42","61","59","448"
"2020-07-30","400","30","62","40","337"
"2020-07-31","536","39","56","45","509"
"2020-08-01","495","35","52","50","478"
"2020-08-02","479","42","48","49","430"
"2020-08-03","416","34","53","55","396"
"2020-08-04","528","32","66","70","399"
"2020-08-05","577","44","63","66","438"
"2020-08-06","493","39","57","65","481"
"2020-08-07","423","33","49","54","430"
"2020-08-08","451","35","50","59","440"
"2020-08-09","419","21","51","48","438"
"2020-08-10","379","26","58","40","337"
"2020-08-11","422","43","53","54","476"
"2020-08-12","432","37","58","43","393"
"2020-08-13","551","39","62","83","496"
"2020-08-14","534","47","70","44","433"
"2020-08-15","389","38","39","44","352"
"2020-08-16","423","49","66","51","445"
"2020-08-17","504","40","56","65","640"
"2020-08-18","522","35","70","62","449"
"2020-08-19","605","36","82","56","532"
"2020-08-20","409","39","103","148","1103"
"2020-08-21","343","35","75","83","544"
"2020-08-22","386","29","67","56","469"
"2020-08-23","364","35","36","34","430"
"2020-08-24","263","16","36","44","379"
"2020-08-25","415","34","76","77","461"
"2020-08-26","376","31","50","61","372"
"2020-08-27","387","46","56","55","398"
"2020-08-28","389","35","36","42","406"
"2020-08-29","310","26","52","26","284"
"2020-08-30","328","33","43","38","352"
"2020-08-31","223","14","22","31","264"
"2020-09-01","159","10","19","23","160"
"2020-09-02","106","9","24","17","92"
"2020-09-03","125","11","13","16","139"
"2020-09-04","96","9","22","10","175"
"2020-09-05","199","22","34","28","256"
"2020-09-06","299","21","40","25","420"
"2020-09-07","133","6","11","16","158"
"2020-09-08","95","7","11","14","94"
"2020-09-09","149","10","16","18","159"
"2020-09-10","97","8","10","9","99"
"2020-09-11","-165","-20","-17","-7","134"
"2020-09-12","254","17","35","39","406"
"2020-09-13","225","22","34","32","341"
"2020-09-14","101","9","27","8","117"
"2020-09-15","90","2","12","10","110"
"2020-09-16","125","13","19","19","149"
"2020-09-17","90","11","16","8","109"
"2020-09-18","0","0","0","0","0"
"2020-09-19","488534","43831","73900","74486","527532"
"2020-09-20","251","20","30","49","449"
"2020-09-21","89","7","12","9","126"
"2020-09-22","106","6","16","19","124"
"2020-09-23","64","7","9","10","82"
"2020-09-24","963","83","132","109","675"
"2020-09-25","1086","120","154","93","604"
"2020-09-26","1010","124","180","172","1043"
"2020-09-27","142","13","15","23","120"
"2020-09-28","172","14","32","30","158"
"2020-09-29","171","12","19","18","159"
"2020-09-30","201","19","37","26","215"
"2020-10-01","322","40","65","55","604"
"2020-10-02","348","28","58","52","507"
"2020-10-03","356","25","32","49","388"
"2020-10-04","252","16","36","40","310"
"2020-10-05","328","23","52","50","435"
"2020-10-06","340","29","41","54","425"
"2020-10-07","290","30","36","32","252"
"2020-10-08","204","18","26","18","258"
"2020-10-09","91","6","17","19","120"
"2020-10-10","119","5","11","22","124"
"2020-10-11","168","25","24","19","272"
"2020-10-12","62","2","7","9","54"
"2020-10-13","141","15","14","21","138"
"2020-10-14","77","7","10","8","92"
"2020-10-15","129","17","33","9","158"
"2020-10-16","91","9","14","19","133"
"2020-10-17","230","17","28","31","326"
"2020-10-18","268","30","41","50","375"
"2020-10-19","67","8","17","8","68"
"2020-10-20","86","3","7","7","71"
"2020-10-21","127","9","11","21","142"
"2020-10-22","66","9","10","7","57"
"2020-10-23","89","10","14","14","114"
"2020-10-24","308","25","46","33","388"
"2020-10-25","127","9","16","17","237"
"2020-10-26","274","23","38","33","375"
"2020-10-27","129","9","12","7","89"
"2020-10-28","74","12","10","17","52"
"2020-10-29","132","9","23","19","196"
"2020-10-30","163","20","17","27","305"
"2020-10-31","286","18","32","41","428"
"2020-11-01","152","12","22","25","212"
"2020-11-02","212","14","29","33","201"
"2020-11-03","108","18","14","11","139"
"2020-11-04","66","9","15","11","100"
"2020-11-05","215","20","28","25","167"
"2020-11-06","0","0","0","0","0"
"2020-11-07","499505","44847","75467","75978","539811"
"2020-11-08","289","21","41","33","378"
"2020-11-09","183","15","34","24","244"
"2020-11-10","184","10","22","13","181"
"2020-11-11","102","8","12","6","109"
"2020-11-12","110","8","16","10","115"
"2020-11-13","174","9","13","16","157"
"2020-11-14","254","25","36","32","364"
"2020-11-15","207","19","23","27","271"
"2020-11-16","78","2","12","5","73"
"2020-11-17","152","3","20","16","125"
"2020-11-18","100","4","13","9","112"
"2020-11-19","127","8","17","15","171"
"2020-11-20","93","6","14","9","112"
"2020-11-21","213","17","24","30","282"
"2020-11-22","113","9","18","13","143"
"2020-11-23","178","14","24","24","258"
"2020-11-24","105","11","18","6","98"
"2020-11-25","133","8","22","16","163"
"2020-11-26","0","0","0","0","0"
"2020-11-27","502461","45057","75865","76302","543330"
"2020-11-28","230","17","28","30","275"
"2020-11-29","233","13","24","25","282"
"2020-11-30","166","17","28","17","219"
"2020-12-01","157","17","16","16","188"
"2020-12-02","66","9","17","6","76"
"2020-12-03","87","3","12","11","71"
"2020-12-04","158","10","14","22","239"
"2020-12-05","30","1","6","2","15"
"2020-12-06","240","16","26","38","327"
"2020-12-07","204","15","30","34","296"
"2020-12-08","50","2","5","3","62"
"2020-12-09","179","8","23","29","271"
"2020-12-10","37","2","4","0","25"
"2020-12-11","151","17","18","15","155"
"2020-12-12","0","0","0","0","0"
"2020-12-13","504886","45253","76170","76615","546288"
"2020-12-14","271","29","42","43","315"
"2020-12-15","98","6","14","15","75"
"2020-12-16","61","5","4","6","40"
"2020-12-17","98","8","10","13","118"
"2020-12-18","202","17","25","13","228"
"2020-12-19","165","11","29","17","218"
"2020-12-20","226","19","31","35","308"
"2020-12-21","112","12","12","10","112"
"2020-12-22","62","5","9","7","71"
"2020-12-23","164","8","17","16","142"
"2020-12-24","52","3","7","5","44"
"2020-12-25","165","18","18","24","180"
"2020-12-26","189","15","19","27","264"
"2020-12-27","111","10","15","19","121"
"2020-12-28","213","20","25","33","264"
"2020-12-29","93","10","9","14","86"
"2020-12-30","93","9","13","17","97"
"2020-12-31","196","15","29","24","242"
"2021-01-01","225","13","36","41","501"
"2021-01-02","369","26","50","55","730"
"2021-01-03","253","23","25","42","334"
"2021-01-04","60","3","10","3","87"
"2021-01-05","77","6","9","9","66"
"2021-01-06","157","10","17","13","177"
"2021-01-07","103","8","22","14","132"
"2021-01-08","195","13","27","31","219"
"2021-01-09","126","9","18","21","252"
"2021-01-10","264","25","37","46","431"
"2021-01-11","188","14","19","25","258"
"2021-01-12","136","16","21","13","178"
"2021-01-13","161","14","28","28","222"
"2021-01-14","0","0","0","0","0"
"2021-01-15","526954","47261","78603","78320","557189"
"2021-01-16","4368","468","461","305","1219"
"2021-01-17","2282","204","254","147","642"
"2021-01-18","999","89","103","67","398"
"2021-01-19","503","48","59","44","269"
"2021-01-20","687","72","93","54","399"
"2021-01-21","574","58","89","64","367"
"2021-01-22","490","48","66","47","313"
"2021-01-23","513","54","75","56","305"
"2021-01-24","657","61","83","62","455"
"2021-01-25","289","23","34","22","222"
"2021-01-26","559","59","86","78","455"
"2021-01-27","409","46","49","46","343"
"2021-01-28","642","57","91","60","497"
"2021-01-29","310","27","39","42","282"
"2021-01-30","568","56","79","81","511"
"2021-01-31","390","38","39","46","291"
"2021-02-01","513","43","70","79","438"
"2021-02-02","475","61","53","51","341"
"2021-02-03","644","49","72","79","516"
"2021-02-04","412","27","60","42","375"
"2021-02-05","715","52","68","78","460"
"2021-02-06","675","31","76","45","394"
"2021-02-07","475","27","62","44","361"
"2021-02-08","735","52","92","67","436"
"2021-02-09","685","62","80","62","411"
"2021-02-10","709","52","87","67","425"
"2021-02-11","1135","58","75","48","419"
"2021-02-12","390","41","44","57","328"
"2021-02-13","357","23","36","41","291"
"2021-02-14","685","49","73","54","438"
"2021-02-15","454","31","42","50","355"
"2021-02-16","532","44","72","72","396"
"2021-02-17","310","26","33","48","295"
"2021-02-18","397","28","44","38","380"
"2021-02-19","476","32","56","54","400"
"2021-02-20","363","27","36","48","306"
"2021-02-21","150","11","21","13","155"
"2021-02-22","300","28","31","31","286"
"2021-02-23","446","46","57","52","442"
"2021-02-24","475","42","64","58","539"
"2021-02-25","363","32","56","47","340"
"2021-02-26","209","18","32","20","200"
"2021-02-27","424","40","41","65","445"
"2021-02-28","182","10","29","22","213"
"2021-03-01","143","17","16","19","150"
"2021-03-02","100","4","11","10","69"
"2021-03-03","144","12","19","22","155"
"2021-03-04","55","2","5","7","34"
"2021-03-05","0","0","0","0","0"
"2021-03-06","0","0","0","0","0"
"2021-03-07","-1","0","0","0","0"
"2021-03-08","77","8","13","13","85"
"2021-03-09","107","16","14","17","95"
"2021-03-10","127","10","14","11","106"
"2021-03-11","148","8","19","18","144"
"2021-03-12","119","5","10","19","107"
"2021-03-13","268","17","43","29","306"
"2021-03-14","243","21","39","44","304"
"2021-03-15","119","7","10","12","106"
"2021-03-16","139","14","15","18","122"
"2021-03-17","93","5","8","9","82"
"2021-03-18","112","16","12","16","92"
"2021-03-19","169","8","21","13","158"
"2021-03-20","274","22","27","36","309"
"2021-03-21","205","28","31","23","256"
"2021-03-22","98","9","8","16","121"
"2021-03-23","102","11","9","9","96"
"2021-03-24","98","5","9","13","69"
"2021-03-25","125","4","6","16","95"
"2021-03-26","129","10","18","15","144"
"2021-03-27","201","18","38","47","330"
"2021-03-28","237","21","35","42","304"
"2021-03-29","102","6","10","15","85"
"2021-03-30","129","15","21","16","122"
"2021-03-31","125","6","21","7","114"
"2021-04-01","87","10","10","14","104"
"2021-04-02","155","10","18","21","153"
"2021-04-03","291","27","51","36","396"
"2021-04-04","218","21","32","43","314"
"2021-04-05","228","20","28","39","267"
"2021-04-06","103","10","9","15","102"
"2021-04-07","86","6","7","10","112"
"2021-04-08","880","125","204","139","860"
"2021-04-09","607","65","107","79","416"
"2021-04-10","605","55","96","92","570"
"2021-04-11","405","46","64","57","339"
"2021-04-12","165","11","19","11","112"
"2021-04-13","168","10","24","19","101"
"2021-04-14","188","27","26","25","160"
"2021-04-15","178","24","19","19","171"
"2021-04-16","249","18","35","38","183"
"2021-04-17","307","19","54","44","329"
"2021-04-18","247","34","35","35","274"
"2021-04-19","77","9","12","14","56"
"2021-04-20","142","15","19","21","107"
"2021-04-21","187","20","20","14","124"
"2021-04-22","103","7","11","6","93"
"2021-04-23","61","2","4","2","59"
"2021-04-24","363","39","48","46","412"
"2021-04-25","84","6","16","7","89"
"2021-04-26","136","9","23","12","121"
"2021-04-27","87","11","11","8","78"
"2021-04-28","223","15","25","11","158"
"2021-04-29","114","13","11","11","96"
"2021-04-30","230","34","37","36","241"
"2021-05-01","365","27","49","40","323"
"2021-05-02","273","23","44","45","288"
"2021-05-03","301","28","41","49","350"
"2021-05-04","333","31","48","37","328"
"2021-05-05","242","15","22","27","244"
"2021-05-06","74","6","14","8","67"
"2021-05-07","148","11","10","19","92"
"2021-05-08","144","9","18","18","130"
"2021-05-09","270","26","31","39","255"
"2021-05-10","97","4","21","15","82"
"2021-05-11","156","17","17","14","132"
"2021-05-12","110","10","19","16","87"
"2021-05-13","133","16","23","11","106"
"2021-05-14","163","16","20","18","152"
"2021-05-15","275","26","36","32","298"
"2021-05-16","311","16","34","37","276"
"2021-05-17","136","15","23","18","96"
"2021-05-18","147","10","18","17","110"
"2021-05-19","153","13","18","20","88"
"2021-05-20","165","14","21","12","122"
"2021-05-21","184","18","28","20","146"
"2021-05-22","269","17","51","41","310"
"2021-05-23","257","18","23","31","235"
"2021-05-24","107","6","6","10","78"
"2021-05-25","137","7","15","12","79"
"2021-05-26","166","15","22","10","99"
"2021-05-27","137","10","12","10","78"
"2021-05-28","200","15","14","18","158"
"2021-05-29","283","24","33","27","281"
"2021-05-30","254","23","30","32","247"
"2021-05-31","95","3","13","15","84"
"2021-06-01","185","18","20","17","152"
"2021-06-02","142","15","20","14","112"
"2021-06-03","88","6","5","9","41"
"2021-06-04","1","0","0","0","0"
"2021-06-05","200","15","32","22","222"
"2021-06-06","286","31","30","30","265"
"2021-06-07","159","6","20","17","142"
"2021-06-08","175","16","19","22","112"
"2021-06-09","106","8","17","8","104"
"2021-06-10","210","19","26","15","134"
"2021-06-11","327","35","34","30","162"
"2021-06-12","372","38","49","40","288"
"2021-06-13","297","23","40","41","338"
"2021-06-14","303","38","47","23","255"
"2021-06-15","385","38","46","31","153"
"2021-06-16","128","11","13","15","94"
"2021-06-17","178","16","20","21","173"
"2021-06-18","194","10","42","26","171"
"2021-06-19","213","24","39","34","254"
"2021-06-20","338","41","41","49","313"
"2021-06-21","132","8","33","19","136"
"2021-06-22","180","11","28","21","170"
"2021-06-23","1477","189","237","212","987"
"2021-06-24","562","61","81","68","351"
"2021-06-25","408","40","69","46","336"
"2021-06-26","327","28","58","52","393"
"2021-06-27","368","34","58","55","386"
"2021-06-28","254","22","34","28","237"
"2021-06-29","286","26","38","25","246"
"2021-06-30","18","4","2","6","18"
"2021-07-01","-7","-1","-1","0","0"
"2021-07-02","377","26","46","34","273"
"2021-07-03","487","34","37","36","312"
"2021-07-04","422","34","47","45","297"
"2021-07-05","378","33","40","29","270"
"2021-07-06","350","28","41","34","274"
"2021-07-07","503","34","52","49","353"
"2021-07-08","440","37","56","44","300"
"2021-07-09","383","34","42","41","277"
"2021-07-10","461","35","57","54","306"
"2021-07-11","358","31","34","34","246"
"2021-07-12","435","31","56","56","330"
"2021-07-13","424","33","55","49","280"
"2021-07-14","445","37","53","43","323"
"2021-07-15","441","34","65","49","314"
"2021-07-16","516","42","61","54","348"
"2021-07-17","391","25","58","52","289"
"2021-07-18","402","21","43","33","311"
"2021-07-19","476","44","57","67","364"
"2021-07-20","480","45","46","40","329"
"2021-07-21","490","46","50","43","343"
"2021-07-22","508","43","67","46","350"
"2021-07-23","383","26","42","42","269"
"2021-07-24","498","35","54","55","297"
"2021-07-25","449","37","50","45","310"
"2021-07-26","340","21","48","36","241"
"2021-07-27","497","39","60","56","364"
"2021-07-28","535","49","62","64","418"
"2021-07-29","425","33","41","36","318"
"2021-07-30","668","53","68","64","378"
"2021-07-31","443","29","34","41","298"
"2021-08-01","548","42","48","51","372"
"2021-08-02","566","51","86","56","454"
"2021-08-03","582","29","67","45","305"
"2021-08-04","1128","76","101","72","467"
"2021-08-05","740","61","80","44","351"
"2021-08-06","654","49","59","64","287"
"2021-08-07","902","62","99","63","517"
"2021-08-08","918","82","74","72","426"
"2021-08-09","618","56","55","47","289"
"2021-08-10","929","73","96","54","347"
"2021-08-11","828","78","89","65","346"
"2021-08-12","667","62","74","75","337"
"2021-08-13","688","56","78","58","346"
"2021-08-14","684","48","68","51","359"
"2021-08-15","605","46","63","56","317"
"2021-08-16","498","39","43","44","289"
"2021-08-17","744","56","94","70","373"
"2021-08-18","526","44","47","45","302"
"2021-08-19","685","48","73","62","395"
"2021-08-20","575","36","56","51","336"
"2021-08-21","551","45","63","48","318"
"2021-08-22","429","34","67","39","261"
"2021-08-23","617","50","73","55","297"
"2021-08-24","564","61","132","167","922"
"2021-08-25","465","38","87","87","447"
"2021-08-26","497","40","62","55","382"
"2021-08-27","469","36","55","49","309"
"2021-08-28","525","44","52","50","373"
"2021-08-29","415","21","50","43","269"
"2021-08-30","353","35","44","30","243"
"2021-08-31","8144","178","160","87","535"
"2021-09-01","56560","763","492","261","4199"
"2021-09-02","130675","1345","939","584","14245"
"2021-09-03","94391","943","661","437","10568"
"2021-09-04","102541","1169","790","505","11931"
"2021-09-05","60392","706","535","350","9240"
"2021-09-06","24862","297","231","167","6835"
"2021-09-07","13035","157","153","105","3403"
"2021-09-08","9596","125","114","69","2366"
"2021-09-09","7562","88","95","59","1606"
"2021-09-10","10686","130","112","92","2037"
"2021-09-11","24404","343","258","164","3821"
"2021-09-12","11557","163","154","96","1837"
"2021-09-13","3940","59","44","41","795"
"2021-09-14","2465","47","38","25","497"
"2021-09-15","2481","49","45","33","538"
"2021-09-16","1754","25","22","14","410"
"2021-09-17","2345","43","45","18","490"
"2021-09-18","9776","166","122","65","1055"
"2021-09-19","10782","157","149","114","1783"
"2021-09-20","8397","120","102","68","1295"
"2021-09-21","7009","107","102","54","1244"
"2021-09-22","2235","36","38","23","432"
"2021-09-23","2408","94","102","80","922"
"2021-09-24","2324","51","58","36","601"
"2021-09-25","5041","104","120","78","1293"
"2021-09-26","2214","30","53","22","387"
"2021-09-27","1258","28","29","27","340"
"2021-09-28","1317","18","29","15","338"
"2021-09-29","1464","32","33","28","398"
"2021-09-30","3386","75","79","63","890"
"2021-10-01","65","1","-1","3","9"
"2021-10-02","-15","0","0","0","-1"
"2021-10-03","-11","0","0","0","0"
"2021-10-04","-3","0","0","0","0"
"2021-10-05","-5","0","0","0","0"
"2021-10-06","-5","0","0","0","0"
"2021-10-07","-30","0","-1","-1","-3"
"2021-10-08","2848","57","74","53","1062"
"2021-10-09","4102","99","84","56","1021"
"2021-10-10","3953","89","98","70","1733"
"2021-10-11","1302","33","35","23","521"
"2021-10-12","1523","45","43","40","603"
"2021-10-13","1219","34","44","25","515"
"2021-10-14","860","8","11","8","351"
"2021-10-15","1306","32","43","35","663"
"2021-10-16","3138","88","91","64","1263"
"2021-10-17","1108","53","34","52","674"
"2021-10-18","-2248","-38","-27","1","27"
"2021-10-19","-4632","-79","-40","-16","-63"
"2021-10-20","-4969","-87","-48","-24","-52"
"2021-10-21","-1667","-24","-9","1","28"
"2021-10-22","573","16","23","32","426"
"2021-10-23","1548","62","63","43","693"
"2021-10-24","838","39","24","18","423"
"2021-10-25","325","4","-2","2","82"
"2021-10-26","230","-3","3","3","50"
"2021-10-27","422","14","5","15","106"
"2021-10-28","429","12","5","8","122"
"2021-10-29","735","16","26","7","304"
"2021-10-30","1730","51","62","59","764"
"2021-10-31","1047","37","40","33","507"
"2021-11-01","485","10","23","7","192"
"2021-11-02","463","6","11","14","154"
"2021-11-03","490","8","2","8","165"
"2021-11-04","365","21","20","16","134"
"2021-11-05","721","25","27","12","252"
"2021-11-06","1140","42","43","38","463"
"2021-11-07","1024","39","44","34","403"
"2021-11-08","362","7","8","11","170"
"2021-11-09","535","14","24","7","114"
"2021-11-10","122","-16","-16","-3","50"
"2021-11-11","345","5","9","6","93"
"2021-11-12","583","18","15","13","214"
"2021-11-13","1054","39","40","36","411"
"2021-11-14","803","30","35","27","266"
"2021-11-15","340","11","14","9","91"
"2021-11-16","384","8","9","9","104"
"2021-11-17","316","9","10","12","84"
"2021-11-18","369","11","8","15","97"
"2021-11-19","381","10","15","8","146"
"2021-11-20","926","38","40","41","416"
"2021-11-21","624","23","28","23","260"
"2021-11-22","-201","13","15","12","38"
"2021-11-23","-301","1","-4","8","3"
"2021-11-24","-245","4","7","3","34"
"2021-11-25","-27","4","1","8","28"
"2021-11-26","111","21","11","7","73"
"2021-11-27","659","29","37","43","370"
"2021-11-28","596","18","31","28","207"
"2021-11-29","338","13","15","11","119"
"2021-11-30","372","7","8","6","111"
"2021-12-01","316","16","18","13","134"
"2021-12-02","323","16","9","22","105"
"2021-12-03","418","16","18","17","181"
"2021-12-04","794","32","37","30","346"
"2021-12-05","645","26","29","29","279"
"2021-12-06","336","20","13","13","112"
"2021-12-07","290","16","20","15","101"
"2021-12-08","252","8","11","13","115"
"2021-12-09","255","10","15","7","96"
"2021-12-10","288","5","7","7","101"
"2021-12-11","800","25","43","36","338"
"2021-12-12","776","21","41","32","282"
"2021-12-13","218","8","9","8","71"
"2021-12-14","37","3","6","-1","12"
"2021-12-15","424","20","22","23","167"
"2021-12-16","359","18","20","20","113"
"2021-12-17","378","16","22","13","145"
"2021-12-18","591","19","32","25","311"
"2021-12-19","620","30","33","24","230"
"2021-12-20","283","13","15","10","74"
"2021-12-21","244","16","12","10","96"
"2021-12-22","268","15","16","12","113"
"2021-12-23","316","8","15","8","100"
"2021-12-24","346","7","21","15","145"
"2021-12-25","580","24","40","34","253"
"2021-12-26","557","17","32","18","216"
"2021-12-27","268","19","10","14","93"
"2021-12-28","230","10","18","9","94"
"2021-12-29","279","13","13","9","107"
"2021-12-30","287","14","17","14","105"
"2021-12-31","425","15","22","17","178"
"2022-01-01","3428","128","111","74","431"
"2022-01-02","460","29","49","31","364"
"2022-01-03","601","24","29","27","241"
"2022-01-04","369","11","22","16","121"
"2022-01-05","348","14","13","12","127"
"2022-01-06","3903","290","305","180","1010"
"2022-01-07","2181","138","138","103","462"
"2022-01-08","1834","97","122","86","503"
"2022-01-09","1367","80","70","42","384"
"2022-01-10","823","46","28","31","209"
"2022-01-11","907","42","38","27","241"
"2022-01-12","932","47","54","38","291"
"2022-01-13","1163","45","50","26","286"
"2022-01-14","981","59","59","39","281"
"2022-01-15","1120","66","70","48","359"
"2022-01-16","1195","56","68","51","361"
"2022-01-17","1398","76","83","46","350"
"2022-01-18","2384","108","122","86","496"
"2022-01-19","1214","63","69","49","427"
"2022-01-20","868","43","52","36","284"
"2022-01-21","1308","53","62","60","412"
"2022-01-22","1076","45","49","45","348"
"2022-01-23","999","43","64","36","297"
"2022-01-24","1145","44","64","58","333"
"2022-01-25","1046","62","70","44","379"
"2022-01-26","1161","61","71","48","362"
"2022-01-27","1237","52","71","47","381"
"2022-01-28","1272","75","61","47","376"
"2022-01-29","3818","143","132","68","428"
"2022-01-30","1797","93","78","45","310"
"2022-01-31","1005","63","57","31","301"
"2022-02-01","1218","65","63","49","304"
"2022-02-02","837","31","38","35","265"
"2022-02-03","1077","53","50","54","343"
"2022-02-04","823","41","50","38","313"
"2022-02-05","660","40","44","27","232"
"2022-02-06","1154","50","56","41","335"
"2022-02-07","979","47","57","48","325"
"2022-02-08","833","34","42","39","276"
"2022-02-09","786","45","48","35","292"
"2022-02-10","1101","56","58","47","358"
"2022-02-11","763","39","44","39","270"
"2022-02-12","1165","54","73","59","347"
"2022-02-13","882","44","64","40","281"
"2022-02-14","726","38","40","39","212"
"2022-02-15","975","46","65","41","321"
"2022-02-16","650","32","42","35","207"
"2022-02-17","577","34","31","35","204"
"2022-02-18","583","35","34","34","189"
"2022-02-19","914","54","73","39","311"
"2022-02-20","713","40","40","25","234"
"2022-02-21","422","24","30","33","149"
"2022-02-22","503","41","108","133","746"
"2022-02-23","357","16","26","24","196"
"2022-02-24","431","21","28","24","200"
"2022-02-25","120","2","6","8","58"
"2022-02-26","933","33","69","52","416"
"2022-02-27","399","11","24","36","188"
"2022-02-28","230","11","9","13","85"
"2022-03-01","334","11","37","20","118"
"2022-03-02","303","15","13","14","103"
"2022-03-03","14","1","0","1","4"
"2022-03-04","-6","0","0","0","0"
"2022-03-05","-4","0","0","0","-1"
"2022-03-06","-14","0","0","0","0"
"2022-03-07","82","6","6","3","28"
"2022-03-08","384","15","25","15","132"
"2022-03-09","176","10","10","10","69"
"2022-03-10","349","16","20","9","115"
"2022-03-11","279","13","10","9","129"
"2022-03-12","564","36","26","35","206"
"2022-03-13","643","28","41","27","253"
"2022-03-14","381","14","18","17","158"
"2022-03-15","412","21","28","23","119"
"2022-03-16","200","9","16","8","63"
"2022-03-17","451","21","27","21","178"
"2022-03-18","506","16","32","20","163"
"2022-03-19","577","30","33","32","211"
"2022-03-20","468","20","24","28","178"
"2022-03-21","411","16","22","16","136"
"2022-03-22","379","16","17","26","117"
"2022-03-23","311","16","18","22","110"
"2022-03-24","501","29","29","13","159"
"2022-03-25","411","13","18","26","164"
"2022-03-26","598","18","33","20","248"
"2022-03-27","691","26","34","21","195"
"2022-03-28","331","13","12","20","127"
"2022-03-29","280","16","17","13","94"
"2022-03-30","501","26","30","25","184"
"2022-03-31","456","27","30","23","178"
"2022-04-01","435","16","18","23","158"
"2022-04-02","302","13","15","21","141"
"2022-04-03","1486","71","59","53","333"
"2022-04-04","645","43","39","43","242"
"2022-04-05","675","28","38","34","228"
"2022-04-06","508","18","22","19","171"
"2022-04-07","515","24","34","31","169"
"2022-04-08","583","30","33","21","208"
"2022-04-09","689","35","41","31","272"
"2022-04-10","612","31","41","32","226"
"2022-04-11","413","20","30","22","197"
"2022-04-12","406","18","22","27","185"
"2022-04-13","381","23","25","21","159"
"2022-04-14","1588","121","166","174","789"
"2022-04-15","840","60","69","62","319"
"2022-04-16","1216","73","98","53","469"
"2022-04-17","729","28","51","37","234"
"2022-04-18","547","22","36","28","194"
"2022-04-19","324","22","21","15","90"
"2022-04-20","380","35","27","25","130"
"2022-04-21","651","29","45","30","184"
"2022-04-22","499","25","30","26","167"
"2022-04-23","783","35","48","35","244"
"2022-04-24","610","31","28","20","131"
"2022-04-25","525","25","25","26","139"
"2022-04-26","334","12","14","13","96"
"2022-04-27","570","28","25","20","146"
"2022-04-28","458","32","31","17","115"
"2022-04-29","598","36","44","30","190"
"2022-04-30","968","42","48","32","298"
"2022-05-01","1000","34","42","41","269"
"2022-05-02","872","40","34","21","204"
"2022-05-03","932","53","39","28","223"
"2022-05-04","912","38","43","37","187"
"2022-05-05","624","21","28","21","144"
"2022-05-06","350","13","16","10","90"
"2022-05-07","1063","54","57","25","190"
"2022-05-08","849","28","37","28","195"
"2022-05-09","589","12","19","18","103"
"2022-05-10","389","18","9","7","48"
"2022-05-11","928","40","31","23","182"
"2022-05-12","489","19","13","12","76"
"2022-05-13","777","28","30","22","160"
"2022-05-14","751","38","39","38","186"
"2022-05-15","1155","31","45","32","267"
"2022-05-16","341","13","9","5","56"
"2022-05-17","788","28","25","9","146"
"2022-05-18","629","23","29","17","90"
"2022-05-19","583","15","16","13","107"
"2022-05-20","606","21","26","8","105"
"2022-05-21","862","34","32","37","195"
"2022-05-22","1149","43","46","34","267"
"2022-05-23","529","18","11","11","90"
"2022-05-24","260","8","10","5","47"
"2022-05-25","572","10","13","11","108"
"2022-05-26","283","7","7","9","55"
"2022-05-27","1052","27","40","31","192"
"2022-05-28","796","40","42","19","197"
"2022-05-29","528","19","17","15","91"
"2022-05-30","805","23","17","17","135"
"2022-05-31","493","14","10","7","62"
"2022-06-01","740","29","33","13","127"
"2022-06-02","1161","48","31","21","152"
"2022-06-03","838","25","32","30","183"
"2022-06-04","631","21","37","15","135"
"2022-06-05","761","31","33","21","116"
"2022-06-06","1072","42","37","27","232"
"2022-06-07","346","15","12","5","51"
"2022-06-08","1332","57","41","35","193"
"2022-06-09","408","15","6","7","52"
"2022-06-10","819","38","39","22","137"
"2022-06-11","355","19","12","9","61"
"2022-06-12","1490","67","59","47","313"
"2022-06-13","569","12","17","7","73"
"2022-06-14","356","9","11","5","60"
"2022-06-15","838","28","29","18","138"
"2022-06-16","743","23","30","16","119"
"2022-06-17","878","27","32","28","174"
"2022-06-18","816","28","34","36","197"
"2022-06-19","570","19","24","14","119"
"2022-06-20","1068","36","42","32","209"
"2022-06-21","279","8","4","5","46"
"2022-06-22","945","34","25","20","145"
"2022-06-23","2248","92","100","57","352"
"2022-06-24","3337","77","72","50","307"
"2022-06-25","0","0","0","0","0"
"2022-06-26","1420704","70273","104050","98124","764102"
"2022-06-27","1454","54","49","34","231"
"2022-06-28","379","15","11","8","69"
"2022-06-29","920","31","37","19","160"
"2022-06-30","1408","57","64","28","256"
"2022-07-01","1372","49","67","28","201"
"2022-07-02","940","41","27","23","170"
"2022-07-03","1387","54","65","39","260"
"2022-07-04","804","26","34","17","113"
"2022-07-05","878","31","32","19","156"
"2022-07-06","1155","36","56","37","218"
"2022-07-07","649","40","30","16","116"
"2022-07-08","1113","52","52","22","215"
"2022-07-09","1396","54","62","34","275"
"2022-07-10","1164","48","45","35","203"
"2022-07-11","879","37","41","14","132"
"2022-07-12","775","31","29","14","142"
"2022-07-13","1454","56","47","36","268"
"2022-07-14","1014","39","27","14","203"
"2022-07-15","1264","47","47","21","241"
"2022-07-16","1406","68","39","43","226"
"2022-07-17","955","30","38","18","167"
"2022-07-18","1243","32","47","30","190"
"2022-07-19","1287","59","36","40","220"
"2022-07-20","1102","37","30","16","187"
"2022-07-21","1129","44","49","24","159"
"2022-07-22","1575","71","45","43","250"
"2022-07-23","1092","31","27","28","154"
"2022-07-24","476","29","16","16","77"
"2022-07-25","2007","61","61","42","337"
"2022-07-26","1256","33","36","26","186"
"2022-07-27","878","38","41","22","191"
"2022-07-28","1023","35","44","23","155"
"2022-07-29","1489","57","55","37","222"
"2022-07-30","1272","39","39","28","188"
"2022-07-31","1011","36","40","20","192"
"2022-08-01","1230","51","42","23","203"
"2022-08-02","828","24","23","17","109"
"2022-08-03","1475","47","47","27","217"
"2022-08-04","1338","55","56","33","224"
"2022-08-05","938","33","54","22","159"
"2022-08-06","1167","45","58","26","184"
"2022-08-07","1132","61","39","31","219"
"2022-08-08","161","8","4","6","12"
"2022-08-09","2467","83","75","63","353"
"2022-08-10","194","10","3","3","24"
"2022-08-11","1601","55","60","30","237"
"2022-08-12","1606","64","61","42","238"
"2022-08-13","1357","45","56","32","255"
"2022-08-14","1482","47","53","31","224"
"2022-08-15","1061","35","35","28","141"
"2022-08-16","974","51","40","22","150"
"2022-08-17","1033","33","35","33","154"
"2022-08-18","1282","45","40","23","158"
"2022-08-19","1293","58","42","41","199"
"2022-08-20","911","29","26","23","140"
"2022-08-21","5650","125","96","45","687"
"2022-08-22","12463","267","176","145","3255"
"2022-08-23","12298","314","269","167","3070"
"2022-08-24","21389","511","350","252","4094"
"2022-08-25","6579","167","135","88","1213"
"2022-08-26","3605","98","83","35","609"
"2022-08-27","4050","107","99","48","758"
"2022-08-28","1967","62","51","34","370"
"2022-08-29","1466","36","39","27","277"
"2022-08-30","1404","34","41","32","234"
"2022-08-31","1501","45","41","26","254"
"2022-09-01","664","19","28","7","149"
"2022-09-02","1385","29","20","13","292"
"2022-09-03","2587","61","74","46","661"
"2022-09-04","1276","21","42","18","280"
"2022-09-05","1046","28","19","10","217"
"2022-09-06","116","3","1","2","15"
"2022-09-07","880","18","15","18","145"
"2022-09-08","1370","40","32","22","289"
"2022-09-09","733","24","26","18","192"
"2022-09-10","1583","45","44","33","445"
"2022-09-11","1214","43","33","22","257"
"2022-09-12","923","34","29","23","237"
"2022-09-13","552","17","11","8","106"
"2022-09-14","725","19","29","17","164"
"2022-09-15","475","7","8","6","115"
"2022-09-16","708","17","24","21","191"
"2022-09-17","845","19","37","19","297"
"2022-09-18","627","24","27","18","183"
"2022-09-19","337","13","13","11","97"
"2022-09-20","518","12","19","10","118"
"2022-09-21","649","11","22","16","120"
"2022-09-22","1640","62","57","33","350"
"2022-09-23","1075","38","56","25","232"
"2022-09-24","1509","62","65","51","415"
"2022-09-25","1124","39","27","25","268"
"2022-09-26","559","14","12","7","99"
"2022-09-27","772","8","14","7","104"
"2022-09-28","1126","27","20","16","165"
"2022-09-29","569","19","13","10","64"
"2022-09-30","387","9","14","5","102"
"2022-10-01","782","25","22","21","168"
"2022-10-02","-59","-3","-1","0","0"
"2022-10-03","-1","0","0","0","0"
"2022-10-04","0","0","0","0","0"
"2022-10-05","0","0","0","0","0"
"2022-10-06","0","0","0","0","0"
"2022-10-07","686","23","19","10","125"
"2022-10-08","479","8","9","10","94"
"2022-10-09","836","19","28","20","154"
"2022-10-10","336","9","21","16","75"
"2022-10-11","227","5","6","3","28"
"2022-10-12","785","25","10","14","173"
"2022-10-13","590","24","18","11","119"
"2022-10-14","663","14","10","20","107"
"2022-10-15","696","22","27","17","154"
"2022-10-16","943","30","39","15","253"
"2022-10-17","476","11","20","18","98"
"2022-10-18","534","15","12","13","111"
"2022-10-19","644","8","19","16","114"
"2022-10-20","671","19","26","13","115"
"2022-10-21","476","19","17","16","123"
"2022-10-22","873","27","29","21","219"
"2022-10-23","832","21","27","16","170"
"2022-10-24","497","13","14","11","98"
"2022-10-25","767","35","17","17","158"
"2022-10-26","601","20","20","13","123"
"2022-10-27","355","15","12","7","89"
"2022-10-28","1043","36","24","28","255"
"2022-10-29","836","34","35","26","247"
"2022-10-30","570","22","19","15","158"
"2022-10-31","902","29","40","33","216"
"2022-11-01","868","30","39","28","254"
"2022-11-02","440","16","13","17","128"
"2022-11-03","702","21","30","22","159"
"2022-11-04","729","27","20","23","182"
"2022-11-05","850","30","31","19","195"
"2022-11-06","903","27","19","23","213"
"2022-11-07","608","20","22","14","146"
"2022-11-08","258","11","9","5","53"
"2022-11-09","948","24","33","23","165"
"2022-11-10","748","31","20","17","127"
"2022-11-11","797","27","25","16","164"
"2022-11-12","912","36","33","27","240"
"2022-11-13","767","23","25","17","216"
"2022-11-14","639","20","18","14","150"
"2022-11-15","276","21","17","7","77"
"2022-11-16","642","31","34","19","162"
"2022-11-17","428","12","18","15","98"
"2022-11-18","555","15","28","21","158"
"2022-11-19","412","12","16","4","96"
"2022-11-20","929","31","40","33","252"
"2022-11-21","715","20","28","20","183"
"2022-11-22","667","19","22","16","134"
"2022-11-23","697","21","34","26","142"
"2022-11-24","430","15","12","12","90"
"2022-11-25","1002","39","30","30","240"
"2022-11-26","476","23","20","19","137"
"2022-11-27","1105","21","32","36","238"
"2022-11-28","389","11","9","11","132"
"2022-11-29","427","17","17","12","110"
"2022-11-30","969","26","24","32","263"
"2022-12-01","506","24","21","21","164"
"2022-12-02","275","14","15","6","76"
"2022-12-03","525","16","22","10","123"
"2022-12-04","1096","48","41","34","309"
"2022-12-05","647","33","30","25","217"
"2022-12-06","165","8","7","9","54"
"2022-12-07","949","36","72","47","433"
"2022-12-08","188","7","15","4","54"
"2022-12-09","763","19","30","30","194"
"2022-12-10","415","11","17","12","114"
"2022-12-11","466","14","19","17","110"
"2022-12-12","433","17","17","12","106"
"2022-12-13","221","11","9","10","69"
"2022-12-14","469","9","17","18","118"
"2022-12-15","535","16","30","22","142"
"2022-12-16","332","13","16","11","94"
"2022-12-17","581","22","27","15","123"
"2022-12-18","389","20","21","16","78"
"2022-12-19","170","3","9","6","49"
"2022-12-20","922","27","46","26","222"
"2022-12-21","174","6","9","8","55"
"2022-12-22","965","41","30","30","230"
"2022-12-23","680","21","34","16","163"
"2022-12-24","467","26","21","7","85"
"2022-12-25","720","21","21","19","107"
"2022-12-26","643","25","28","22","124"
"2022-12-27","594","18","35","12","145"
"2022-12-28","426","20","25","16","113"
"2022-12-29","549","22","29","21","111"
"2022-12-30","318","9","7","13","77"
"2022-12-31","594","23","33","15","97"
"2023-01-01","701","22","27","16","109"
"2023-01-02","485","22","19","16","94"
"2023-01-03","0","0","0","0","0"
"2023-01-04","1641422","77192","110854","102755","809336"
"2023-01-05","1500","75","83","41","219"
"2023-01-06","539","29","19","20","82"
"2023-01-07","997","47","63","34","164"
"2023-01-08","563","25","23","13","96"
"2023-01-09","796","30","40","19","144"
"2023-01-10","546","23","25","11","125"
"2023-01-11","981","31","27","16","136"
"2023-01-12","730","14","25","13","105"
"2023-01-13","1007","39","38","28","195"
"2023-01-14","863","30","29","17","151"
"2023-01-15","786","19","28","14","118"
"2023-01-16","830","22","27","21","131"
"2023-01-17","888","42","34","17","197"
"2023-01-18","529","21","25","13","133"
"2023-01-19","1292","36","57","32","606"
"2023-01-20","1599","59","54","32","488"
"2023-01-21","1401","41","61","36","722"
"2023-01-22","831","29","31","21","319"
"2023-01-23","1103","44","43","17","274"
"2023-01-24","527","24","34","18","131"
"2023-01-25","868","37","31","15","191"
"2023-01-26","729","29","26","18","129"
"2023-01-27","686","23","38","26","143"
"2023-01-28","434","21","22","14","98"
"2023-01-29","760","30","33","15","140"
"2023-01-30","436","11","28","16","88"
"2023-01-31","719","32","35","27","163"
"2023-02-01","287","15","17","13","79"
"2023-02-02","471","17","34","9","100"
"2023-02-03","772","24","38","27","141"
"2023-02-04","766","28","37","15","155"
"2023-02-05","255","15","15","6","54"
"2023-02-06","403","16","13","10","82"
"2023-02-07","219","10","9","3","52"
"2023-02-08","500","18","17","13","95"
"2023-02-09","107","0","1","0","10"
"2023-02-10","305","22","14","3","93"
"2023-02-11","412","18","21","18","95"
"2023-02-12","610","23","23","17","131"
"2023-02-13","225","6","11","5","33"
"2023-02-14","247","4","6","3","33"
"2023-02-15","444","14","16","9","59"
"2023-02-16","272","8","8","2","39"
"2023-02-17","176","7","5","3","33"
"2023-02-18","587","10","17","19","147"
"2023-02-19","268","15","11","5","108"
"2023-02-20","240","5","10","1","48"
"2023-02-21","222","7","3","4","42"
"2023-02-22","131","4","4","3","25"
"2023-02-23","549","15","25","7","85"
"2023-02-24","40","1","1","0","5"
"2023-02-25","669","22","22","18","165"
"2023-02-26","207","8","9","5","55"
"2023-02-27","480","9","19","10","73"
"2023-02-28","104","3","1","1","15"
"2023-03-01","328","7","6","6","65"
"2023-03-02","172","4","5","7","21"
"2023-03-03","362","4","9","12","77"
"2023-03-04","371","14","17","9","92"
"2023-03-05","267","11","10","10","62"
"2023-03-06","148","4","5","2","26"
"2023-03-07","191","7","4","6","35"
"2023-03-08","365","10","11","7","50"
"2023-03-09","115","5","1","0","9"
"2023-03-10","304","10","13","9","51"
"2023-03-11","439","12","12","8","98"
"2023-03-12","271","11","14","3","68"
"2023-03-13","241","9","3","4","33"
"2023-03-14","138","2","4","3","17"
"2023-03-15","238","4","8","3","36"
"2023-03-16","242","5","9","7","36"
"2023-03-17","188","2","5","3","27"
"2023-03-18","414","27","18","10","87"
"2023-03-19","400","7","19","6","69"
"2023-03-20","120","8","5","4","33"
"2023-03-21","192","4","7","6","45"
"2023-03-22","181","4","9","4","34"
"2023-03-23","234","9","9","4","36"
"2023-03-24","204","4","9","3","29"
"2023-03-25","247","11","8","7","61"
"2023-03-26","367","13","13","14","85"
"2023-03-27","400","14","17","6","46"
"2023-03-28","170","3","8","3","28"
"2023-03-29","135","2","4","1","15"
"2023-03-30","106","2","1","2","12"
"2023-03-31","290","6","11","3","67"
"2023-04-01","300","13","16","10","74"
"2023-04-02","329","23","16","12","79"
"2023-04-03","117","3","-1","1","13"
"2023-04-04","277","8","10","5","46"
"2023-04-05","470","11","16","6","93"
"2023-04-06","99","5","6","3","17"
"2023-04-07","275","10","8","3","47"
"2023-04-08","422","10","15","11","81"
"2023-04-09","384","19","14","10","88"
"2023-04-10","109","1","3","0","23"
"2023-04-11","199","4","9","2","30"
"2023-04-12","160","10","11","2","32"
"2023-04-13","287","7","13","11","51"
"2023-04-14","28","2","0","0","2"
"2023-04-15","1853","143","204","128","560"
"2023-04-16","638","39","42","16","140"
"2023-04-17","198","10","5","6","27"
"2023-04-18","298","15","18","5","46"
"2023-04-19","172","4","4","2","20"
"2023-04-20","257","7","6","2","37"
"2023-04-21","396","12","13","7","71"
"2023-04-22","502","25","24","10","105"
"2023-04-23","259","8","7","3","38"
"2023-04-24","93","3","3","0","10"
"2023-04-25","332","10","11","11","40"
"2023-04-26","64","5","1","1","4"
"2023-04-27","276","8","9","2","32"
"2023-04-28","566","18","13","9","38"
"2023-04-29","459","13","15","7","90"
"2023-04-30","590","18","22","23","111"
"2023-05-01","560","19","18","13","93"
"2023-05-02","202","5","1","9","21"
"2023-05-03","744","42","28","21","112"
"2023-05-04","207","7","3","5","14"
"2023-05-05","344","11","11","6","38"
"2023-05-06","348","9","10","9","35"
"2023-05-07","247","3","12","4","26"
"2023-05-08","172","5","7","6","19"
"2023-05-09","305","8","12","3","41"
"2023-05-10","346","2","10","8","38"
"2023-05-11","290","7","4","5","24"
"2023-05-12","269","10","5","4","37"
"2023-05-13","372","10","18","9","65"
"2023-05-14","272","9","13","5","33"
"2023-05-15","219","7","2","3","25"
"2023-05-16","242","9","6","4","38"
"2023-05-17","239","4","10","6","31"
"2023-05-18","322","7","12","3","43"
"2023-05-19","304","8","10","7","40"
"2023-05-20","376","17","17","9","59"
"2023-05-21","79","1","3","0","6"
"2023-05-22","436","14","26","8","73"
"2023-05-23","213","8","9","6","24"
"2023-05-24","264","9","11","4","42"
"2023-05-25","190","6","7","2","17"
"2023-05-26","236","3","8","3","49"
"2023-05-27","524","20","26","13","93"
"2023-05-28","234","11","8","7","37"
"2023-05-29","229","5","8","6","42"
"2023-05-30","493","4","10","5","55"
"2023-05-31","217","5","13","6","21"
"2023-06-01","179","6","4","3","22"
"2023-06-02","150","6","6","0","21"
"2023-06-03","628","22","26","12","113"
"2023-06-04","233","10","10","6","36"
"2023-06-05","380","17","21","5","58"
"2023-06-06","512","13","8","5","50"
"2023-06-07","111","0","5","0","7"
"2023-06-08","299","15","9","4","35"
"2023-06-09","568","13","15","6","67"
"2023-06-10","392","14","8","12","67"
"2023-06-11","342","13","17","4","42"
"2023-06-12","214","14","2","6","15"
"2023-06-13","104","2","4","1","16"
"2023-06-14","396","6","13","3","50"
"2023-06-15","312","15","9","4","34"
"2023-06-16","173","6","6","1","26"
"2023-06-17","410","10","9","5","87"
"2023-06-18","361","9","20","5","65"
"2023-06-19","235","5","5","5","28"
"2023-06-20","455","14","15","5","58"
"2023-06-21","244","6","7","6","36"
"2023-06-22","434","17","16","8","66"
"2023-06-23","539","28","27","11","72"
"2023-06-24","416","13","16","11","51"
"2023-06-25","0","0","0","0","0"
"2023-06-26","1710687","79673","113682","104365","822867"
"2023-06-27","972","44","84","34","165"
"2023-06-28","703","35","53","37","190"
"2023-06-29","640","32","38","22","114"
"2023-06-30","676","29","53","21","144"
"2023-07-01","372","32","26","7","86"
"2023-07-02","351","22","15","14","80"
"2023-07-03","365","12","11","9","66"
"2023-07-04","488","31","11","12","58"
"2023-07-05","163","2","10","1","13"
"2023-07-06","434","25","33","19","35"
"2023-07-07","285","12","14","4","29"
"2023-07-08","448","15","18","4","68"
"2023-07-09","431","19","21","14","50"
"2023-07-10","309","13","10","9","36"
"2023-07-11","437","14","18","9","38"
"2023-07-12","408","12","23","4","34"
"2023-07-13","498","13","9","1","12"
"2023-07-14","1165","11","21","-5","5"
"2023-07-15","1017","9","16","11","-1"
"2023-07-16","3058","27","18","-11","-13"
"2023-07-17","344","9","16","0","-5"
"2023-07-18","218","8","3","4","-6"
"2023-07-19","908","36","24","0","31"
"2023-07-20","316","11","9","-1","17"
"2023-07-21","1648","13","2","-3","8"
"2023-07-22","3912","32","-1","-7","-20"
"2023-07-23","1704","34","13","-1","167"
"2023-07-24","735","9","2","4","19"
"2023-07-25","67","1","0","1","-4"
"2023-07-26","2264","31","25","-1","65"
"2023-07-27","729","4","12","6","29"
"2023-07-28","4687","33","12","-8","28"
"2023-07-29","24680","67","7","-32","-145"
"2023-07-30","29047","131","-9","-27","284"
"2023-07-31","-3","34","6","-5","263"
"2023-08-01","12720","68","15","-19","243"
"2023-08-02","3420","31","10","5","124"
"2023-08-03","4876","35","19","-5","44"
"2023-08-04","3799","39","16","-6","64"
"2023-08-05","4796","30","-11","-7","86"
"2023-08-06","1417","4","1","-2","11"
"2023-08-07","6425","56","39","0","331"
"2023-08-08","3341","46","16","11","96"
"2023-08-09","8514","25","3","-12","74"
"2023-08-10","19274","94","-11","-24","21"
"2023-08-11","15466","82","34","1","140"
"2023-08-12","6560","20","-2","1","14"
"2023-08-13","14531","130","25","-23","432"
"2023-08-14","17688","125","11","-30","124"
"2023-08-15","29395","220","100","-7","807"
"2023-08-16","23008","223","157","79","3846"
"2023-08-17","13972","142","120","77","3900"
"2023-08-18","2108","45","51","15","980"
"2023-08-19","11406","100","67","45","1287"
"2023-08-20","5506","65","56","33","698"
"2023-08-21","860","7","4","1","102"
"2023-08-22","4600","49","46","26","517"
"2023-08-23","3194","58","51","8","323"
"2023-08-24","2164","26","27","-2","183"
"2023-08-25","1258","15","26","4","111"
"2023-08-26","1532","23","16","6","141"
"2023-08-27","977","13","9","3","83"
"2023-08-28","1450","22","19","2","108"
"2023-08-29","324","6","-3","-1","9"
"2023-08-30","918","12","14","2","65"
"2023-08-31","97284","831","414","189","6226"
"2023-09-01","898","12","33","7","143"
"2023-09-02","1116","16","23","11","157"
"2023-09-03","473","5","0","10","68"
"2023-09-04","924","9","11","2","49"
"2023-09-05","523","1","9","5","23"
"2023-09-06","401","7","3","1","21"
"2023-09-07","632","9","13","3","70"
"2023-09-08","297","-2","4","4","13"
"2023-09-09","923","15","23","14","113"
"2023-09-10","736","11","16","12","88"
"2023-09-11","0","0","0","0","0"
"2023-09-12","2125277","83263","115778","104952","846793"
"2023-09-13","685","18","7","9","60"
"2023-09-14","74","-2","2","-1","9"
"2023-09-15","560","16","9","-3","41"
"2023-09-16","737","13","36","16","128"
"2023-09-17","358","6","-1","2","57"
"2023-09-18","520","11","11","2","58"
"2023-09-19","165","4","-1","1","12"
"2023-09-20","504","12","9","1","83"
"2023-09-21","812","28","37","13","133"
"2023-09-22","770","17","30","9","64"
"2023-09-23","933","29","50","22","188"
"2023-09-24","76","3","6","0","22"
"2023-09-25","811","10","9","1","87"
"2023-09-26","292","4","0","1","14"
"2023-09-27","156","1","4","1","5"
"2023-09-28","515","5","15","1","55"
"2023-09-29","78","-1","-1","1","17"
"2023-09-30","998","12","14","9","116"
"2023-10-01","708","11","3","11","117"
"2023-10-02","560","13","11","3","40"
"2023-10-03","670","9","13","4","79"
"2023-10-04","120","1","8","3","16"
"2023-10-05","941","16","6","5","99"
"2023-10-06","709","17","17","6","79"
"2023-10-07","368","4","1","3","47"
"2023-10-08","200","0","2","1","24"
"2023-10-09","324","3","5","3","28"
"2023-10-10","283","4","2","1","19"
"2023-10-11","246","3","1","1","15"
"2023-10-12","158","2","0","1","8"
"2023-10-13","381","10","7","0","34"
"2023-10-14","521","9","16","5","60"
"2023-10-15","449","3","8","2","59"
"2023-10-16","51","2","0","0","10"
"2023-10-17","491","10","3","3","53"
"2023-10-18","248","2","5","-1","11"
"2023-10-19","325","11","5","3","23"
"2023-10-20","219","4","6","1","12"
"2023-10-21","346","8","10","1","32"
"2023-10-22","518","10","15","2","82"
"2023-10-23","176","4","-3","-1","7"
"2023-10-24","241","-2","9","1","33"
"2023-10-25","267","8","0","1","31"
"2023-10-26","0","0","0","0","0"
"2023-10-27","2144474","83621","116174","105103","849030"
"2023-10-28","57","0","1","0","9"
"2023-10-29","371","0","1","6","90"
"2023-10-30","1826","15","6","6","56"
"2023-10-31","2842","17","1","1","28"
"2023-11-01","606","6","6","1","12"
"2023-11-02","412","4","2","3","12"
"2023-11-03","425","1","3","1","33"
"2023-11-04","540","7","1","9","50"
"2023-11-05","626","14","3","7","59"
"2023-11-06","284","4","7","-1","24"
"2023-11-07","263","3","2","1","16"
"2023-11-08","423","2","3","7","33"
"2023-11-09","127","3","1","0","8"
"2023-11-10","369","6","5","2","26"
"2023-11-11","75","1","2","3","8"
"2023-11-12","691","15","19","11","105"
"2023-11-13","174","4","2","3","20"
"2023-11-14","187","3","0","1","-1"
"2023-11-15","88","-1","2","4","25"
"2023-11-16","414","10","4","3","29"
"2023-11-17","289","2","4","2","19"
"2023-11-18","82","-1","1","0","-2"
"2023-11-19","635","5","18","8","87"
"2023-11-20","62","3","0","2","8"
"2023-11-21","463","13","11","0","42"
"2023-11-22","199","1","1","-3","7"
"2023-11-23","249","7","10","1","33"
"2023-11-24","388","4","6","4","35"
"2023-11-25","0","0","0","0","0"
"2023-11-26","2158419","83782","116313","105192","849982"
"2023-11-27","187","3","6","2","25"
"2023-11-28","281","5","3","3","18"
"2023-11-29","-25","1","0","0","2"
"2023-11-30","575","6","6","2","30"
"2023-12-01","243","3","5","-2","14"
"2023-12-02","366","4","13","5","58"
"2023-12-03","294","9","5","1","39"
"2023-12-04","247","4","0","1","30"
"2023-12-05","217","3","1","2","15"
"2023-12-06","244","2","2","0","16"
"2023-12-07","339","6","8","5","22"
"2023-12-08","235","6","-2","2","26"
"2023-12-09","457","11","11","1","59"
"2023-12-10","7","2","0","3","1"
"2023-12-11","553","4","6","7","40"
"2023-12-12","167","-2","1","1","5"
"2023-12-13","306","9","5","-2","27"
"2023-12-14","197","6","2","4","10"
"2023-12-15","274","7","4","1","27"
"2023-12-16","345","8","20","8","98"
"2023-12-17","54","3","-2","1","2"
"2023-12-18","518","2","3","3","83"
"2023-12-19","208","4","7","6","26"
"2023-12-20","186","4","3","-2","30"
"2023-12-21","48","-2","2","-1","4"
"2023-12-22","428","8","1","3","58"
"2023-12-23","293","8","5","1","55"
"2023-12-24","244","5","1","4","25"
"2023-12-25","63","2","-1","3","7"
"2023-12-26","315","3","10","1","33"
"2023-12-27","200","5","2","0","27"
"2023-12-28","220","6","1","2","27"
"2023-12-29","227","5","2","3","18"
"2023-12-30","228","10","12","-3","32"
"2023-12-31","407","14","17","4","80"
"2024-01-01","262","3","9","4","53"
"2024-01-02","237","12","1","5","39"
"2024-01-03","208","1","3","-1","22"
"2024-01-04","948","31","40","27","160"
"2024-01-05","386","25","13","14","43"
"2024-01-06","294","18","6","13","42"
"2024-01-07","1163","34","52","24","150"
"2024-01-08","205","4","8","2","12"
"2024-01-09","328","6","8","3","13"
"2024-01-10","432","11","9","7","19"
"2024-01-11","354","12","15","2","29"
"2024-01-12","397","12","8","1","30"
"2024-01-13","425","10","9","2","53"
"2024-01-14","403","0","5","3","38"
"2024-01-15","353","6","8","4","38"
"2024-01-16","175","8","6","5","13"
"2024-01-17","321","6","4","-2","21"
"2024-01-18","1086","28","41","9","74"
"2024-01-19","300","22","12","5","73"
"2024-01-20","408","18","16","7","90"
"2024-01-21","489","19","12","11","50"
"2024-01-22","561","25","37","25","113"
"2024-01-23","491","30","30","18","82"
"2024-01-24","474","5","13","12","71"
"2024-01-25","53","-1","2","3","2"
"2024-01-26","760","39","57","29","161"
"2024-01-27","611","26","21","17","99"
"2024-01-28","531","13","14","8","62"
"2024-01-29","507","19","23","11","76"
"2024-01-30","67","-3","2","-1","-1"
"2024-01-31","961","20","30","14","93"
"2024-02-01","1295","22","41","5","78"
"2024-02-02","1357","23","20","7","75"
"2024-02-03","793","13","7","1","90"
"2024-02-04","384","19","7","4","34"
"2024-02-05","403","11","4","4","24"
"2024-02-06","1152","27","21","15","112"
"2024-02-07","926","25","9","13","68"
"2024-02-08","786","17","23","7","73"
"2024-02-09","687","20","14","3","61"
"2024-02-10","495","22","18","5","43"
"2024-02-11","368","15","11","4","26"
"2024-02-12","615","14","13","3","67"
"2024-02-13","543","12","18","1","30"
"2024-02-14","577","13","18","6","28"
"2024-02-15","45","0","4","0","7"
"2024-02-16","639","20","19","4","66"
"2024-02-17","1046","25","7","9","79"
"2024-02-18","318","4","7","4","27"
"2024-02-19","565","7","7","8","59"
"2024-02-20","256","17","10","4","38"
"2024-02-21","527","7","15","3","14"
"2024-02-22","841","28","20","5","73"
"2024-02-23","110","4","2","7","15"
"2024-02-24","809","15","18","10","55"
"2024-02-25","382","9","16","8","41"
"2024-02-26","278","9","10","4","20"
"2024-02-27","244","5","3","-2","11"
"2024-02-28","161","3","4","0","12"
"2024-02-29","231","4","-3","2","19"
"2024-03-01","214","8","8","1","20"
"2024-03-02","335","6","16","10","38"
"2024-03-03","342","1","14","2","41"
"2024-03-04","94","4","0","0","14"
"2024-03-05","223","4","7","3","18"
"2024-03-06","222","4","3","1","16"
"2024-03-07","216","4","1","2","23"
"2024-03-08","192","1","2","2","14"
"2024-03-09","267","4","7","-1","31"
"2024-03-10","529","5","20","3","59"
"2024-03-11","215","-5","6","3","26"
"2024-03-12","137","5","0","0","4"
"2024-03-13","126","3","2","1","5"
"2024-03-14","257","13","7","2","21"
"2024-03-15","267","7","5","-1","29"
"2024-03-16","229","4","5","8","22"
"2024-03-17","326","-2","6","2","41"
"2024-03-18","218","6","1","1","22"
"2024-03-19","176","6","2","-1","32"
"2024-03-20","211","3","7","-1","11"
"2024-03-21","181","5","0","2","21"
"2024-03-22","317","8","3","5","12"
"2024-03-23","26","3","-1","1","9"
"2024-03-24","818","21","26","12","65"
"2024-03-25","335","6","6","2","25"
"2024-03-26","358","3","0","4","28"
"2024-03-27","147","1","4","0","12"
"2024-03-28","1116","48","61","54","233"
"2024-03-29","775","68","116","54","279"
"2024-03-30","204","22","30","17","54"
"2024-03-31","1075","46","47","34","241"
"2024-04-01","239","7","1","7","41"
"2024-04-02","231","13","6","3","25"
"2024-04-03","149","8","19","7","38"
"2024-04-04","439","9","18","11","73"
"2024-04-05","477","11","8","11","38"
"2024-04-06","0","0","0","0","0"
"2024-04-07","2210940","85206","117825","105956","855962"
"2024-04-08","0","0","0","0","0"
"2024-04-09","2211218","85215","117833","105959","855988"
"2024-04-10","386","4","6","-2","27"
"2024-04-11","201","7","2","0","12"
"2024-04-12","402","13","4","3","26"
"2024-04-13","380","6","18","4","32"
"2024-04-14","329","2","8","7","27"
"2024-04-15","333","8","8","3","20"
"2024-04-16","255","4","4","1","15"
"2024-04-17","234","4","4","1","6"
"2024-04-18","309","7","6","2","18"
"2024-04-19","279","-1","7","1","18"
"2024-04-20","289","4","7","3","44"
"2024-04-21","442","13","10","2","23"
"2024-04-22","212","6","-1","1","11"
"2024-04-23","232","0","4","4","19"
"2024-04-24","209","8","3","0","15"
"2024-04-25","275","8","4","2","14"
"2024-04-26","203","3","2","0","6"
"2024-04-27","344","13","7","7","47"
"2024-04-28","224","3","6","0","5"
"2024-04-29","180","1","3","2","13"
"2024-04-30","234","9","12","3","22"
"2024-05-01","237","6","7","5","48"
"2024-05-02","297","6","7","2","40"
"2024-05-03","199","3","8","4","10"
"2024-05-04","373","14","10","-2","80"
"2024-05-05","705","10","17","6","81"
"2024-05-06","185","2","7","10","30"
"2024-05-07","20","-1","0","0","2"
"2024-05-08","331","6","8","3","27"
"2024-05-09","172","6","6","2","17"
"2024-05-10","206","1","8","1","14"
"2024-05-11","239","8","2","2","24"
"2024-05-12","128","4","4","3","14"
"2024-05-13","473","6","11","3","30"
"2024-05-14","226","7","3","2","18"
"2024-05-15","220","3","3","1","22"
"2024-05-16","220","7","0","1","1"
"2024-05-17","80","4","3","1","18"
"2024-05-18","589","12","5","5","74"
"2024-05-19","388","-2","-1","4","36"
"2024-05-20","175","3","1","1","11"
"2024-05-21","271","5","2","1","25"
"2024-05-22","87","5","2","0","14"
"2024-05-23","180","10","6","2","28"
"2024-05-24","174","-4","9","2","5"
"2024-05-25","271","5","-1","11","32"
"2024-05-26","299","7","15","-2","42"
"2024-05-27","-20","1","-1","1","3"
"2024-05-28","237","2","-4","0","24"
"2024-05-29","252","3","3","0","23"
"2024-05-30","56","-1","-1","-1","-7"
"2024-05-31","319","6","3","1","13"
"2024-06-01","359","25","11","5","38"
"2024-06-02","12","2","2","1","8"
"2024-06-03","491","21","16","11","68"
"2024-06-04","40","3","-2","0","3"
"2024-06-05","396","1","6","0","20"
"2024-06-06","195","5","3","1","16"
"2024-06-07","296","0","2","1","27"
"2024-06-08","264","8","4","4","35"
"2024-06-09","512","18","8","10","55"
"2024-06-10","444","12","11","11","54"
"2024-06-11","190","2","8","0","11"
"2024-06-12","261","5","6","4","30"
"2024-06-13","182","4","2","1","13"
"2024-06-14","335","8","5","2","23"
"2024-06-15","43","2","4","-1","7"
"2024-06-16","533","7","16","3","33"
"2024-06-17","225","8","6","1","24"
"2024-06-18","433","9","13","12","28"
"2024-06-19","201","8","2","3","21"
"2024-06-20","321","8","8","1","34"
"2024-06-21","248","6","5","6","18"
"2024-06-22","392","14","1","2","29"
"2024-06-23","345","11","15","1","25"
"2024-06-24","283","7","3","5","16"
"2024-06-25","167","6","1","-2","12"
"2024-06-26","121","5","-2","3","4"
"2024-06-27","1703","81","130","43","293"
"2024-06-28","919","42","48","27","137"
"2024-06-29","1118","40","55","27","212"
"2024-06-30","812","34","40","15","77"
"2024-07-01","618","9","5","3","70"
"2024-07-02","507","12","7","0","31"
"2024-07-03","805","18","14","8","56"
"2024-07-04","569","7","11","6","38"
"2024-07-05","808","30","15","9","48"
"2024-07-06","655","23","13","4","57"
"2024-07-07","387","14","3","2","35"
"2024-07-08","644","12","10","5","73"
"2024-07-09","809","18","21","3","69"
"2024-07-10","126","3","3","-2","3"
"2024-07-11","796","25","25","4","56"
"2024-07-12","745","18","16","1","50"
"2024-07-13","587","12","5","3","52"
"2024-07-14","678","20","18","3","64"
"2024-07-15","592","12","8","4","56"
"2024-07-16","735","27","7","1","66"
"2024-07-17","456","10","6","2","29"
"2024-07-18","948","45","30","5","53"
"2024-07-19","625","17","15","4","51"
"2024-07-20","130","13","7","1","21"
"2024-07-21","1085","19","23","3","82"
"2024-07-22","458","10","20","2","37"
"2024-07-23","585","23","11","1","52"
"2024-07-24","584","14","21","10","62"
"2024-07-25","0","0","0","0","0"
"2024-07-26","2252560","86325","118853","106359","859891"
"2024-07-27","0","0","0","0","0"
"2024-07-28","2253720","86342","118881","106372","860003"
"2024-07-29","557","9","9","1","48"
"2024-07-30","750","20","9","5","52"
"2024-07-31","404","5","8","0","43"
"2024-08-01","530","11","9","1","61"
"2024-08-02","775","25","14","8","43"
"2024-08-03","413","4","5","6","31"
"2024-08-04","489","16","18","2","44"
"2024-08-05","90","3","4","2","7"
"2024-08-06","973","18","27","-2","76"
"2024-08-07","427","12","5","3","24"
"2024-08-08","805","27","17","9","103"
"2024-08-09","310","7","11","6","7"
"2024-08-10","608","13","19","6","51"
"2024-08-11","602","12","19","0","55"
"2024-08-12","600","25","17","8","79"
"2024-08-13","474","12","9","7","60"
"2024-08-14","1107","18","19","23","112"
"2024-08-15","829","14","10","9","69"
"2024-08-16","794","37","14","4","57"
"2024-08-17","440","7","9","2","35"
"2024-08-18","531","8","6","5","46"
"2024-08-19","803","19","17","2","78"
"2024-08-20","514","11","9","6","55"
"2024-08-21","541","20","10","1","47"
"2024-08-22","861","31","28","5","68"
"2024-08-23","764","22","14","3","53"
"2024-08-24","100","4","3","0","5"
"2024-08-25","894","12","22","7","106"
"2024-08-26","533","22","17","0","54"
"2024-08-27","401","5","11","3","35"
"2024-08-28","328","5","4","1","28"
"2024-08-29","683","12","18","12","83"
"2024-08-30","545","15","5","3","66"
"2024-08-31","340","0","6","13","42"
"2024-09-01","298","8","8","2","42"
"2024-09-02","256","10","9","5","26"
"2024-09-03","212","3","2","1","26"
"2024-09-04","103","0","1","0","4"
"2024-09-05","334","16","9","2","24"
"2024-09-06","180","6","8","2","20"
"2024-09-07","228","7","11","-1","19"
"2024-09-08","344","12","6","7","35"
"2024-09-09","46","3","0","0","1"
"2024-09-10","269","5","2","2","39"
"2024-09-11","116","4","-2","-1","8"
"2024-09-12","122","-3","-1","1","21"
"2024-09-13","186","0","6","0","12"
"2024-09-14","115","2","2","1","13"
"2024-09-15","83","4","11","1","12"
"2024-09-16","199","6","6","1","38"
"2024-09-17","523","11","11","3","71"
"2024-09-18","163","2","-4","2","13"
"2024-09-19","72","4","2","1","15"
"2024-09-20","273","5","1","3","17"
"2024-09-21","147","10","6","3","23"
"2024-09-22","73","3","2","3","35"
"2024-09-23","371","8","9","10","21"
"2024-09-24","149","4","2","0","18"
"2024-09-25","465","21","37","25","84"
"2024-09-26","623","44","103","52","272"
"2024-09-27","282","21","19","13","78"
"2024-09-28","566","58","99","53","306"
"2024-09-29","202","6","3","10","27"
"2024-09-30","336","12","31","15","107"
"2024-10-01","431","28","51","37","185"
"2024-10-02","538","26","30","20","114"
"2024-10-03","193","0","5","5","29"
"2024-10-04","469","23","31","13","83"
"2024-10-05","379","5","11","-1","44"
"2024-10-06","0","0","0","0","0"
"2024-10-07","2283655","87208","119854","106837","863814"
"2024-10-08","211","4","4","2","23"
"2024-10-09","130","2","3","0","7"
"2024-10-10","203","0","10","0","19"
"2024-10-11","52","0","2","2","6"
"2024-10-12","306","11","3","-1","26"
"2024-10-13","384","7","12","2","45"
"2024-10-14","170","5","1","0","16"
"2024-10-15","194","6","1","-1","17"
"2024-10-16","259","7","10","6","37"
"2024-10-17","68","0","-1","0","4"
"2024-10-18","139","8","8","2","11"
"2024-10-19","523","10","15","4","65"
"2024-10-20","188","7","9","0","18"
"2024-10-21","316","4","9","6","23"
"2024-10-22","266","2","-1","3","14"
"2024-10-23","134","4","2","0","12"
"2024-10-24","137","4","6","0","8"
"2024-10-25","140","4","3","0","20"
"2024-10-26","317","17","12","5","78"
"2024-10-27","225","8","2","4","47"
"2024-10-28","132","2","-2","3","20"
"2024-10-29","180","3","3","0","12"
"2024-10-30","152","2","1","0","16"
"2024-10-31","192","6","4","3","24"
"2024-11-01","115","4","5","0","21"
"2024-11-02","113","0","9","6","38"
"2024-11-03","296","2","7","2","53"
"2024-11-04","391","6","3","11","45"
"2024-11-05","28","-2","2","1","2"
"2024-11-06","0","0","0","0","0"
"2024-11-07","2290034","87349","120000","106899","864577"
"2024-11-08","183","6","4","1","7"
"2024-11-09","322","2","4","8","71"
"2024-11-10","0","0","0","0","0"
"2024-11-11","2290998","87373","120016","106913","864709"
"2024-11-12","190","6","3","2","16"
"2024-11-13","165","8","1","1","-2"
"2024-11-14","177","3","5","1","9"
"2024-11-15","213","3","4","1","17"
"2024-11-16","274","8","10","4","30"
"2024-11-17","308","5","6","6","46"
"2024-11-18","0","0","0","0","0"
"2024-11-19","2292724","87420","120058","106927","864871"
"2024-11-20","5","-1","-1","0","1"
"2024-11-21","359","9","8","1","28"
"2024-11-22","174","3","2","0","22"
"2024-11-23","220","1","9","5","42"
"2024-11-24","275","3","6","3","26"
"2024-11-25","154","5","5","5","19"
"2024-11-26","240","4","5","2","42"
"2024-11-27","18","1","0","0","2"
"2024-11-28","343","3","9","0","27"
"2024-11-29","201","9","3","0","30"
"2024-11-30","0","0","0","0","0"
"2024-12-01","2295027","87461","120113","106946","865154"
"2024-12-02","285","0","3","3","32"
"2024-12-03","298","4","0","2","54"
"2024-12-04","136","-1","-3","0","7"
"2024-12-05","227","4","-3","-1","21"
"2024-12-06","229","3","4","0","20"
"2024-12-07","243","6","4","4","28"
"2024-12-08","268","5","8","3","28"
"2024-12-09","241","2","0","5","14"
"2024-12-10","164","3","3","0","13"
"2024-12-11","106","3","0","1","1"
"2024-12-12","238","8","5","4","27"
"2024-12-13","214","3","-2","3","13"
"2024-12-14","192","2","3","2","42"
"2024-12-15","254","5","8","6","42"
"2024-12-16","195","10","4","1","13"
"2024-12-17","187","3","5","0","18"
"2024-12-18","178","4","-2","0","10"
"2024-12-19","167","1","4","3","8"
"2024-12-20","229","4","1","4","29"
"2024-12-21","244","5","6","0","44"
"2024-12-22","216","4","5","3","20"
"2024-12-23","221","12","7","3","31"
"2024-12-24","165","2","5","6","6"
"2024-12-25","702","47","75","44","348"
"2024-12-26","531","16","22","8","108"
"2024-12-27","624","29","44","25","193"
"2024-12-28","1215","50","94","58","322"
"2024-12-29","1010","23","42","20","142"
"2024-12-30","154","4","-2","5","13"
"2024-12-31","639","15","8","9","62"
