日期,一星,二星,三星,四星,五星
2020/1/1,430,112,160,191,969
2020/1/2,264,40,67,100,492
2020/1/3,367,98,123,156,680
2020/1/4,430,145,186,268,1138
2020/1/5,405,122,144,189,865
2020/1/6,304,88,112,116,537
2020/1/7,317,83,95,134,682
2020/1/8,569,154,177,250,1340
2020/1/9,17340,4512,6021,8503,38322
2020/1/10,2584,798,1075,1585,6134
2020/1/11,1234,422,572,788,3809
2020/1/12,963,301,403,526,2381
2020/1/13,655,240,264,368,1768
2020/1/14,597,157,257,303,1556
2020/1/15,617,200,267,384,1610
2020/1/16,852,249,268,436,1803
2020/1/17,801,286,291,458,2010
2020/1/18,1031,294,387,478,2173
2020/1/19,810,264,307,461,2012
2020/1/20,770,223,294,377,1679
2020/1/21,926,279,352,450,1756
2020/1/22,1000,312,383,470,2031
2020/1/23,899,318,370,567,2303
2020/1/24,2805,581,712,1018,4494
2020/1/25,1132,411,454,650,2303
2020/1/26,1200,377,487,637,2368
2020/1/27,1141,320,487,543,2318
2020/1/28,1077,427,409,650,2330
2020/1/29,991,321,400,544,2134
2020/1/30,1057,423,397,511,2074
2020/1/31,1041,334,391,532,2115
2020/2/1,921,246,349,436,1703
2020/2/2,1117,313,405,440,1858
2020/2/3,914,319,349,412,1717
2020/2/4,987,315,371,497,1823
2020/2/5,1165,346,353,509,1819
2020/2/6,1221,406,444,515,1987
2020/2/7,1273,387,367,537,2114
2020/2/8,1020,358,379,452,2152
2020/2/9,1228,346,371,398,1720
2020/2/10,1058,310,404,480,2180
2020/2/11,1519,405,459,505,2281
2020/2/12,1383,401,376,561,2108
2020/2/13,1696,464,478,631,2535
2020/2/14,1761,478,537,690,2622
2020/2/15,1766,457,471,661,2484
2020/2/16,1776,451,434,618,2362
2020/2/17,1680,441,434,527,2362
2020/2/18,1955,411,469,537,2437
2020/2/19,1734,373,450,618,2386
2020/2/20,1402,334,386,445,2170
2020/2/21,1133,256,190,386,2433
2020/2/22,1040,220,204,380,2100
2020/2/23,817,189,186,443,2965
2020/2/24,1097,311,333,571,4210
2020/2/25,4458,1081,1294,1094,711
2020/2/26,1607,355,417,488,2107
2020/2/27,1363,324,357,502,1883
2020/2/28,1234,312,343,391,1928
2020/2/29,1366,291,335,399,1859
2020/3/1,1181,264,294,415,1673
2020/3/2,1081,271,294,389,1655
2020/3/3,605,269,258,380,1666
2020/3/4,320,35,27,-21,-651
2020/3/5,817,160,216,314,1310
2020/3/6,1075,274,300,347,1391
2020/3/7,1117,260,324,419,1822
2020/3/8,1289,261,303,360,1643
2020/3/9,1257,288,325,403,1794
2020/3/10,1221,265,270,438,1610
2020/3/11,1142,243,308,411,1814
2020/3/12,1205,285,300,367,1715
2020/3/13,398,94,129,159,770
2020/3/14,12,6,4,5,23
2020/3/15,2,3,-1,1,5
2020/3/16,122,35,32,55,202
2020/3/17,2595,566,672,916,3886
2020/3/18,4843,1321,1547,2093,8704
2020/3/19,1165,366,407,537,1838
2020/3/20,1145,319,415,552,2083
2020/3/21,1229,338,426,513,2112
2020/3/22,1040,352,361,452,1740
2020/3/23,974,267,323,471,1721
2020/3/24,1150,350,455,538,2368
2020/3/25,979,273,312,421,1764
2020/3/26,1187,339,349,495,1898
2020/3/27,1036,328,357,448,1685
2020/3/28,1121,299,315,440,1877
2020/3/29,1227,345,407,525,1966
2020/3/30,1754,430,602,752,3414
2020/3/31,51039,12908,16529,23202,92255
2020/4/1,6028,1449,1716,2236,8593
2020/4/2,2718,649,773,1046,3581
2020/4/3,2213,586,726,915,3550
2020/4/4,1636,693,766,991,3884
2020/4/5,1463,395,459,633,2116
2020/4/6,979,229,303,353,1351
2020/4/7,1079,254,297,436,1604
2020/4/8,878,268,317,341,1625
2020/4/9,938,291,294,350,1612
2020/4/10,30,3,7,9,31
2020/4/11,-1141,-181,-353,-628,-3682
2020/4/12,888,217,258,285,1506
2020/4/13,597,141,123,238,1212
2020/4/14,710,118,143,192,1028
2020/4/15,793,182,252,239,1255
2020/4/16,665,154,190,184,1209
2020/4/17,902,203,236,317,1481
2020/4/18,1055,260,285,377,1668
2020/4/19,852,211,249,325,1420
2020/4/20,908,251,236,300,1395
2020/4/21,1087,253,321,372,1802
2020/4/22,989,243,271,385,1826
2020/4/23,887,224,260,276,1356
2020/4/24,1077,233,294,377,1982
2020/4/25,783,222,270,313,1555
2020/4/26,787,173,252,342,1652
2020/4/27,821,199,237,290,1674
2020/4/28,709,196,210,263,1539
2020/4/29,823,229,220,343,1722
2020/4/30,4606,1226,1619,2306,9795
2020/5/1,1959,607,693,918,4069
2020/5/2,1589,427,551,752,3345
2020/5/3,1452,433,497,680,2965
2020/5/4,1273,354,420,573,2482
2020/5/5,1153,305,358,436,1848
2020/5/6,919,207,286,398,1796
2020/5/7,1369,289,389,419,1825
2020/5/8,1237,248,271,351,1447
2020/5/9,1009,253,283,430,1743
2020/5/10,730,189,196,264,1283
2020/5/11,-216,108,146,188,801
2020/5/12,684,152,185,271,1171
2020/5/13,762,166,200,213,1200
2020/5/14,485,98,143,189,820
2020/5/15,-123,164,165,263,988
2020/5/16,-747,186,138,311,1216
2020/5/17,853,225,296,362,1404
2020/5/18,425,114,143,138,805
2020/5/19,250,103,108,149,792
2020/5/20,308,81,164,181,990
2020/5/21,610,148,155,187,892
2020/5/22,868,197,230,329,1321
2020/5/23,816,280,328,413,2137
2020/5/24,989,281,283,394,1965
2020/5/25,581,146,175,175,1091
2020/5/26,671,127,132,232,1071
2020/5/27,479,168,141,183,876
2020/5/28,581,112,174,219,1018
2020/5/29,615,184,205,301,1418
2020/5/30,824,252,318,453,2088
2020/5/31,586,224,276,337,1620
2020/6/1,368,80,103,112,703
2020/6/2,454,121,130,156,649
2020/6/3,483,113,136,161,771
2020/6/4,385,63,90,105,559
2020/6/5,675,182,175,252,1265
2020/6/6,978,294,312,430,1984
2020/6/7,701,242,249,334,1459
2020/6/8,269,47,70,46,321
2020/6/9,526,100,155,186,857
2020/6/10,384,81,83,164,719
2020/6/11,393,100,110,149,777
2020/6/12,467,144,160,192,991
2020/6/13,760,260,284,403,1740
2020/6/14,644,196,233,309,1454
2020/6/15,271,73,87,94,344
2020/6/16,358,97,98,124,538
2020/6/17,432,79,143,174,791
2020/6/18,430,72,93,130,725
2020/6/19,410,129,138,194,938
2020/6/20,590,194,175,331,1411
2020/6/21,497,134,185,229,1093
2020/6/22,379,106,103,150,634
2020/6/23,389,93,106,82,557
2020/6/24,527,156,156,243,1056
2020/6/25,718,245,342,451,1797
2020/6/26,643,216,268,327,1593
2020/6/27,559,151,179,228,1056
2020/6/28,341,54,88,131,469
2020/6/29,379,78,89,144,557
2020/6/30,444,105,164,163,926
2020/7/1,341,118,103,185,768
2020/7/2,516,131,178,181,933
2020/7/3,584,147,162,244,1059
2020/7/4,588,167,237,345,1284
2020/7/5,705,236,267,299,1454
2020/7/6,511,124,151,193,926
2020/7/7,495,145,157,228,1068
2020/7/8,566,147,168,287,1299
2020/7/9,22833,6512,8664,12321,56036
2020/7/10,3081,991,1228,1825,7902
2020/7/11,1101,427,488,475,2407
2020/7/12,1422,479,590,776,3331
2020/7/13,747,238,262,380,1507
2020/7/14,925,275,326,482,2166
2020/7/15,940,295,376,494,1871
2020/7/16,791,215,323,398,1893
2020/7/17,782,239,289,406,1833
2020/7/18,821,263,312,396,1761
2020/7/19,785,271,277,359,1496
2020/7/20,577,215,247,281,1298
2020/7/21,622,182,167,259,1117
2020/7/22,730,190,259,317,1361
2020/7/23,674,194,208,285,1339
2020/7/24,678,206,210,312,1449
2020/7/25,733,180,237,301,1510
2020/7/26,727,194,232,305,1524
2020/7/27,591,174,221,220,1308
2020/7/28,643,159,228,268,1143
2020/7/29,642,223,222,268,1367
2020/7/30,625,161,197,236,1203
2020/7/31,781,213,231,283,1368
2020/8/1,737,206,241,234,1019
2020/8/2,846,191,208,274,1141
2020/8/3,702,182,225,290,1334
2020/8/4,856,203,202,301,1451
2020/8/5,584,185,218,267,1072
2020/8/6,643,140,198,303,1058
2020/8/7,615,157,220,251,1163
2020/8/8,827,220,285,320,1340
2020/8/9,711,195,238,314,1391
2020/8/10,733,246,252,310,1267
2020/8/11,728,210,249,312,1282
2020/8/12,776,194,232,286,1205
2020/8/13,681,212,237,277,1210
2020/8/14,621,165,180,245,929
2020/8/15,727,236,241,317,1266
2020/8/16,745,163,243,305,1175
2020/8/17,766,206,242,315,1226
2020/8/18,699,206,212,312,1101
2020/8/19,668,153,211,259,1163
2020/8/20,-72,4,-25,-64,-223
2020/8/21,685,152,185,247,1082
2020/8/22,642,197,201,316,1212
2020/8/23,732,195,233,296,1264
2020/8/24,564,173,227,291,1187
2020/8/25,528,138,197,270,1134
2020/8/26,556,163,178,280,1175
2020/8/27,548,135,224,271,978
2020/8/28,479,147,211,228,1128
2020/8/29,487,146,184,251,1189
2020/8/30,573,153,185,250,1194
2020/8/31,472,138,199,241,953
2020/9/1,442,104,135,154,917
2020/9/2,367,93,87,143,538
2020/9/3,252,74,75,92,494
2020/9/4,257,40,60,104,436
2020/9/5,326,56,105,122,567
2020/9/6,446,164,207,260,1155
2020/9/7,440,128,146,228,917
2020/9/8,260,70,101,112,430
2020/9/9,344,74,119,121,482
2020/9/10,360,65,75,108,460
2020/9/11,282,57,67,86,368
2020/9/12,371,94,137,117,582
2020/9/13,622,179,225,299,1177
2020/9/14,414,138,159,242,1007
2020/9/15,267,72,72,108,389
2020/9/16,277,69,77,111,339
2020/9/17,728,127,189,194,1044
2020/9/18,332,101,73,93,484
2020/9/19,354,120,130,196,912
2020/9/20,414,145,176,258,1085
2020/9/21,370,133,116,198,847
2020/9/22,283,50,64,66,351
2020/9/23,216,51,63,77,259
2020/9/24,559,144,121,176,-2072
2020/9/25,24533,5676,7543,10351,46397
2020/9/26,3179,1131,1511,1952,7856
2020/9/27,1641,632,764,1015,4742
2020/9/28,748,203,259,433,1632
2020/9/29,581,150,194,230,1080
2020/9/30,649,148,206,292,1178
2020/10/1,946,395,479,632,2756
2020/10/2,895,367,482,681,3062
2020/10/3,912,291,372,559,2336
2020/10/4,728,237,286,375,1706
2020/10/5,605,181,192,320,1402
2020/10/6,584,152,204,273,1190
2020/10/7,501,149,193,232,1075
2020/10/8,485,127,153,240,851
2020/10/9,474,110,152,178,840
2020/10/10,296,72,91,77,435
2020/10/11,309,72,69,100,483
2020/10/12,453,141,123,221,969
2020/10/13,262,57,78,82,327
2020/10/14,308,69,79,114,406
2020/10/15,346,74,89,106,402
2020/10/16,365,78,113,126,421
2020/10/17,511,98,127,189,626
2020/10/18,724,180,212,261,1232
2020/10/19,600,149,164,248,1040
2020/10/20,357,59,65,92,318
2020/10/21,333,67,56,68,219
2020/10/22,334,57,42,78,289
2020/10/23,366,68,76,80,430
2020/10/24,377,98,119,120,474
2020/10/25,613,151,164,227,915
2020/10/26,502,111,161,195,948
2020/10/27,278,44,51,60,342
2020/10/28,333,70,88,100,381
2020/10/29,426,87,90,137,504
2020/10/30,397,88,85,115,496
2020/10/31,554,132,154,165,772
2020/11/1,874,204,266,331,1396
2020/11/2,840,177,227,291,1278
2020/11/3,356,63,78,111,367
2020/11/4,487,94,89,104,456
2020/11/5,517,92,87,112,458
2020/11/6,461,84,94,131,468
2020/11/7,384,88,111,118,531
2020/11/8,487,159,183,258,1019
2020/11/9,451,117,131,195,787
2020/11/10,281,39,50,64,309
2020/11/11,303,79,66,93,422
2020/11/12,302,48,83,90,428
2020/11/13,308,66,108,103,459
2020/11/14,359,65,80,132,442
2020/11/15,509,151,173,231,939
2020/11/16,485,121,154,210,893
2020/11/17,251,75,84,114,416
2020/11/18,305,61,65,61,285
2020/11/19,381,99,81,103,474
2020/11/20,351,79,86,108,400
2020/11/21,374,92,125,98,682
2020/11/22,501,143,167,252,895
2020/11/23,519,137,143,183,825
2020/11/24,295,47,70,74,379
2020/11/25,322,61,81,70,344
2020/11/26,338,41,91,70,330
2020/11/27,431,58,72,106,403
2020/11/28,363,85,79,130,472
2020/11/29,628,159,205,251,1004
2020/11/30,486,100,127,187,707
2020/12/1,295,51,54,71,359
2020/12/2,366,59,57,103,351
2020/12/3,393,58,82,83,397
2020/12/4,278,40,60,61,252
2020/12/5,304,81,96,92,122
2020/12/6,508,158,156,232,1058
2020/12/7,449,128,134,184,794
2020/12/8,337,63,56,67,310
2020/12/9,405,60,83,109,466
2020/12/10,290,68,84,87,344
2020/12/11,288,69,69,80,450
2020/12/12,387,85,135,167,625
2020/12/13,439,136,211,219,1170
2020/12/14,438,133,132,203,858
2020/12/15,245,22,56,69,340
2020/12/16,259,54,54,89,413
2020/12/17,189,43,63,77,295
2020/12/18,304,49,58,87,291
2020/12/19,569,75,125,151,648
2020/12/20,733,178,186,279,1241
2020/12/21,600,120,131,173,849
2020/12/22,417,74,75,87,448
2020/12/23,489,84,80,105,388
2020/12/24,515,76,62,85,425
2020/12/25,499,91,72,90,351
2020/12/26,520,109,119,129,588
2020/12/27,597,143,184,189,1015
2020/12/28,566,114,154,193,795
2020/12/29,397,54,87,89,354
2020/12/30,532,90,76,99,409
2020/12/31,449,80,66,71,305
2021/1/1,426,104,93,161,675
2021/1/2,549,165,223,318,1342
2021/1/3,476,109,147,192,857
2021/1/4,201,68,85,95,399
2021/1/5,493,97,93,133,518
2021/1/6,339,57,105,116,431
2021/1/7,357,75,56,93,403
2021/1/8,328,70,56,137,450
2021/1/9,489,100,95,154,581
2021/1/10,568,115,156,210,973
2021/1/11,552,145,146,218,758
2021/1/12,274,76,82,92,425
2021/1/13,248,75,79,80,354
2021/1/14,114,6,164,389,-2496
2021/1/15,34231,7722,10171,14306,66049
2021/1/16,5434,1362,1618,2261,9200
2021/1/17,3474,768,924,1227,4998
2021/1/18,2096,392,447,660,2483
2021/1/19,1315,221,227,285,1309
2021/1/20,1215,227,240,305,1185
2021/1/21,1288,262,244,299,1252
2021/1/22,1191,270,283,345,1350
2021/1/23,1192,227,293,316,1325
2021/1/24,1455,283,300,432,1634
2021/1/25,765,156,148,230,959
2021/1/26,925,220,241,317,989
2021/1/27,1286,228,307,395,1537
2021/1/28,973,210,246,340,1047
2021/1/29,906,214,298,327,1206
2021/1/30,950,213,219,320,1235
2021/1/31,938,171,245,328,1003
2021/2/1,800,206,234,302,863
2021/2/2,958,125,183,290,879
2021/2/3,1564,340,323,329,1074
2021/2/4,1124,243,208,222,802
2021/2/5,1544,247,294,328,1012
2021/2/6,1311,245,217,255,907
2021/2/7,1774,296,335,308,1071
2021/2/8,1204,169,254,251,905
2021/2/9,1244,207,303,387,1369
2021/2/10,1270,233,235,354,1230
2021/2/11,1470,236,236,367,1251
2021/2/12,1341,211,288,417,1615
2021/2/13,1362,189,232,339,1215
2021/2/14,1367,244,238,309,1216
2021/2/15,1228,234,239,388,1187
2021/2/16,99,110,137,292,1138
2021/2/17,1181,306,306,393,1365
2021/2/18,940,200,200,282,949
2021/2/19,1022,232,224,238,996
2021/2/20,848,186,225,259,855
2021/2/21,991,184,211,311,1160
2021/2/22,637,149,174,205,914
2021/2/23,643,141,177,227,876
2021/2/24,589,144,145,184,794
2021/2/25,579,98,133,185,774
2021/2/26,595,135,117,246,851
2021/2/27,693,136,166,222,686
2021/2/28,685,176,201,199,914
2021/3/1,641,127,126,202,723
2021/3/2,439,100,77,94,406
2021/3/3,430,56,96,123,394
2021/3/4,186,-21,6,-13,-322
2021/3/5,390,80,64,101,434
2021/3/6,670,137,179,176,680
2021/3/7,928,230,237,335,1445
2021/3/8,750,174,187,258,1142
2021/3/9,532,71,109,121,530
2021/3/10,563,80,69,88,414
2021/3/11,-1333,-4,47,74,260
2021/3/12,185,79,63,104,293
2021/3/13,493,101,127,147,609
2021/3/14,853,149,199,253,1135
2021/3/15,612,143,133,188,730
2021/3/16,494,51,61,103,329
2021/3/17,462,69,74,84,284
2021/3/18,474,43,32,75,274
2021/3/19,504,75,72,51,271
2021/3/20,620,75,85,151,489
2021/3/21,698,136,140,252,1034
2021/3/22,609,110,113,176,672
2021/3/23,254,36,63,64,311
2021/3/24,295,73,74,70,361
2021/3/25,328,24,60,107,406
2021/3/26,333,76,65,65,409
2021/3/27,288,65,56,134,542
2021/3/28,481,111,172,232,1113
2021/3/29,435,84,120,172,796
2021/3/30,260,32,42,82,277
2021/3/31,382,37,56,69,322
2021/4/1,285,44,43,93,309
2021/4/2,265,70,56,96,424
2021/4/3,372,75,96,173,610
2021/4/4,573,150,215,296,1322
2021/4/5,495,107,138,231,945
2021/4/6,457,81,115,143,772
2021/4/7,-306,-140,-142,-282,-1131
2021/4/8,1130,28,140,319,-1464
2021/4/9,27050,5115,7267,10434,46726
2021/4/10,3170,745,1119,1812,6576
2021/4/11,2010,534,709,1187,4786
2021/4/12,1158,236,366,518,2179
2021/4/13,722,119,185,250,872
2021/4/14,575,125,138,131,700
2021/4/15,644,134,185,238,854
2021/4/16,618,119,137,168,861
2021/4/17,555,115,160,271,1083
2021/4/18,661,135,191,340,1454
2021/4/19,558,109,152,216,1016
2021/4/20,392,59,88,137,466
2021/4/21,423,76,56,76,472
2021/4/22,381,49,68,104,480
2021/4/23,339,69,54,104,345
2021/4/24,144,19,22,26,122
2021/4/25,875,170,204,308,1439
2021/4/26,0,0,0,0,0
2021/4/27,613,72,89,125,512
2021/4/28,894,127,128,159,777
2021/4/29,418,66,64,82,405
2021/4/30,347,64,83,92,434
2021/5/1,482,137,135,213,1026
2021/5/2,668,198,221,364,1329
2021/5/3,757,168,156,269,1255
2021/5/4,700,194,203,271,1111
2021/5/5,723,116,157,239,897
2021/5/6,615,159,193,214,738
2021/5/7,394,71,101,101,399
2021/5/8,334,57,89,67,312
2021/5/9,366,66,85,94,385
2021/5/10,566,127,114,163,682
2021/5/11,360,45,78,61,350
2021/5/12,377,73,49,75,262
2021/5/13,390,58,65,68,317
2021/5/14,399,76,56,86,339
2021/5/15,497,99,66,100,456
2021/5/16,585,108,149,205,858
2021/5/17,602,96,84,172,628
2021/5/18,328,55,61,83,313
2021/5/19,421,73,57,94,290
2021/5/20,374,74,47,98,317
2021/5/21,425,69,78,79,340
2021/5/22,514,93,88,108,428
2021/5/23,662,128,156,232,969
2021/5/24,549,94,123,150,665
2021/5/25,343,56,77,74,371
2021/5/26,298,68,46,83,288
2021/5/27,132,7,0,9,8
2021/5/28,462,71,69,75,244
2021/5/29,315,44,36,41,60
2021/5/30,570,137,124,151,848
2021/5/31,572,117,124,168,614
2021/6/1,346,55,63,75,356
2021/6/2,382,48,108,84,424
2021/6/3,491,68,66,82,354
2021/6/4,475,61,49,83,364
2021/6/5,496,109,94,146,522
2021/6/6,781,151,180,234,937
2021/6/7,761,122,155,192,835
2021/6/8,525,86,102,156,510
2021/6/9,438,85,86,135,500
2021/6/10,406,56,79,96,408
2021/6/11,528,79,82,111,439
2021/6/12,471,70,63,87,451
2021/6/13,591,136,111,239,989
2021/6/14,624,109,167,223,941
2021/6/15,618,140,169,186,848
2021/6/16,427,95,47,79,415
2021/6/17,240,18,55,82,241
2021/6/18,447,76,71,93,426
2021/6/19,421,45,62,109,420
2021/6/20,518,88,116,208,711
2021/6/21,434,92,106,134,638
2021/6/22,284,56,60,60,343
2021/6/23,1180,186,232,228,-1465
2021/6/24,25924,5887,7392,9520,39587
2021/6/25,4115,812,956,1178,5008
2021/6/26,1849,505,612,920,3732
2021/6/27,1543,431,575,742,3189
2021/6/28,1144,306,389,495,1988
2021/6/29,839,152,211,313,1142
2021/6/30,750,133,240,258,1072
2021/7/1,1130,215,212,278,1235
2021/7/2,1019,135,172,224,1031
2021/7/3,876,161,150,248,1034
2021/7/4,1121,143,249,285,1064
2021/7/5,953,206,180,245,889
2021/7/6,819,127,140,185,784
2021/7/7,666,127,161,193,794
2021/7/8,648,140,149,216,825
2021/7/9,731,182,183,231,838
2021/7/10,675,116,173,216,691
2021/7/11,727,148,168,230,796
2021/7/12,733,166,183,230,742
2021/7/13,666,191,146,249,756
2021/7/14,766,147,173,193,709
2021/7/15,684,93,158,237,678
2021/7/16,726,155,120,169,710
2021/7/17,704,156,184,228,698
2021/7/18,625,211,170,208,731
2021/7/19,747,131,151,232,782
2021/7/20,556,119,171,189,758
2021/7/21,596,122,123,195,648
2021/7/22,832,113,147,153,570
2021/7/23,989,163,212,214,725
2021/7/24,1032,153,187,224,765
2021/7/25,1049,141,172,272,829
2021/7/26,960,184,157,210,838
2021/7/27,869,133,121,233,844
2021/7/28,759,130,158,246,802
2021/7/29,799,137,171,192,971
2021/7/30,907,140,201,280,855
2021/7/31,825,124,174,193,861
2021/8/1,798,146,166,226,827
2021/8/2,792,161,159,216,801
2021/8/3,878,179,164,186,689
2021/8/4,1192,150,197,224,833
2021/8/5,1226,164,184,166,736
2021/8/6,1217,262,294,330,804
2021/8/7,957,167,162,180,795
2021/8/8,1133,121,174,207,710
2021/8/9,974,150,148,199,807
2021/8/10,949,165,208,204,820
2021/8/11,1024,170,119,238,724
2021/8/12,1155,248,202,257,953
2021/8/13,1354,205,245,323,1091
2021/8/14,962,185,215,252,916
2021/8/15,929,154,201,268,860
2021/8/16,843,163,209,225,828
2021/8/17,867,171,160,238,813
2021/8/18,992,182,166,277,853
2021/8/19,852,175,177,208,805
2021/8/20,933,152,188,294,868
2021/8/21,870,186,159,199,820
2021/8/22,743,159,127,252,683
2021/8/23,934,114,159,189,843
2021/8/24,773,135,142,188,420
2021/8/25,2681,479,528,649,2601
2021/8/26,1088,210,199,256,1008
2021/8/27,1083,167,216,238,959
2021/8/28,994,170,186,261,914
2021/8/29,589,121,148,206,644
2021/8/30,323,104,49,59,326
2021/8/31,574,100,100,102,385
2021/9/1,3675,-121,-276,-508,-2808
2021/9/2,35998,842,-246,-663,-3963
2021/9/3,83731,2964,727,591,4856
2021/9/4,60247,1614,-70,-519,-1400
2021/9/5,79347,2476,609,283,2385
2021/9/6,55615,1878,730,628,5431
2021/9/7,22145,807,351,472,4139
2021/9/8,12928,508,156,174,1868
2021/9/9,8529,348,140,153,1128
2021/9/10,6382,243,66,55,646
2021/9/11,7900,255,37,-13,-282
2021/9/12,13157,567,224,243,1252
2021/9/13,8714,498,228,298,1291
2021/9/14,3274,188,102,107,658
2021/9/15,2379,135,70,117,444
2021/9/16,2497,155,104,83,323
2021/9/17,2183,114,78,44,396
2021/9/18,1511,56,-19,50,-46
2021/9/19,5122,181,96,114,129
2021/9/20,6661,374,206,248,1034
2021/9/21,6005,370,179,259,835
2021/9/22,4409,307,166,191,1009
2021/9/23,15267,1434,1404,1018,3742
2021/9/24,53376,7227,7208,7735,36236
2021/9/25,13231,1832,1478,1619,6458
2021/9/26,8602,1094,934,1028,4447
2021/9/27,3347,356,374,356,1464
2021/9/28,2354,250,206,222,1013
2021/9/29,1878,196,203,217,779
2021/9/30,2640,282,156,181,443
2021/10/1,5224,534,427,428,1499
2021/10/2,6462,690,547,569,2107
2021/10/3,5489,546,367,430,1456
2021/10/4,4257,428,277,332,1215
2021/10/5,3688,272,260,276,868
2021/10/6,3230,302,227,191,778
2021/10/7,2558,249,176,265,662
2021/10/8,1977,139,154,111,488
2021/10/9,2362,202,133,182,776
2021/10/10,3231,203,172,183,849
2021/10/11,3212,260,212,210,1257
2021/10/12,1885,122,108,44,545
2021/10/13,2166,107,82,156,727
2021/10/14,404,-26,-87,-93,-623
2021/10/15,2145,161,63,39,442
2021/10/16,1953,94,137,141,734
2021/10/17,2163,209,182,221,1136
2021/10/18,1605,160,123,139,836
2021/10/19,990,71,51,65,458
2021/10/20,1015,83,66,37,407
2021/10/21,613,55,32,7,172
2021/10/22,2990,172,125,144,685
2021/10/23,1107,113,95,96,618
2021/10/24,1683,157,177,173,1094
2021/10/25,1355,136,84,179,947
2021/10/26,575,71,54,67,324
2021/10/27,697,46,31,58,74
2021/10/28,599,68,42,54,290
2021/10/29,829,119,80,97,314
2021/10/30,909,113,69,77,292
2021/10/31,1642,187,151,199,924
2021/11/1,1154,116,119,147,792
2021/11/2,669,66,76,67,443
2021/11/3,544,64,54,61,214
2021/11/4,604,73,67,67,272
2021/11/5,636,73,60,59,256
2021/11/6,627,114,65,78,323
2021/11/7,1078,138,136,158,773
2021/11/8,1069,119,102,143,641
2021/11/9,553,56,69,48,400
2021/11/10,541,59,70,52,264
2021/11/11,627,49,53,56,225
2021/11/12,654,80,62,75,352
2021/11/13,722,79,81,103,309
2021/11/14,1201,116,147,183,808
2021/11/15,1088,107,118,151,719
2021/11/16,546,74,46,86,190
2021/11/17,574,52,56,66,300
2021/11/18,604,70,80,56,230
2021/11/19,611,36,51,61,333
2021/11/20,524,48,81,56,363
2021/11/21,1036,144,121,146,767
2021/11/22,962,122,108,130,560
2021/11/23,502,75,67,53,255
2021/11/24,503,50,45,56,210
2021/11/25,441,40,36,51,189
2021/11/26,406,59,30,57,387
2021/11/27,658,65,66,62,390
2021/11/28,955,99,138,160,686
2021/11/29,730,85,86,94,501
2021/11/30,471,48,60,48,118
2021/12/1,521,49,54,65,260
2021/12/2,443,53,56,61,276
2021/12/3,426,61,78,58,46
2021/12/4,464,81,74,92,348
2021/12/5,923,109,104,162,780
2021/12/6,723,97,94,133,600
2021/12/7,452,57,58,66,291
2021/12/8,499,48,48,51,265
2021/12/9,451,64,42,74,17
2021/12/10,466,61,61,62,352
2021/12/11,508,54,64,91,405
2021/12/12,935,136,133,155,1111
2021/12/13,741,118,104,140,574
2021/12/14,389,57,60,64,270
2021/12/15,469,70,43,56,326
2021/12/16,415,39,47,65,247
2021/12/17,483,48,73,60,359
2021/12/18,649,57,87,80,484
2021/12/19,986,136,144,152,814
2021/12/20,855,101,97,131,758
2021/12/21,504,65,58,56,414
2021/12/22,477,50,68,58,60
2021/12/23,746,61,58,71,308
2021/12/24,524,63,77,80,369
2021/12/25,489,63,61,76,333
2021/12/26,813,121,93,164,611
2021/12/27,776,84,86,120,545
2021/12/28,483,80,58,67,180
2021/12/29,445,63,64,63,327
2021/12/30,431,59,52,80,301
2021/12/31,464,61,63,79,304
2022/1/1,490,70,96,101,599
2022/1/2,985,152,163,215,820
2022/1/3,809,101,147,146,770
2022/1/4,35,9,9,4,35
2022/1/5,0,0,0,0,0
2022/1/6,0,0,0,0,0
2022/1/7,0,0,0,0,0
2022/1/8,31592,5678,7292,9157,41421
2022/1/9,0,0,0,0,0
2022/1/10,0,0,0,0,0
2022/1/11,8617,1827,1989,2460,10087
2022/1/12,1290,192,194,218,829
2022/1/13,1596,203,247,263,964
2022/1/14,1315,189,187,229,976
2022/1/15,1501,230,249,267,1261
2022/1/16,1461,213,251,325,1210
2022/1/17,1240,167,203,238,1146
2022/1/18,1626,209,203,203,898
2022/1/19,1357,191,163,233,925
2022/1/20,1254,221,197,221,866
2022/1/21,1561,272,225,287,1066
2022/1/22,1348,205,237,231,1167
2022/1/23,1336,221,211,252,1053
2022/1/24,1379,194,203,259,1035
2022/1/25,1297,193,214,270,1046
2022/1/26,1442,238,217,277,1045
2022/1/27,1218,202,219,233,1023
2022/1/28,1400,187,210,246,1018
2022/1/29,1314,245,235,249,1088
2022/1/30,1744,274,231,280,1044
2022/1/31,1440,193,222,254,1028
2022/2/1,1416,240,270,372,1331
2022/2/2,1269,230,229,323,1177
2022/2/3,1142,235,244,356,953
2022/2/4,1113,193,218,289,1087
2022/2/5,1150,179,208,260,1083
2022/2/6,995,188,183,260,751
2022/2/7,1064,171,194,259,945
2022/2/8,-2709,-492,-640,-1028,-14339
2022/2/9,836,142,157,181,729
2022/2/10,792,121,152,204,733
2022/2/11,1005,140,153,230,767
2022/2/12,946,141,153,180,744
2022/2/13,1127,178,171,218,824
2022/2/14,953,150,176,212,780
2022/2/15,1052,168,199,244,965
2022/2/16,856,118,129,215,680
2022/2/17,712,148,106,121,552
2022/2/18,672,124,125,111,486
2022/2/19,753,123,108,143,511
2022/2/20,1274,183,178,233,907
2022/2/21,849,139,100,160,598
2022/2/22,631,95,91,102,366
2022/2/23,685,96,100,109,381
2022/2/24,563,87,71,75,309
2022/2/25,636,95,109,75,404
2022/2/26,696,139,129,145,484
2022/2/27,954,208,168,189,871
2022/2/28,863,142,148,170,690
2022/3/1,553,80,74,75,307
2022/3/2,561,79,75,72,250
2022/3/3,609,79,85,69,364
2022/3/4,565,69,91,96,404
2022/3/5,598,107,76,137,534
2022/3/6,1087,186,170,234,1114
2022/3/7,729,128,117,155,594
2022/3/8,523,55,51,61,344
2022/3/9,548,107,76,103,361
2022/3/10,417,59,48,66,266
2022/3/11,724,106,98,113,505
2022/3/12,584,122,84,103,484
2022/3/13,997,163,147,171,919
2022/3/14,857,112,135,153,694
2022/3/15,545,67,71,99,403
2022/3/16,658,95,108,96,401
2022/3/17,567,86,93,106,379
2022/3/18,782,91,82,102,530
2022/3/19,906,96,129,143,426
2022/3/20,1147,159,166,216,838
2022/3/21,893,106,124,133,584
2022/3/22,1035,108,103,120,539
2022/3/23,797,83,75,85,226
2022/3/24,803,99,78,95,374
2022/3/25,921,134,75,103,389
2022/3/26,1122,163,127,179,664
2022/3/27,1409,218,201,229,1034
2022/3/28,411,102,127,134,622
2022/3/29,-2328,-114,-92,-137,-902
2022/3/30,751,101,120,88,460
2022/3/31,803,76,95,128,544
2022/4/1,782,94,99,163,569
2022/4/2,395,38,56,66,299
2022/4/3,0,0,0,0,0
2022/4/4,0,0,0,0,0
2022/4/5,3296,465,511,672,2646
2022/4/6,0,0,0,0,0
2022/4/7,1389,177,221,228,1032
2022/4/8,760,102,83,116,405
2022/4/9,639,101,77,106,326
2022/4/10,1463,204,217,242,1064
2022/4/11,1509,196,237,303,1102
2022/4/12,0,0,0,0,0
2022/4/13,1390,209,227,216,828
2022/4/14,776,251,433,59,-2068
2022/4/15,50969,8602,10666,12044,47424
2022/4/16,4156,826,1083,1397,5772
2022/4/17,4276,829,1032,1264,5710
2022/4/18,1921,312,356,498,2103
2022/4/19,1168,179,157,225,974
2022/4/20,980,127,149,184,596
2022/4/21,866,119,95,125,517
2022/4/22,0,0,0,0,0
2022/4/23,1588,211,225,233,938
2022/4/24,1727,243,289,335,1298
2022/4/25,1182,134,145,122,368
2022/4/26,248,33,28,34,109
2022/4/27,1621,197,165,170,661
2022/4/28,937,96,81,91,346
2022/4/29,668,101,56,63,88
2022/4/30,1638,194,219,211,772
2022/5/1,1802,291,246,349,1223
2022/5/2,0,0,0,0,0
2022/5/3,3069,420,426,487,1847
2022/5/4,323,84,82,60,82
2022/5/5,1162,157,139,134,516
2022/5/6,0,0,0,0,0
2022/5/7,1723,191,178,208,755
2022/5/8,0,0,0,0,0
2022/5/9,2282,242,244,363,1889
2022/5/10,92,10,10,14,40
2022/5/11,0,0,0,0,0
2022/5/12,1549,110,108,131,464
2022/5/13,1422,99,99,92,283
2022/5/14,806,61,27,30,41
2022/5/15,2337,281,241,235,1096
2022/5/16,1070,82,92,124,457
2022/5/17,425,40,42,27,110
2022/5/18,676,33,26,41,614
2022/5/19,1129,30,34,51,249
2022/5/20,1894,101,114,105,359
2022/5/21,309,22,13,14,51
2022/5/22,1203,99,96,130,518
2022/5/23,1597,165,132,194,723
2022/5/24,949,68,78,70,298
2022/5/25,1371,100,94,88,415
2022/5/26,112,15,7,-1,13
2022/5/27,0,0,0,0,0
2022/5/28,1989,163,172,130,587
2022/5/29,1245,131,113,121,416
2022/5/30,1353,132,135,145,762
2022/5/31,1205,91,99,116,391
2022/6/1,938,79,74,35,277
2022/6/2,0,0,0,0,0
2022/6/3,2073,177,161,193,781
2022/6/4,0,0,0,0,0
2022/6/5,3144,362,362,393,3550
2022/6/6,356,38,27,18,123
2022/6/7,1608,166,144,152,-1716
2022/6/8,839,44,42,46,158
2022/6/9,2034,158,93,78,410
2022/6/10,250,18,29,20,66
2022/6/11,2132,198,161,158,532
2022/6/12,327,38,28,43,208
2022/6/13,1351,145,137,128,521
2022/6/14,1101,111,83,104,297
2022/6/15,183,-49,-64,-99,-706
2022/6/16,0,0,0,0,0
2022/6/17,2193,129,116,96,337
2022/6/18,1102,83,82,60,359
2022/6/19,1575,152,140,163,644
2022/6/20,356,47,47,59,248
2022/6/21,2097,254,191,166,550
2022/6/22,810,53,36,19,63
2022/6/23,2061,102,33,-336,-2984
2022/6/24,40584,4584,4165,2820,10036
2022/6/25,29878,3696,3582,2939,11313
2022/6/26,8761,1212,1275,1157,4502
2022/6/27,5771,753,697,679,2278
2022/6/28,2079,225,195,237,690
2022/6/29,415,47,26,29,144
2022/6/30,1527,168,129,130,565
2022/7/1,2114,183,193,195,559
2022/7/2,1513,182,146,156,511
2022/7/3,0,0,0,0,0
2022/7/4,4344,496,539,472,1549
2022/7/5,2050,219,160,203,550
2022/7/6,1769,197,210,138,609
2022/7/7,1740,214,187,219,777
2022/7/8,1592,159,130,104,571
2022/7/9,1401,192,173,209,579
2022/7/10,1455,182,157,190,1107
2022/7/11,1536,154,169,162,166
2022/7/12,1339,172,145,145,546
2022/7/13,0,0,0,0,0
2022/7/14,2487,255,237,230,883
2022/7/15,1711,166,177,166,617
2022/7/16,1430,174,158,177,545
2022/7/17,72,8,12,3,-73
2022/7/18,3059,335,307,324,1113
2022/7/19,1265,142,145,126,577
2022/7/20,0,0,0,0,0
2022/7/21,1362,137,148,187,530
2022/7/22,1890,171,90,148,618
2022/7/23,0,0,0,0,0
2022/7/24,2640,251,214,244,770
2022/7/25,1782,190,163,166,610
2022/7/26,1260,122,99,117,395
2022/7/27,2198,192,208,191,800
2022/7/28,999,102,86,98,348
2022/7/29,0,0,0,0,0
2022/7/30,1982,212,156,149,583
2022/7/31,2905,298,217,271,952
2022/8/1,1547,154,106,136,473
2022/8/2,0,0,0,0,0
2022/8/3,2219,263,198,167,817
2022/8/4,594,75,36,48,187
2022/8/5,1292,122,107,124,446
2022/8/6,911,90,89,95,202
2022/8/7,1685,166,166,182,583
2022/8/8,1877,195,198,168,693
2022/8/9,516,63,73,71,226
2022/8/10,1315,140,119,123,984
2022/8/11,1180,109,68,103,749
2022/8/12,1898,187,150,174,466
2022/8/13,2723,313,286,238,832
2022/8/14,126,9,5,6,42
2022/8/15,2442,240,235,247,596
2022/8/16,1266,150,133,118,231
2022/8/17,911,114,94,99,214
2022/8/18,1840,180,179,192,642
2022/8/19,1256,127,146,162,537
2022/8/20,1277,130,128,130,491
2022/8/21,968,72,55,38,14
2022/8/22,0,0,0,0,0
2022/8/23,8624,466,231,208,698
2022/8/24,4135,207,91,25,-183
2022/8/25,11310,597,313,273,1306
2022/8/26,744,44,26,19,123
2022/8/27,4380,291,162,161,694
2022/8/28,3234,208,124,152,719
2022/8/29,2363,206,168,154,567
2022/8/30,1925,155,97,115,471
2022/8/31,0,0,0,0,0
2022/9/1,3730,351,265,288,1389
2022/9/2,0,0,0,0,0
2022/9/3,0,0,0,0,0
2022/9/4,6451,534,299,357,1013
2022/9/5,1681,121,115,126,489
2022/9/6,126,13,8,2,38
2022/9/7,1045,85,57,60,233
2022/9/8,1893,115,103,53,923
2022/9/9,117,3,7,1,151
2022/9/10,1859,160,123,131,617
2022/9/11,1479,165,135,161,610
2022/9/12,0,0,0,0,0
2022/9/13,2135,188,170,149,727
2022/9/14,1369,88,75,34,-82
2022/9/15,949,68,-5,-58,-1097
2022/9/16,273,18,12,19,79
2022/9/17,922,-38,-58,-116,-732
2022/9/18,1266,113,94,106,231
2022/9/19,695,68,61,79,328
2022/9/20,979,108,56,71,154
2022/9/21,919,67,60,46,257
2022/9/22,2167,-73,-121,-232,-2530
2022/9/23,39310,3424,2833,2649,8947
2022/9/24,31109,3239,3020,2889,11577
2022/9/25,5256,728,724,866,3415
2022/9/26,4078,546,590,643,2868
2022/9/27,2475,260,310,274,980
2022/9/28,2643,222,169,183,602
2022/9/29,1404,119,90,73,145
2022/9/30,1331,63,86,73,49
2022/10/1,1998,262,221,277,901
2022/10/2,2485,311,313,374,1412
2022/10/3,0,0,0,0,0
2022/10/4,3343,370,343,405,1969
2022/10/5,1870,193,149,133,550
2022/10/6,0,0,0,0,0
2022/10/7,2442,213,219,267,924
2022/10/8,1491,133,107,125,326
2022/10/9,209,31,11,24,99
2022/10/10,1628,154,94,162,-173
2022/10/11,854,106,62,68,142
2022/10/12,0,0,0,0,0
2022/10/13,1800,153,153,133,589
2022/10/14,841,66,70,56,256
2022/10/15,638,40,65,41,142
2022/10/16,1330,140,112,138,536
2022/10/17,0,0,0,0,0
2022/10/18,1728,148,136,130,169
2022/10/19,0,0,0,0,0
2022/10/20,1561,112,103,100,326
2022/10/21,836,83,48,45,185
2022/10/22,0,0,0,0,0
2022/10/23,0,0,0,0,0
2022/10/24,3274,328,246,352,1234
2022/10/25,242,21,12,20,99
2022/10/26,1355,78,69,9,-410
2022/10/27,0,0,0,0,0
2022/10/28,1161,107,98,92,318
2022/10/29,0,0,0,0,0
2022/10/30,3424,385,269,363,1206
2022/10/31,0,0,0,0,0
2022/11/1,1841,191,152,185,865
2022/11/2,0,0,0,0,0
2022/11/3,1333,95,97,102,350
2022/11/4,1104,81,78,84,368
2022/11/5,931,85,77,102,358
2022/11/6,1132,115,113,135,527
2022/11/7,0,0,0,0,0
2022/11/8,1141,104,82,120,293
2022/11/9,644,52,30,49,206
2022/11/10,809,74,60,69,245
2022/11/11,806,96,67,69,318
2022/11/12,1049,104,90,95,419
2022/11/13,1181,145,127,154,644
2022/11/14,0,0,0,0,0
2022/11/15,2414,251,202,243,987
2022/11/16,1333,123,117,131,386
2022/11/17,74,3,5,5,92
2022/11/18,1599,157,102,133,1096
2022/11/19,1140,101,89,113,412
2022/11/20,1304,117,112,138,508
2022/11/21,1088,103,126,106,449
2022/11/22,0,0,0,0,0
2022/11/23,1118,100,82,81,396
2022/11/24,1400,129,118,167,479
2022/11/25,515,20,2,-26,-631
2022/11/26,1433,142,128,159,543
2022/11/27,0,0,0,0,0
2022/11/28,3189,325,294,356,1452
2022/11/29,1229,124,120,119,533
2022/11/30,1205,92,101,117,470
2022/12/1,745,56,65,97,292
2022/12/2,1171,144,107,114,420
2022/12/3,1561,166,161,166,731
2022/12/4,1455,158,143,210,910
2022/12/5,0,0,0,0,0
2022/12/6,1184,111,150,149,621
2022/12/7,1377,150,165,136,809
2022/12/8,1272,166,129,177,771
2022/12/9,950,98,108,102,419
2022/12/10,521,47,39,85,221
2022/12/11,1681,209,210,230,942
2022/12/12,485,65,63,59,275
2022/12/13,769,71,108,73,356
2022/12/14,1054,155,102,129,477
2022/12/15,858,114,88,73,307
2022/12/16,1374,150,110,114,-29
2022/12/17,1250,109,114,104,249
2022/12/18,0,0,0,0,0
2022/12/19,1540,130,140,136,421
2022/12/20,1108,141,113,99,362
2022/12/21,1162,112,115,141,525
2022/12/22,0,0,0,0,0
2022/12/23,4401,471,402,434,1821
2022/12/24,0,0,0,0,0
2022/12/25,3327,327,303,305,739
2022/12/26,0,0,0,0,0
2022/12/27,1904,189,163,162,563
2022/12/28,929,84,79,101,350
2022/12/29,2060,194,181,242,889
2022/12/30,1858,168,162,164,710
2022/12/31,1100,95,111,128,387
2023/1/1,1479,193,180,198,747
2023/1/2,1140,106,91,139,491
2023/1/3,3880,16,43,-350,-3920
2023/1/4,67677,8270,8348,8448,31450
2023/1/5,8632,1088,1074,1066,3837
2023/1/6,2418,378,399,381,1329
2023/1/7,1989,329,293,322,1228
2023/1/8,1784,216,283,283,980
2023/1/9,1342,203,176,242,743
2023/1/10,1104,169,147,140,510
2023/1/11,1120,139,137,127,60
2023/1/12,1895,194,182,188,609
2023/1/13,1669,213,169,166,510
2023/1/14,1877,225,199,211,653
2023/1/15,1873,220,181,193,589
2023/1/16,1647,194,197,213,437
2023/1/17,1453,174,163,192,404
2023/1/18,1345,207,194,220,268
2023/1/19,1683,223,212,220,113
2023/1/20,1589,190,204,168,475
2023/1/21,2210,268,256,245,969
2023/1/22,3041,373,345,359,1416
2023/1/23,1617,188,205,238,721
2023/1/24,1430,234,192,212,882
2023/1/25,1411,199,156,210,700
2023/1/26,1251,168,177,150,626
2023/1/27,941,122,89,151,491
2023/1/28,1433,194,185,144,647
2023/1/29,834,113,106,118,450
2023/1/30,1193,121,129,114,519
2023/1/31,1328,170,170,172,580
2023/2/1,750,88,119,102,423
2023/2/2,-357,-149,-158,-177,-820
2023/2/3,993,101,140,118,354
2023/2/4,500,50,18,43,118
2023/2/5,744,52,-10,27,-245
2023/2/6,974,91,97,79,111
2023/2/7,651,69,56,34,63
2023/2/8,-21,-73,-97,-101,-510
2023/2/9,174,-63,-108,-121,-719
2023/2/10,56,-79,-101,-135,-1135
2023/2/11,524,55,36,77,193
2023/2/12,1312,190,121,172,492
2023/2/13,1030,92,93,96,275
2023/2/14,740,54,54,47,98
2023/2/15,674,46,44,43,130
2023/2/16,582,42,39,45,93
2023/2/17,275,26,19,19,53
2023/2/18,888,67,47,59,-101
2023/2/19,923,109,113,111,424
2023/2/20,904,67,85,100,414
2023/2/21,548,55,42,52,115
2023/2/22,567,34,38,39,160
2023/2/23,572,22,-6,-22,-418
2023/2/24,752,61,49,26,-86
2023/2/25,724,86,79,80,248
2023/2/26,1085,127,117,141,532
2023/2/27,859,89,64,68,-321
2023/2/28,559,47,30,-7,-76
2023/3/1,571,62,47,1,109
2023/3/2,599,47,35,26,-13
2023/3/3,620,67,46,41,91
2023/3/4,977,124,106,114,346
2023/3/5,938,100,74,66,-48
2023/3/6,878,98,65,71,217
2023/3/7,590,43,43,28,-29
2023/3/8,477,21,11,15,-232
2023/3/9,551,50,15,22,-72
2023/3/10,687,34,29,36,-113
2023/3/11,726,48,72,55,2
2023/3/12,1114,136,89,119,287
2023/3/13,965,104,96,104,177
2023/3/14,670,53,51,47,43
2023/3/15,631,53,58,51,46
2023/3/16,584,64,48,48,-11
2023/3/17,765,53,60,21,61
2023/3/18,668,65,38,53,189
2023/3/19,673,93,91,80,222
2023/3/20,742,60,68,73,169
2023/3/21,490,42,17,9,-35
2023/3/22,441,48,31,19,121
2023/3/23,662,69,42,45,200
2023/3/24,558,81,42,46,145
2023/3/25,649,61,71,63,254
2023/3/26,647,85,56,88,297
2023/3/27,678,80,67,74,223
2023/3/28,1047,73,73,81,300
2023/3/29,591,38,36,8,-122
2023/3/30,453,19,15,6,-155
2023/3/31,530,32,17,12,-38
2023/4/1,555,55,36,34,-121
2023/4/2,795,105,66,79,167
2023/4/3,782,79,58,66,171
2023/4/4,376,14,-5,-36,-849
2023/4/5,657,61,71,-6,-723
2023/4/6,817,75,53,51,-392
2023/4/7,431,22,-3,-32,-880
2023/4/8,430,33,2,-61,-770
2023/4/9,709,51,40,28,-419
2023/4/10,478,28,8,-27,-631
2023/4/11,349,16,-13,-27,-943
2023/4/12,220,-12,-31,-54,-880
2023/4/13,436,36,9,-19,-625
2023/4/14,98,-131,-197,-430,-4502
2023/4/15,2761,139,43,-374,-6848
2023/4/16,48441,6532,6239,6097,20778
2023/4/17,5018,661,541,395,-1176
2023/4/18,2465,265,233,239,702
2023/4/19,1687,171,170,164,485
2023/4/20,1343,165,167,160,430
2023/4/21,595,-47,-110,-245,-3681
2023/4/22,247,-97,-129,-242,-3688
2023/4/23,1535,202,196,219,905
2023/4/24,756,8,-79,-243,-3668
2023/4/25,198,-89,-160,-290,-3675
2023/4/26,182,-115,-159,-330,-4001
2023/4/27,-33,-99,-191,-336,-4166
2023/4/28,679,-112,-113,-339,-4100
2023/4/29,1667,203,168,110,-624
2023/4/30,1768,223,220,165,8
2023/5/1,1496,181,196,181,-241
2023/5/2,1300,155,115,116,-264
2023/5/3,535,83,52,67,201
2023/5/4,841,113,90,91,225
2023/5/5,569,65,56,8,-215
2023/5/6,611,58,41,37,-30
2023/5/7,544,39,48,19,23
2023/5/8,1354,141,98,132,351
2023/5/9,608,67,40,30,14
2023/5/10,270,35,10,29,-77
2023/5/11,626,50,28,31,46
2023/5/12,709,55,44,40,106
2023/5/13,807,60,74,66,195
2023/5/14,1118,145,121,125,480
2023/5/15,695,98,93,83,308
2023/5/16,396,39,40,36,80
2023/5/17,878,59,36,6,-370
2023/5/18,522,-36,-21,-90,-1280
2023/5/19,800,60,40,31,-558
2023/5/20,728,67,59,47,60
2023/5/21,246,45,53,40,166
2023/5/22,1473,182,125,71,-1203
2023/5/23,511,-16,-33,-51,-1111
2023/5/24,633,25,39,8,-177
2023/5/25,800,30,44,34,90
2023/5/26,436,-28,-90,-164,-2371
2023/5/27,783,39,42,28,-284
2023/5/28,819,108,105,98,366
2023/5/29,589,78,64,62,-154
2023/5/30,535,28,35,-5,-311
2023/5/31,714,18,11,-20,-747
2023/6/1,536,21,15,-21,-474
2023/6/2,452,32,39,5,-230
2023/6/3,559,5,-10,-59,-1529
2023/6/4,657,24,9,-17,-1219
2023/6/5,411,10,-26,-77,-1241
2023/6/6,732,76,54,38,-226
2023/6/7,1523,-34,-123,-182,-2306
2023/6/8,-410,-275,-402,-687,-7498
2023/6/9,385,-55,-133,-217,-2794
2023/6/10,289,-58,-109,-207,-2670
2023/6/11,661,24,-38,-69,-1391
2023/6/12,617,75,77,91,273
2023/6/13,458,0,-23,-81,-1244
2023/6/14,428,4,-60,-89,-1501
2023/6/15,672,27,43,-11,-482
2023/6/16,487,33,38,-4,-512
2023/6/17,477,35,24,-11,-587
2023/6/18,-1898,-185,-167,-193,-874
2023/6/19,1224,68,20,-35,-1775
2023/6/20,758,83,42,-16,-585
2023/6/21,539,-2,25,-27,-976
2023/6/22,460,39,0,-6,-518
2023/6/23,1256,144,115,68,-169
2023/6/24,889,80,44,1,-869
2023/6/25,886,42,23,9,-1163
2023/6/26,-695,-125,-166,-244,-2132
2023/6/27,1931,45,-69,-254,-2603
2023/6/28,46943,5564,4824,4074,12492
2023/6/29,8574,1141,1016,871,3214
2023/6/30,0,0,0,0,0
2023/7/1,0,0,0,0,0
2023/7/2,0,0,0,0,0
2023/7/3,0,0,0,0,0
2023/7/4,15883,2344,2198,2183,3270
2023/7/5,998,117,37,30,-1112
2023/7/6,1129,137,104,35,-1145
2023/7/7,920,67,45,-12,-1206
2023/7/8,806,67,-26,-49,-2091
2023/7/9,1027,127,60,46,-876
2023/7/10,1040,124,72,66,-523
2023/7/11,1124,168,120,144,116
2023/7/12,1020,101,100,95,81
2023/7/13,951,148,93,77,-117
2023/7/14,1209,112,91,87,253
2023/7/15,1004,112,93,83,-1168
2023/7/16,5639,345,269,295,617
2023/7/17,2457,212,145,144,378
2023/7/18,1744,149,125,138,352
2023/7/19,1541,169,130,112,292
2023/7/20,1683,151,133,199,417
2023/7/21,951,94,66,24,-334
2023/7/22,2805,224,162,154,344
2023/7/23,3043,204,140,157,353
2023/7/24,1780,141,135,143,342
2023/7/25,1678,150,107,113,255
2023/7/26,2224,181,98,134,256
2023/7/27,1767,173,135,103,85
2023/7/28,3048,220,148,128,113
2023/7/29,-5944,-827,-794,-831,-5189
2023/7/30,108654,2696,-41,-291,-2768
2023/7/31,86564,1906,-13,-213,-1818
2023/8/1,72462,1318,-78,-426,-4422
2023/8/2,54425,1126,-49,-354,-4989
2023/8/3,20712,307,-235,-497,-5192
2023/8/4,19070,470,12,-110,-1779
2023/8/5,11334,344,87,56,-94
2023/8/6,7914,209,27,56,-162
2023/8/7,10435,353,151,64,104
2023/8/8,8195,269,108,63,83
2023/8/9,6953,189,4,-3,-182
2023/8/10,5419,166,-152,-189,-1567
2023/8/11,33092,676,29,-118,-906
2023/8/12,31162,676,-36,-106,-1381
2023/8/13,32612,821,112,17,-466
2023/8/14,18955,408,-81,-151,-933
2023/8/15,21077,217,-252,-330,-2518
2023/8/16,59133,1412,106,-82,-1271
2023/8/17,47713,1130,135,14,167
2023/8/18,43057,1075,294,196,954
2023/8/19,20701,634,152,185,541
2023/8/20,11893,386,188,137,351
2023/8/21,9381,276,138,89,193
2023/8/22,8508,270,141,135,342
2023/8/23,6334,212,128,98,346
2023/8/24,5119,178,83,72,266
2023/8/25,4979,193,103,108,356
2023/8/26,3795,124,71,80,303
2023/8/27,2636,137,86,70,176
2023/8/28,2998,116,85,74,196
2023/8/29,2455,106,74,52,234
2023/8/30,2577,137,62,85,248
2023/8/31,2096,98,70,73,232
2023/9/1,1618,67,68,48,222
2023/9/2,1547,89,67,52,165
2023/9/3,1676,113,59,87,279
2023/9/4,1632,99,59,77,230
2023/9/5,1207,56,37,36,84
2023/9/6,1069,54,24,34,76
2023/9/7,1042,40,28,32,84
2023/9/8,1130,32,30,35,54
2023/9/9,1217,57,62,66,103
2023/9/10,1278,100,91,78,313
2023/9/11,1313,85,78,75,233
2023/9/12,916,64,35,60,80
2023/9/13,450,18,-2,-12,-13
2023/9/14,1170,85,56,46,134
2023/9/15,906,64,31,46,102
2023/9/16,950,53,52,57,139
2023/9/17,1179,87,80,95,374
2023/9/18,1168,62,83,79,294
2023/9/19,136,27,1,22,-115
2023/9/20,3048,435,330,135,-786
2023/9/21,40288,4780,4603,4181,15704
2023/9/22,5215,635,617,665,2129
2023/9/23,2678,425,418,523,1536
2023/9/24,4188,672,777,848,2589
2023/9/25,2029,265,286,256,938
2023/9/26,1233,109,120,99,353
2023/9/27,-4406,-331,-199,-250,-5938
2023/9/28,1079,119,117,88,342
2023/9/29,1409,226,269,250,617
2023/9/30,1808,289,295,333,974
2023/10/1,1365,179,193,225,544
2023/10/2,1190,135,167,164,453
2023/10/3,1041,102,122,133,413
2023/10/4,1122,121,124,79,429
2023/10/5,868,89,71,40,-194
2023/10/6,967,95,74,70,77
2023/10/7,776,62,53,58,134
2023/10/8,634,45,43,38,-38
2023/10/9,595,27,37,26,-41
2023/10/10,668,60,36,34,73
2023/10/11,485,43,19,32,48
2023/10/12,674,55,38,3,31
2023/10/13,739,40,44,37,133
2023/10/14,657,63,57,40,147
2023/10/15,803,96,99,91,298
2023/10/16,817,66,75,61,245
2023/10/17,518,40,33,48,82
2023/10/18,619,39,45,39,108
2023/10/19,583,33,28,36,79
2023/10/20,722,34,44,54,148
2023/10/21,592,58,36,41,50
2023/10/22,622,41,60,68,266
2023/10/23,680,60,86,63,244
2023/10/24,726,40,37,27,96
2023/10/25,595,34,23,30,75
2023/10/26,0,0,0,0,0
2023/10/27,1150,74,59,60,134
2023/10/28,647,42,35,31,114
2023/10/29,0,0,0,0,0
2023/10/30,1293,120,155,113,540
2023/10/31,8738,83,33,22,-82
2023/11/1,3552,62,38,41,146
2023/11/2,1609,58,60,47,136
2023/11/3,962,28,46,16,76
2023/11/4,1377,56,63,45,162
2023/11/5,1871,55,74,72,274
2023/11/6,1251,70,57,53,299
2023/11/7,977,45,23,42,89
2023/11/8,954,19,33,36,89
2023/11/9,692,34,15,33,130
2023/11/10,980,43,9,13,-508
2023/11/11,959,54,50,57,221
2023/11/12,869,73,55,60,329
2023/11/13,1034,65,61,68,274
2023/11/14,700,25,26,31,129
2023/11/15,676,26,8,-1,63
2023/11/16,695,20,22,10,75
2023/11/17,750,28,25,22,136
2023/11/18,736,27,47,15,112
2023/11/19,1119,78,77,71,313
2023/11/20,948,55,51,63,259
2023/11/21,737,35,26,38,102
2023/11/22,776,38,24,14,12
2023/11/23,662,18,31,32,68
2023/11/24,1045,52,50,37,145
2023/11/25,997,45,-39,-33,69
2023/11/26,1154,72,53,86,282
2023/11/27,1000,58,45,60,242
2023/11/28,608,19,15,9,28
2023/11/29,738,21,19,16,60
2023/11/30,999,35,35,14,91
2023/12/1,1070,30,23,19,90
2023/12/2,778,38,11,23,120
2023/12/3,999,79,91,85,271
2023/12/4,852,50,47,60,251
2023/12/5,834,30,14,10,43
2023/12/6,787,23,30,10,84
2023/12/7,636,27,38,-13,-35
2023/12/8,653,34,22,4,126
2023/12/9,984,52,31,21,60
2023/12/10,1007,53,62,79,271
2023/12/11,962,56,54,50,202
2023/12/12,737,39,0,-6,17
2023/12/13,833,44,14,15,101
2023/12/14,531,14,6,10,-96
2023/12/15,207,-27,-19,-37,-126
2023/12/16,-595,-94,-58,-45,-253
2023/12/17,1053,59,54,79,300
2023/12/18,885,64,51,66,229
2023/12/19,736,42,25,13,110
2023/12/20,667,30,21,20,106
2023/12/21,880,36,39,17,164
2023/12/22,674,39,13,25,132
2023/12/23,738,40,37,23,113
2023/12/24,697,48,48,73,299
2023/12/25,837,48,57,60,222
2023/12/26,590,23,24,35,104
2023/12/27,580,21,39,10,85
2023/12/28,621,41,13,25,108
2023/12/29,716,35,13,18,115
2023/12/30,652,43,17,38,85
2023/12/31,929,44,63,88,357
2024/1/1,823,63,76,60,323
2024/1/2,764,59,55,59,238
2024/1/3,221,6,18,9,54
2024/1/4,6960,236,303,96,-167
2024/1/5,40753,3543,3250,2742,12982
2024/1/6,5116,615,609,591,2502
2024/1/7,3925,412,481,492,1830
2024/1/8,2238,209,214,215,924
2024/1/9,1447,97,95,-69,-27
2024/1/10,894,62,74,77,248
2024/1/11,1084,82,66,-47,-295
2024/1/12,1240,82,65,14,103
2024/1/13,1196,113,120,81,192
2024/1/14,1289,87,106,101,497
2024/1/15,1143,87,109,88,405
2024/1/16,388,39,45,45,168
2024/1/17,813,61,40,44,180
2024/1/18,416,23,33,56,75
2024/1/19,1591,77,87,66,273
2024/1/20,1037,51,70,82,272
2024/1/21,1169,74,86,99,358
2024/1/22,1344,-10,42,-55,-495
2024/1/23,14104,1262,1139,934,4286
2024/1/24,5923,578,526,447,1951
2024/1/25,3042,222,310,168,836
2024/1/26,5103,537,476,467,1606
2024/1/27,-883,10,-24,-93,-247
2024/1/28,2808,254,251,284,1116
2024/1/29,2161,196,188,193,674
2024/1/30,1322,108,91,87,450
2024/1/31,1346,107,-345,-243,-1172
2024/2/1,1562,98,-542,-424,-1158
2024/2/2,1583,95,2,-21,97
2024/2/3,-976,-204,113,87,325
2024/2/4,1498,88,89,118,394
2024/2/5,1410,86,96,109,354
2024/2/6,1155,85,63,99,281
2024/2/7,1475,101,116,107,360
2024/2/8,1413,117,92,110,312
2024/2/9,1630,89,105,117,326
2024/2/10,1176,101,91,94,483
2024/2/11,670,60,46,59,231
2024/2/12,1048,101,79,110,368
2024/2/13,778,42,49,72,194
2024/2/14,948,92,21,30,123
2024/2/15,959,85,80,67,253
2024/2/16,266,-58,-57,-69,-344
2024/2/17,837,58,67,64,230
2024/2/18,840,63,59,62,237
2024/2/19,803,52,50,56,232
2024/2/20,855,49,37,46,215
2024/2/21,974,63,41,47,197
2024/2/22,891,49,40,40,207
2024/2/23,580,32,42,31,186
2024/2/24,1270,64,52,60,291
2024/2/25,871,44,39,53,313
2024/2/26,713,36,23,25,226
2024/2/27,536,27,23,20,146
2024/2/28,505,20,22,19,94
2024/2/29,528,30,21,5,94
2024/3/1,556,8,15,-14,-250
2024/3/2,559,27,23,24,123
2024/3/3,766,54,40,77,377
2024/3/4,784,33,25,49,243
2024/3/5,463,11,14,17,92
2024/3/6,445,26,27,14,112
2024/3/7,601,10,16,16,81
2024/3/8,532,17,32,11,86
2024/3/9,710,27,27,15,139
2024/3/10,913,40,52,67,374
2024/3/11,769,31,46,49,307
2024/3/12,-858,-85,-66,-79,-407
2024/3/13,376,24,20,14,34
2024/3/14,658,11,31,23,69
2024/3/15,599,12,12,15,93
2024/3/16,426,25,19,29,161
2024/3/17,719,43,46,63,325
2024/3/18,673,42,55,34,250
2024/3/19,401,13,13,15,114
2024/3/20,693,25,30,18,161
2024/3/21,456,39,15,16,124
2024/3/22,523,25,31,23,166
2024/3/23,741,48,34,37,211
2024/3/24,771,63,80,66,381
2024/3/25,858,57,58,60,333
2024/3/26,620,26,20,29,156
2024/3/27,619,18,24,5,139
2024/3/28,920,-10,69,-161,-1130
2024/3/29,40464,3563,3843,3414,16306
2024/3/30,5059,570,701,755,3754
2024/3/31,2995,310,385,460,2454
2024/4/1,1844,168,193,247,1085
2024/4/2,1109,79,83,93,441
2024/4/3,1049,89,62,67,399
2024/4/4,1397,124,128,138,822
2024/4/5,1508,174,130,182,949
2024/4/6,1241,59,106,98,571
2024/4/7,376,24,42,36,255
2024/4/8,849,50,49,57,281
2024/4/9,1103,45,39,47,280
2024/4/10,713,40,34,23,149
2024/4/11,529,23,23,17,119
2024/4/12,640,24,33,28,111
2024/4/13,776,56,29,26,192
2024/4/14,767,76,66,81,150
2024/4/15,946,45,50,61,312
2024/4/16,772,37,22,31,140
2024/4/17,842,42,30,24,156
2024/4/18,644,20,31,19,108
2024/4/19,525,5,21,9,9
2024/4/20,675,27,25,23,189
2024/4/21,755,46,55,50,364
2024/4/22,936,32,43,49,327
2024/4/23,464,21,22,16,113
2024/4/24,613,24,16,10,119
2024/4/25,592,36,20,19,124
2024/4/26,586,35,26,22,100
2024/4/27,762,30,18,29,122
2024/4/28,811,44,38,50,275
2024/4/29,654,29,26,26,125
2024/4/30,667,59,36,48,149
2024/5/1,622,41,35,45,216
2024/5/2,734,120,89,98,371
2024/5/3,692,48,60,68,255
2024/5/4,733,45,49,84,306
2024/5/5,701,51,55,72,353
2024/5/6,643,34,52,65,219
2024/5/7,383,19,18,30,98
2024/5/8,421,23,38,13,104
2024/5/9,0,0,0,0,0
2024/5/10,1185,58,72,37,254
2024/5/11,492,30,29,37,75
2024/5/12,645,43,36,45,155
2024/5/13,784,54,63,37,229
2024/5/14,528,28,17,19,58
2024/5/15,629,17,23,23,121
2024/5/16,497,15,33,18,63
2024/5/17,511,11,12,10,14
2024/5/18,703,79,65,50,138
2024/5/19,891,57,52,47,278
2024/5/20,698,36,46,46,281
2024/5/21,602,40,24,22,105
2024/5/22,637,13,12,12,81
2024/5/23,567,24,18,15,105
2024/5/24,810,36,31,48,139
2024/5/25,636,44,18,28,112
2024/5/26,646,61,28,46,237
2024/5/27,720,56,57,59,228
2024/5/28,534,33,25,28,112
2024/5/29,-680,-8,19,12,46
2024/5/30,621,13,14,28,122
2024/5/31,732,39,32,35,106
2024/6/1,388,57,22,43,128
2024/6/2,811,58,46,57,272
2024/6/3,742,46,29,42,269
2024/6/4,480,29,21,13,78
2024/6/5,528,24,12,18,36
2024/6/6,549,30,32,24,108
2024/6/7,473,27,21,22,100
2024/6/8,510,20,39,38,150
2024/6/9,693,69,52,69,273
2024/6/10,821,46,59,47,299
2024/6/11,757,36,50,53,163
2024/6/12,414,25,21,17,86
2024/6/13,565,22,20,13,66
2024/6/14,664,17,36,24,69
2024/6/15,540,25,46,28,67
2024/6/16,631,38,39,41,212
2024/6/17,744,38,47,46,224
2024/6/18,571,22,28,28,109
2024/6/19,658,31,36,28,140
2024/6/20,624,31,32,19,151
2024/6/21,754,48,31,34,156
2024/6/22,661,34,48,46,201
2024/6/23,976,72,75,91,272
2024/6/24,793,30,60,51,291
2024/6/25,732,45,32,22,134
2024/6/26,517,18,22,16,72
2024/6/27,444,-50,1,-305,-1193
2024/6/28,38375,3351,3704,2718,12351
2024/6/29,6219,521,653,583,2540
2024/6/30,3288,287,294,335,1328
2024/7/1,2609,238,210,236,901
2024/7/2,1691,141,134,-232,-732
2024/7/3,1461,122,102,68,200
2024/7/4,1481,80,102,69,329
2024/7/5,1664,79,91,59,252
2024/7/6,1798,126,108,101,369
2024/7/7,1473,121,91,117,341
2024/7/8,1515,124,99,64,333
2024/7/9,1298,78,81,41,168
2024/7/10,1334,65,68,58,216
2024/7/11,1359,84,60,62,286
2024/7/12,1346,84,106,83,251
2024/7/13,1422,89,102,95,366
2024/7/14,1443,79,90,88,398
2024/7/15,1415,62,73,87,388
2024/7/16,1262,83,72,30,186
2024/7/17,522,27,40,29,133
2024/7/18,2068,127,84,79,385
2024/7/19,1997,110,108,87,421
2024/7/20,1195,75,76,96,328
2024/7/21,1098,53,62,69,256
2024/7/22,1053,69,49,52,306
2024/7/23,971,62,57,50,244
2024/7/24,1098,45,73,60,229
2024/7/25,989,39,57,62,200
2024/7/26,1036,58,64,71,239
2024/7/27,1055,118,121,100,186
2024/7/28,1279,89,82,93,276
2024/7/29,673,29,31,37,180
2024/7/30,1143,68,68,66,294
2024/7/31,1415,63,47,71,229
2024/8/1,701,43,25,41,193
2024/8/2,1035,28,82,57,241
2024/8/3,1053,64,40,46,186
2024/8/4,1041,62,47,57,228
2024/8/5,1117,67,31,51,261
2024/8/6,1134,78,49,61,234
2024/8/7,728,39,35,45,184
2024/8/8,1210,25,34,31,20
2024/8/9,1036,79,62,52,275
2024/8/10,1058,77,60,55,270
2024/8/11,976,50,64,54,226
2024/8/12,978,64,43,52,138
2024/8/13,856,82,56,63,213
2024/8/14,1444,74,61,77,347
2024/8/15,1133,59,53,30,244
2024/8/16,1120,68,48,80,225
2024/8/17,1302,85,60,41,108
2024/8/18,1120,43,42,20,49
2024/8/19,1130,59,46,61,274
2024/8/20,946,50,58,47,250
2024/8/21,-615,46,33,50,201
2024/8/22,1018,47,64,64,225
2024/8/23,1082,58,52,74,241
2024/8/24,553,35,41,35,177
2024/8/25,1115,67,101,71,309
2024/8/26,1069,70,60,78,378
2024/8/27,1167,69,76,46,335
2024/8/28,873,68,57,66,192
2024/8/29,968,66,38,40,266
2024/8/30,947,55,75,59,352
2024/8/31,703,53,49,68,272
2024/9/1,851,49,60,56,257
2024/9/2,682,29,47,40,258
2024/9/3,515,43,36,31,123
2024/9/4,318,15,18,5,67
2024/9/5,-25,-44,-95,-85,-422
2024/9/6,498,17,13,14,29
2024/9/7,744,53,45,25,141
2024/9/8,404,47,33,49,232
2024/9/9,731,37,53,74,294
2024/9/10,518,26,27,20,102
2024/9/11,418,20,21,31,47
2024/9/12,449,16,34,22,84
2024/9/13,436,19,18,32,92
2024/9/14,472,20,42,26,145
2024/9/15,540,60,64,29,233
2024/9/16,790,54,66,91,455
2024/9/17,824,91,62,100,434
2024/9/18,726,55,61,82,347
2024/9/19,320,26,18,15,79
2024/9/20,599,36,37,41,166
2024/9/21,503,34,44,28,169
2024/9/22,791,61,50,73,302
2024/9/23,834,61,63,61,353
2024/9/24,642,25,51,20,133
2024/9/25,406,44,-81,-153,-1126
2024/9/26,35743,3012,3359,2519,12260
2024/9/27,3887,334,418,380,1670
2024/9/28,2271,284,433,550,2078
2024/9/29,1562,216,353,362,1586
2024/9/30,1068,121,160,173,605
2024/10/1,1093,118,198,270,1082
2024/10/2,1706,213,298,247,1161
2024/10/3,1048,117,141,169,633
2024/10/4,396,41,65,-7,35
2024/10/5,1199,65,113,91,-258
2024/10/6,802,56,54,39,-54
2024/10/7,722,45,63,62,376
2024/10/8,533,2,-16,-56,-873
2024/10/9,164,-12,-29,-43,-524
2024/10/10,743,42,50,56,187
2024/10/11,598,48,31,16,96
2024/10/12,569,30,32,24,163
2024/10/13,955,66,61,67,287
2024/10/14,799,72,56,64,351
2024/10/15,541,15,9,12,33
2024/10/16,296,6,20,-5,-52
2024/10/17,831,25,29,-2,-76
2024/10/18,681,60,35,26,160
2024/10/19,606,33,32,44,239
2024/10/20,765,58,76,66,413
2024/10/21,770,32,42,58,329
2024/10/22,527,29,28,22,87
2024/10/23,485,31,19,17,130
2024/10/24,339,9,12,8,70
2024/10/25,772,45,28,34,146
2024/10/26,599,31,20,25,198
2024/10/27,447,58,59,61,308
2024/10/28,1074,100,99,88,489
2024/10/29,345,34,19,26,134
2024/10/30,404,23,30,22,64
2024/10/31,440,27,40,19,115
2024/11/1,389,24,9,14,56
2024/11/2,469,27,28,43,59
2024/11/3,433,42,46,57,291
2024/11/4,750,48,44,58,243
2024/11/5,528,23,24,26,85
2024/11/6,607,3,20,18,134
2024/11/7,472,22,17,-13,-9
2024/11/8,471,14,22,29,146
2024/11/9,228,11,-5,3,-106
2024/11/10,606,35,16,-28,-605
2024/11/11,1010,76,79,104,538
2024/11/12,722,32,40,49,207
2024/11/13,186,14,18,9,48
2024/11/14,584,41,35,48,230
2024/11/15,0,0,0,0,0
2024/11/16,1399,86,63,83,444
2024/11/17,586,57,95,148,1261
2024/11/18,1125,79,116,129,712
2024/11/19,720,40,36,26,99
2024/11/20,540,6,29,35,108
2024/11/21,314,16,6,10,35
2024/11/22,938,38,54,58,261
2024/11/23,-425,-20,-18,-29,-96
2024/11/24,879,68,98,107,483
2024/11/25,705,44,49,66,402
2024/11/26,429,19,24,38,181
2024/11/27,-447,-15,-26,-13,-122
2024/11/28,535,17,17,-16,-344
2024/11/29,699,28,48,35,132
2024/11/30,117,6,13,9,34
2024/12/1,1032,66,97,122,721
2024/12/2,393,19,37,63,309
2024/12/3,855,52,92,48,376
2024/12/4,552,36,29,21,155
2024/12/5,529,17,47,38,156
2024/12/6,556,31,26,25,180
2024/12/7,602,25,46,57,259
2024/12/8,594,58,66,84,423
2024/12/9,760,52,56,54,340
2024/12/10,537,30,29,39,134
2024/12/11,185,6,6,8,40
2024/12/12,321,13,18,18,85
2024/12/13,952,36,46,61,299
2024/12/14,789,32,37,32,274
2024/12/15,348,30,39,49,223
2024/12/16,431,29,24,55,244
2024/12/17,943,64,79,62,369
2024/12/18,587,26,30,30,48
2024/12/19,551,23,21,7,186
2024/12/20,527,30,36,21,141
2024/12/21,510,42,47,30,87
2024/12/22,479,45,38,51,252
2024/12/23,945,55,55,45,207
2024/12/24,345,24,34,21,80
2024/12/25,-348,9,88,-49,-575
2024/12/26,37404,3596,4130,3303,16272
2024/12/27,4331,459,546,358,1983
2024/12/28,3409,374,464,564,2457
2024/12/29,2380,235,352,382,1741
2024/12/30,2435,157,211,231,1056
2024/12/31,1366,104,116,-8,48
